[?2026h[?25l[1Gpulling manifest ⠋ [K[?25h[?2026l[?2026h[?25l[1Gpulling manifest ⠙ [K[?25h[?2026l[?2026h[?25l[1Gpulling manifest ⠹ [K[?25h[?2026l[?2026h[?25l[1Gpulling manifest ⠸ [K[?25h[?2026l[?2026h[?25l[1Gpulling manifest ⠼ [K[?25h[?2026l[?2026h[?25l[1Gpulling manifest ⠴ [K[?25h[?2026l[?2026h[?25l[1Gpulling manifest ⠦ [K[?25h[?2026l[?2026h[?25l[1Gpulling manifest ⠧ [K[?25h[?2026l[?2026h[?25l[1Gpulling manifest ⠇ [K[?25h[?2026l[?2026h[?25l[1Gpulling manifest ⠏ [K[?25h[?2026l[?2026h[?25l[1Gpulling manifest ⠋ [K[?25h[?2026l[?2026h[?25l[1Gpulling manifest ⠙ [K[?25h[?2026l[?2026h[?25l[1Gpulling manifest [K
pulling a99b7f834d75:   0% ▕                  ▏ 6.4 MB/6.0 GB                  [K[?25h[?2026l[?2026h[?25l[A[1Gpulling manifest [K
pulling a99b7f834d75:   0% ▕                  ▏  18 MB/6.0 GB                  [K[?25h[?2026l[?2026h[?25l[A[1Gpulling manifest [K
pulling a99b7f834d75:   0% ▕                  ▏  24 MB/6.0 GB                  [K[?25h[?2026l[?2026h[?25l[A[1Gpulling manifest [K
pulling a99b7f834d75:   1% ▕                  ▏  35 MB/6.0 GB                  [K[?25h[?2026l[?2026h[?25l[A[1Gpulling manifest [K
pulling a99b7f834d75:   1% ▕                  ▏  47 MB/6.0 GB                  [K[?25h[?2026l[?2026h[?25l[A[1Gpulling manifest [K
pulling a99b7f834d75:   1% ▕                  ▏  53 MB/6.0 GB                  [K[?25h[?2026l[?2026h[?25l[A[1Gpulling manifest [K
pulling a99b7f834d75:   1% ▕                  ▏  63 MB/6.0 GB                  [K[?25h[?2026l[?2026h[?25l[A[1Gpulling manifest [K
pulling a99b7f834d75:   1% ▕                  ▏  73 MB/6.0 GB                  [K[?25h[?2026l[?2026h[?25l[A[1Gpulling manifest [K
pulling a99b7f834d75:   1% ▕                  ▏  78 MB/6.0 GB                  [K[?25h[?2026l[?2026h[?25l[A[1Gpulling manifest [K
pulling a99b7f834d75:   1% ▕                  ▏  89 MB/6.0 GB                  [K[?25h[?2026l[?2026h[?25l[A[1Gpulling manifest [K
pulling a99b7f834d75:   2% ▕                  ▏ 100 MB/6.0 GB   93 MB/s    1m2s[K[?25h[?2026l[?2026h[?25l[A[1Gpulling manifest [K
pulling a99b7f834d75:   2% ▕                  ▏ 106 MB/6.0 GB   93 MB/s    1m2s[K[?25h[?2026l[?2026h[?25l[A[1Gpulling manifest [K
pulling a99b7f834d75:   2% ▕                  ▏ 117 MB/6.0 GB   93 MB/s    1m2s[K[?25h[?2026l[?2026h[?25l[A[1Gpulling manifest [K
pulling a99b7f834d75:   2% ▕                  ▏ 128 MB/6.0 GB   93 MB/s    1m2s[K[?25h[?2026l[?2026h[?25l[A[1Gpulling manifest [K
pulling a99b7f834d75:   2% ▕                  ▏ 134 MB/6.0 GB   93 MB/s    1m2s[K[?25h[?2026l[?2026h[?25l[A[1Gpulling manifest [K
pulling a99b7f834d75:   2% ▕                  ▏ 145 MB/6.0 GB   93 MB/s    1m2s[K[?25h[?2026l[?2026h[?25l[A[1Gpulling manifest [K
pulling a99b7f834d75:   3% ▕                  ▏ 156 MB/6.0 GB   93 MB/s    1m2s[K[?25h[?2026l[?2026h[?25l[A[1Gpulling manifest [K
pulling a99b7f834d75:   3% ▕                  ▏ 162 MB/6.0 GB   93 MB/s    1m2s[K[?25h[?2026l[?2026h[?25l[A[1Gpulling manifest [K
pulling a99b7f834d75:   3% ▕                  ▏ 173 MB/6.0 GB   93 MB/s    1m2s[K[?25h[?2026l[?2026h[?25l[A[1Gpulling manifest [K
pulling a99b7f834d75:   3% ▕                  ▏ 184 MB/6.0 GB   93 MB/s    1m1s[K[?25h[?2026l[?2026h[?25l[A[1Gpulling manifest [K
pulling a99b7f834d75:   3% ▕                  ▏ 189 MB/6.0 GB   94 MB/s    1m1s[K[?25h[?2026l[?2026h[?25l[A[1Gpulling manifest [K
pulling a99b7f834d75:   3% ▕                  ▏ 199 MB/6.0 GB   94 MB/s    1m1s[K[?25h[?2026l[?2026h[?25l[A[1Gpulling manifest [K
pulling a99b7f834d75:   4% ▕                  ▏ 210 MB/6.0 GB   94 MB/s    1m1s[K[?25h[?2026l[?2026h[?25l[A[1Gpulling manifest [K
pulling a99b7f834d75:   4% ▕                  ▏ 216 MB/6.0 GB   94 MB/s    1m1s[K[?25h[?2026l[?2026h[?25l[A[1Gpulling manifest [K
pulling a99b7f834d75:   4% ▕                  ▏ 227 MB/6.0 GB   94 MB/s    1m0s[K[?25h[?2026l[?2026h[?25l[A[1Gpulling manifest [K
pulling a99b7f834d75:   4% ▕                  ▏ 236 MB/6.0 GB   94 MB/s    1m0s[K[?25h[?2026l[?2026h[?25l[A[1Gpulling manifest [K
pulling a99b7f834d75:   4% ▕                  ▏ 240 MB/6.0 GB   94 MB/s    1m0s[K[?25h[?2026l[?2026h[?25l[A[1Gpulling manifest [K
pulling a99b7f834d75:   4% ▕                  ▏ 248 MB/6.0 GB   94 MB/s    1m0s[K[?25h[?2026l[?2026h[?25l[A[1Gpulling manifest [K
pulling a99b7f834d75:   4% ▕                  ▏ 255 MB/6.0 GB   94 MB/s    1m0s[K[?25h[?2026l[?2026h[?25l[A[1Gpulling manifest [K
pulling a99b7f834d75:   4% ▕                  ▏ 259 MB/6.0 GB   94 MB/s    1m0s[K[?25h[?2026l[?2026h[?25l[A[1Gpulling manifest [K
pulling a99b7f834d75:   4% ▕                  ▏ 267 MB/6.0 GB   88 MB/s    1m4s[K[?25h[?2026l[?2026h[?25l[A[1Gpulling manifest [K
pulling a99b7f834d75:   5% ▕                  ▏ 275 MB/6.0 GB   88 MB/s    1m4s[K[?25h[?2026l[?2026h[?25l[A[1Gpulling manifest [K
pulling a99b7f834d75:   5% ▕                  ▏ 279 MB/6.0 GB   88 MB/s    1m4s[K[?25h[?2026l[?2026h[?25l[A[1Gpulling manifest [K
pulling a99b7f834d75:   5% ▕                  ▏ 286 MB/6.0 GB   88 MB/s    1m4s[K[?25h[?2026l[?2026h[?25l[A[1Gpulling manifest [K
pulling a99b7f834d75:   5% ▕                  ▏ 294 MB/6.0 GB   88 MB/s    1m4s[K[?25h[?2026l[?2026h[?25l[A[1Gpulling manifest [K
pulling a99b7f834d75:   5% ▕                  ▏ 298 MB/6.0 GB   88 MB/s    1m3s[K[?25h[?2026l[?2026h[?25l[A[1Gpulling manifest [K
pulling a99b7f834d75:   5% ▕                  ▏ 304 MB/6.0 GB   88 MB/s    1m3s[K[?25h[?2026l[?2026h[?25l[A[1Gpulling manifest [K
pulling a99b7f834d75:   5% ▕                  ▏ 313 MB/6.0 GB   88 MB/s    1m3s[K[?25h[?2026l[?2026h[?25l[A[1Gpulling manifest [K
pulling a99b7f834d75:   5% ▕                  ▏ 316 MB/6.0 GB   88 MB/s    1m3s[K[?25h[?2026l[?2026h[?25l[A[1Gpulling manifest [K
pulling a99b7f834d75:   5% ▕                  ▏ 323 MB/6.0 GB   88 MB/s    1m3s[K[?25h[?2026l[?2026h[?25l[A[1Gpulling manifest [K
pulling a99b7f834d75:   6% ▕                  ▏ 330 MB/6.0 GB   82 MB/s    1m8s[K[?25h[?2026l[?2026h[?25l[A[1Gpulling manifest [K
pulling a99b7f834d75:   6% ▕█                 ▏ 334 MB/6.0 GB   82 MB/s    1m8s[K[?25h[?2026l[?2026h[?25l[A[1Gpulling manifest [K
pulling a99b7f834d75:   6% ▕█                 ▏ 340 MB/6.0 GB   82 MB/s    1m8s[K[?25h[?2026l[?2026h[?25l[A[1Gpulling manifest [K
pulling a99b7f834d75:   6% ▕█                 ▏ 345 MB/6.0 GB   82 MB/s    1m8s[K[?25h[?2026l[?2026h[?25l[A[1Gpulling manifest [K
pulling a99b7f834d75:   6% ▕█                 ▏ 348 MB/6.0 GB   82 MB/s    1m8s[K[?25h[?2026l[?2026h[?25l[A[1Gpulling manifest [K
pulling a99b7f834d75:   6% ▕█                 ▏ 353 MB/6.0 GB   82 MB/s    1m8s[K[?25h[?2026l[?2026h[?25l[A[1Gpulling manifest [K
pulling a99b7f834d75:   6% ▕█                 ▏ 358 MB/6.0 GB   82 MB/s    1m8s[K[?25h[?2026l[?2026h[?25l[A[1Gpulling manifest [K
pulling a99b7f834d75:   6% ▕█                 ▏ 361 MB/6.0 GB   82 MB/s    1m8s[K[?25h[?2026l[?2026h[?25l[A[1Gpulling manifest [K
pulling a99b7f834d75:   6% ▕█                 ▏ 367 MB/6.0 GB   82 MB/s    1m8s[K[?25h[?2026l[?2026h[?25l[A[1Gpulling manifest [K
pulling a99b7f834d75:   6% ▕█                 ▏ 375 MB/6.0 GB   82 MB/s    1m7s[K[?25h[?2026l[?2026h[?25l[A[1Gpulling manifest [K
pulling a99b7f834d75:   6% ▕█                 ▏ 378 MB/6.0 GB   82 MB/s    1m7s[K[?25h[?2026l[?2026h[?25l[A[1Gpulling manifest [K
pulling a99b7f834d75:   6% ▕█                 ▏ 385 MB/6.0 GB   76 MB/s   1m13s[K[?25h[?2026l[?2026h[?25l[A[1Gpulling manifest [K
pulling a99b7f834d75:   7% ▕█                 ▏ 391 MB/6.0 GB   76 MB/s   1m13s[K[?25h[?2026l[?2026h[?25l[A[1Gpulling manifest [K
pulling a99b7f834d75:   7% ▕█                 ▏ 395 MB/6.0 GB   76 MB/s   1m13s[K[?25h[?2026l[?2026h[?25l[A[1Gpulling manifest [K
pulling a99b7f834d75:   7% ▕█                 ▏ 402 MB/6.0 GB   76 MB/s   1m13s[K[?25h[?2026l[?2026h[?25l[A[1Gpulling manifest [K
pulling a99b7f834d75:   7% ▕█                 ▏ 409 MB/6.0 GB   76 MB/s   1m12s[K[?25h[?2026l[?2026h[?25l[A[1Gpulling manifest [K
pulling a99b7f834d75:   7% ▕█                 ▏ 412 MB/6.0 GB   76 MB/s   1m12s[K[?25h[?2026l[?2026h[?25l[A[1Gpulling manifest [K
pulling a99b7f834d75:   7% ▕█                 ▏ 420 MB/6.0 GB   76 MB/s   1m12s[K[?25h[?2026l[?2026h[?25l[A[1Gpulling manifest [K
pulling a99b7f834d75:   7% ▕█                 ▏ 429 MB/6.0 GB   76 MB/s   1m12s[K[?25h[?2026l[?2026h[?25l[A[1Gpulling manifest [K
pulling a99b7f834d75:   7% ▕█                 ▏ 433 MB/6.0 GB   76 MB/s   1m12s[K[?25h[?2026l[?2026h[?25l[A[1Gpulling manifest [K
pulling a99b7f834d75:   7% ▕█                 ▏ 443 MB/6.0 GB   76 MB/s   1m12s[K[?25h[?2026l[?2026h[?25l[A[1Gpulling manifest [K
pulling a99b7f834d75:   8% ▕█                 ▏ 453 MB/6.0 GB   74 MB/s   1m14s[K[?25h[?2026l[?2026h[?25l[A[1Gpulling manifest [K
pulling a99b7f834d75:   8% ▕█                 ▏ 457 MB/6.0 GB   74 MB/s   1m13s[K[?25h[?2026l[?2026h[?25l[A[1Gpulling manifest [K
pulling a99b7f834d75:   8% ▕█                 ▏ 467 MB/6.0 GB   74 MB/s   1m13s[K[?25h[?2026l[?2026h[?25l[A[1Gpulling manifest [K
pulling a99b7f834d75:   8% ▕█                 ▏ 477 MB/6.0 GB   74 MB/s   1m13s[K[?25h[?2026l[?2026h[?25l[A[1Gpulling manifest [K
pulling a99b7f834d75:   8% ▕█                 ▏ 482 MB/6.0 GB   74 MB/s   1m13s[K[?25h[?2026l[?2026h[?25l[A[1Gpulling manifest [K
pulling a99b7f834d75:   8% ▕█                 ▏ 491 MB/6.0 GB   74 MB/s   1m13s[K[?25h[?2026l[?2026h[?25l[A[1Gpulling manifest [K
pulling a99b7f834d75:   8% ▕█                 ▏ 500 MB/6.0 GB   74 MB/s   1m13s[K[?25h[?2026l[?2026h[?25l[A[1Gpulling manifest [K
pulling a99b7f834d75:   8% ▕█                 ▏ 506 MB/6.0 GB   74 MB/s   1m13s[K[?25h[?2026l[?2026h[?25l[A[1Gpulling manifest [K
pulling a99b7f834d75:   9% ▕█                 ▏ 517 MB/6.0 GB   74 MB/s   1m13s[K[?25h[?2026l[?2026h[?25l[A[1Gpulling manifest [K
pulling a99b7f834d75:   9% ▕█                 ▏ 527 MB/6.0 GB   74 MB/s   1m13s[K[?25h[?2026l[?2026h[?25l[A[1Gpulling manifest [K
pulling a99b7f834d75:   9% ▕█                 ▏ 533 MB/6.0 GB   76 MB/s   1m11s[K[?25h[?2026l[?2026h[?25l[A[1Gpulling manifest [K
pulling a99b7f834d75:   9% ▕█                 ▏ 543 MB/6.0 GB   76 MB/s   1m11s[K[?25h[?2026l[?2026h[?25l[A[1Gpulling manifest [K
pulling a99b7f834d75:   9% ▕█                 ▏ 551 MB/6.0 GB   76 MB/s   1m11s[K[?25h[?2026l[?2026h[?25l[A[1Gpulling manifest [K
pulling a99b7f834d75:   9% ▕█                 ▏ 555 MB/6.0 GB   76 MB/s   1m11s[K[?25h[?2026l[?2026h[?25l[A[1Gpulling manifest [K
pulling a99b7f834d75:   9% ▕█                 ▏ 563 MB/6.0 GB   76 MB/s   1m11s[K[?25h[?2026l[?2026h[?25l[A[1Gpulling manifest [K
pulling a99b7f834d75:  10% ▕█                 ▏ 570 MB/6.0 GB   76 MB/s   1m10s[K[?25h[?2026l[?2026h[?25l[A[1Gpulling manifest [K
pulling a99b7f834d75:  10% ▕█                 ▏ 573 MB/6.0 GB   76 MB/s   1m10s[K[?25h[?2026l[?2026h[?25l[A[1Gpulling manifest [K
pulling a99b7f834d75:  10% ▕█                 ▏ 580 MB/6.0 GB   76 MB/s   1m10s[K[?25h[?2026l[?2026h[?25l[A[1Gpulling manifest [K
pulling a99b7f834d75:  10% ▕█                 ▏ 588 MB/6.0 GB   76 MB/s   1m10s[K[?25h[?2026l[?2026h[?25l[A[1Gpulling manifest [K
pulling a99b7f834d75:  10% ▕█                 ▏ 591 MB/6.0 GB   76 MB/s   1m10s[K[?25h[?2026l[?2026h[?25l[A[1Gpulling manifest [K
pulling a99b7f834d75:  10% ▕█                 ▏ 598 MB/6.0 GB   74 MB/s   1m11s[K[?25h[?2026l[?2026h[?25l[A[1Gpulling manifest [K
pulling a99b7f834d75:  10% ▕█                 ▏ 606 MB/6.0 GB   74 MB/s   1m11s[K[?25h[?2026l[?2026h[?25l[A[1Gpulling manifest [K
pulling a99b7f834d75:  10% ▕█                 ▏ 609 MB/6.0 GB   74 MB/s   1m11s[K[?25h[?2026l[?2026h[?25l[A[1Gpulling manifest [K
pulling a99b7f834d75:  10% ▕█                 ▏ 616 MB/6.0 GB   74 MB/s   1m11s[K[?25h[?2026l[?2026h[?25l[A[1Gpulling manifest [K
pulling a99b7f834d75:  10% ▕█                 ▏ 623 MB/6.0 GB   74 MB/s   1m11s[K[?25h[?2026l[?2026h[?25l[A[1Gpulling manifest [K
pulling a99b7f834d75:  10% ▕█                 ▏ 626 MB/6.0 GB   74 MB/s   1m11s[K[?25h[?2026l[?2026h[?25l[A[1Gpulling manifest [K
pulling a99b7f834d75:  11% ▕█                 ▏ 633 MB/6.0 GB   74 MB/s   1m11s[K[?25h[?2026l[?2026h[?25l[A[1Gpulling manifest [K
pulling a99b7f834d75:  11% ▕█                 ▏ 639 MB/6.0 GB   74 MB/s   1m11s[K[?25h[?2026l[?2026h[?25l[A[1Gpulling manifest [K
pulling a99b7f834d75:  11% ▕█                 ▏ 643 MB/6.0 GB   74 MB/s   1m11s[K[?25h[?2026l[?2026h[?25l[A[1Gpulling manifest [K
pulling a99b7f834d75:  11% ▕█                 ▏ 649 MB/6.0 GB   74 MB/s   1m11s[K[?25h[?2026l[?2026h[?25l[A[1Gpulling manifest [K
pulling a99b7f834d75:  11% ▕█                 ▏ 656 MB/6.0 GB   72 MB/s   1m12s[K[?25h[?2026l[?2026h[?25l[A[1Gpulling manifest [K
pulling a99b7f834d75:  11% ▕█                 ▏ 660 MB/6.0 GB   72 MB/s   1m12s[K[?25h[?2026l[?2026h[?25l[A[1Gpulling manifest [K
pulling a99b7f834d75:  11% ▕██                ▏ 666 MB/6.0 GB   72 MB/s   1m12s[K[?25h[?2026l[?2026h[?25l[A[1Gpulling manifest [K
pulling a99b7f834d75:  11% ▕██                ▏ 673 MB/6.0 GB   72 MB/s   1m12s[K[?25h[?2026l[?2026h[?25l[A[1Gpulling manifest [K
pulling a99b7f834d75:  11% ▕██                ▏ 675 MB/6.0 GB   72 MB/s   1m12s[K[?25h[?2026l[?2026h[?25l[A[1Gpulling manifest [K
pulling a99b7f834d75:  11% ▕██                ▏ 683 MB/6.0 GB   72 MB/s   1m12s[K[?25h[?2026l[?2026h[?25l[A[1Gpulling manifest [K
pulling a99b7f834d75:  12% ▕██                ▏ 690 MB/6.0 GB   72 MB/s   1m12s[K[?25h[?2026l[?2026h[?25l[A[1Gpulling manifest [K
pulling a99b7f834d75:  12% ▕██                ▏ 694 MB/6.0 GB   72 MB/s   1m12s[K[?25h[?2026l[?2026h[?25l[A[1Gpulling manifest [K
pulling a99b7f834d75:  12% ▕██                ▏ 701 MB/6.0 GB   72 MB/s   1m12s[K[?25h[?2026l[?2026h[?25l[A[1Gpulling manifest [K
pulling a99b7f834d75:  12% ▕██                ▏ 709 MB/6.0 GB   72 MB/s   1m12s[K[?25h[?2026l[?2026h[?25l[A[1Gpulling manifest [K
pulling a99b7f834d75:  12% ▕██                ▏ 713 MB/6.0 GB   72 MB/s   1m12s[K[?25h[?2026l[?2026h[?25l[A[1Gpulling manifest [K
pulling a99b7f834d75:  12% ▕██                ▏ 720 MB/6.0 GB   69 MB/s   1m15s[K[?25h[?2026l[?2026h[?25l[A[1Gpulling manifest [K
pulling a99b7f834d75:  12% ▕██                ▏ 725 MB/6.0 GB   69 MB/s   1m15s[K[?25h[?2026l[?2026h[?25l[A[1Gpulling manifest [K
pulling a99b7f834d75:  12% ▕██                ▏ 729 MB/6.0 GB   69 MB/s   1m15s[K[?25h[?2026l[?2026h[?25l[A[1Gpulling manifest [K
pulling a99b7f834d75:  12% ▕██                ▏ 736 MB/6.0 GB   69 MB/s   1m15s[K[?25h[?2026l[?2026h[?25l[A[1Gpulling manifest [K
pulling a99b7f834d75:  12% ▕██                ▏ 742 MB/6.0 GB   69 MB/s   1m15s[K[?25h[?2026l[?2026h[?25l[A[1Gpulling manifest [K
pulling a99b7f834d75:  13% ▕██                ▏ 746 MB/6.0 GB   69 MB/s   1m15s[K[?25h[?2026l[?2026h[?25l[A[1Gpulling manifest [K
pulling a99b7f834d75:  13% ▕██                ▏ 753 MB/6.0 GB   69 MB/s   1m15s[K[?25h[?2026l[?2026h[?25l[A[1Gpulling manifest [K
pulling a99b7f834d75:  13% ▕██                ▏ 759 MB/6.0 GB   69 MB/s   1m15s[K[?25h[?2026l[?2026h[?25l[A[1Gpulling manifest [K
pulling a99b7f834d75:  13% ▕██                ▏ 763 MB/6.0 GB   69 MB/s   1m15s[K[?25h[?2026l[?2026h[?25l[A[1Gpulling manifest [K
pulling a99b7f834d75:  13% ▕██                ▏ 770 MB/6.0 GB   69 MB/s   1m15s[K[?25h[?2026l[?2026h[?25l[A[1Gpulling manifest [K
pulling a99b7f834d75:  13% ▕██                ▏ 777 MB/6.0 GB   64 MB/s   1m19s[K[?25h[?2026l[?2026h[?25l[A[1Gpulling manifest [K
pulling a99b7f834d75:  13% ▕██                ▏ 780 MB/6.0 GB   64 MB/s   1m19s[K[?25h[?2026l[?2026h[?25l[A[1Gpulling manifest [K
pulling a99b7f834d75:  13% ▕██                ▏ 788 MB/6.0 GB   64 MB/s   1m19s[K[?25h[?2026l[?2026h[?25l[A[1Gpulling manifest [K
pulling a99b7f834d75:  13% ▕██                ▏ 795 MB/6.0 GB   64 MB/s   1m19s[K[?25h[?2026l[?2026h[?25l[A[1Gpulling manifest [K
pulling a99b7f834d75:  13% ▕██                ▏ 798 MB/6.0 GB   64 MB/s   1m19s[K[?25h[?2026l[?2026h[?25l[A[1Gpulling manifest [K
pulling a99b7f834d75:  14% ▕██                ▏ 806 MB/6.0 GB   64 MB/s   1m19s[K[?25h[?2026l[?2026h[?25l[A[1Gpulling manifest [K
pulling a99b7f834d75:  14% ▕██                ▏ 813 MB/6.0 GB   64 MB/s   1m19s[K[?25h[?2026l[?2026h[?25l[A[1Gpulling manifest [K
pulling a99b7f834d75:  14% ▕██                ▏ 817 MB/6.0 GB   64 MB/s   1m19s[K[?25h[?2026l[?2026h[?25l[A[1Gpulling manifest [K
pulling a99b7f834d75:  14% ▕██                ▏ 824 MB/6.0 GB   64 MB/s   1m19s[K[?25h[?2026l[?2026h[?25l[A[1Gpulling manifest [K
pulling a99b7f834d75:  14% ▕██                ▏ 831 MB/6.0 GB   64 MB/s   1m19s[K[?25h[?2026l[?2026h[?25l[A[1Gpulling manifest [K
pulling a99b7f834d75:  14% ▕██                ▏ 834 MB/6.0 GB   63 MB/s   1m21s[K[?25h[?2026l[?2026h[?25l[A[1Gpulling manifest [K
pulling a99b7f834d75:  14% ▕██                ▏ 840 MB/6.0 GB   63 MB/s   1m21s[K[?25h[?2026l[?2026h[?25l[A[1Gpulling manifest [K
pulling a99b7f834d75:  14% ▕██                ▏ 848 MB/6.0 GB   63 MB/s   1m21s[K[?25h[?2026l[?2026h[?25l[A[1Gpulling manifest [K
pulling a99b7f834d75:  14% ▕██                ▏ 851 MB/6.0 GB   63 MB/s   1m21s[K[?25h[?2026l[?2026h[?25l[A[1Gpulling manifest [K
pulling a99b7f834d75:  14% ▕██                ▏ 858 MB/6.0 GB   63 MB/s   1m21s[K[?25h[?2026l[?2026h[?25l[A[1Gpulling manifest [K
pulling a99b7f834d75:  15% ▕██                ▏ 867 MB/6.0 GB   63 MB/s   1m20s[K[?25h[?2026l[?2026h[?25l[A[1Gpulling manifest [K
pulling a99b7f834d75:  15% ▕██                ▏ 872 MB/6.0 GB   63 MB/s   1m20s[K[?25h[?2026l[?2026h[?25l[A[1Gpulling manifest [K
pulling a99b7f834d75:  15% ▕██                ▏ 882 MB/6.0 GB   63 MB/s   1m20s[K[?25h[?2026l[?2026h[?25l[A[1Gpulling manifest [K
pulling a99b7f834d75:  15% ▕██                ▏ 890 MB/6.0 GB   63 MB/s   1m20s[K[?25h[?2026l[?2026h[?25l[A[1Gpulling manifest [K
pulling a99b7f834d75:  15% ▕██                ▏ 895 MB/6.0 GB   63 MB/s   1m20s[K[?25h[?2026l[?2026h[?25l[A[1Gpulling manifest [K
pulling a99b7f834d75:  15% ▕██                ▏ 906 MB/6.0 GB   63 MB/s   1m19s[K[?25h[?2026l[?2026h[?25l[A[1Gpulling manifest [K
pulling a99b7f834d75:  15% ▕██                ▏ 917 MB/6.0 GB   63 MB/s   1m18s[K[?25h[?2026l[?2026h[?25l[A[1Gpulling manifest [K
pulling a99b7f834d75:  15% ▕██                ▏ 923 MB/6.0 GB   63 MB/s   1m18s[K[?25h[?2026l[?2026h[?25l[A[1Gpulling manifest [K
pulling a99b7f834d75:  16% ▕██                ▏ 934 MB/6.0 GB   63 MB/s   1m18s[K[?25h[?2026l[?2026h[?25l[A[1Gpulling manifest [K
pulling a99b7f834d75:  16% ▕██                ▏ 945 MB/6.0 GB   63 MB/s   1m18s[K[?25h[?2026l[?2026h[?25l[A[1Gpulling manifest [K
pulling a99b7f834d75:  16% ▕██                ▏ 950 MB/6.0 GB   63 MB/s   1m18s[K[?25h[?2026l[?2026h[?25l[A[1Gpulling manifest [K
pulling a99b7f834d75:  16% ▕██                ▏ 962 MB/6.0 GB   63 MB/s   1m18s[K[?25h[?2026l[?2026h[?25l[A[1Gpulling manifest [K
pulling a99b7f834d75:  16% ▕██                ▏ 973 MB/6.0 GB   63 MB/s   1m18s[K[?25h[?2026l[?2026h[?25l[A[1Gpulling manifest [K
pulling a99b7f834d75:  16% ▕██                ▏ 979 MB/6.0 GB   63 MB/s   1m17s[K[?25h[?2026l[?2026h[?25l[A[1Gpulling manifest [K
pulling a99b7f834d75:  17% ▕██                ▏ 991 MB/6.0 GB   63 MB/s   1m17s[K[?25h[?2026l[?2026h[?25l[A[1Gpulling manifest [K
pulling a99b7f834d75:  17% ▕███               ▏ 999 MB/6.0 GB   68 MB/s   1m12s[K[?25h[?2026l[?2026h[?25l[A[1Gpulling manifest [K
pulling a99b7f834d75:  17% ▕███               ▏ 1.0 GB/6.0 GB   68 MB/s   1m12s[K[?25h[?2026l[?2026h[?25l[A[1Gpulling manifest [K
pulling a99b7f834d75:  17% ▕███               ▏ 1.0 GB/6.0 GB   68 MB/s   1m12s[K[?25h[?2026l[?2026h[?25l[A[1Gpulling manifest [K
pulling a99b7f834d75:  17% ▕███               ▏ 1.0 GB/6.0 GB   68 MB/s   1m12s[K[?25h[?2026l[?2026h[?25l[A[1Gpulling manifest [K
pulling a99b7f834d75:  17% ▕███               ▏ 1.0 GB/6.0 GB   68 MB/s   1m12s[K[?25h[?2026l[?2026h[?25l[A[1Gpulling manifest [K
pulling a99b7f834d75:  17% ▕███               ▏ 1.0 GB/6.0 GB   68 MB/s   1m12s[K[?25h[?2026l[?2026h[?25l[A[1Gpulling manifest [K
pulling a99b7f834d75:  17% ▕███               ▏ 1.0 GB/6.0 GB   68 MB/s   1m11s[K[?25h[?2026l[?2026h[?25l[A[1Gpulling manifest [K
pulling a99b7f834d75:  17% ▕███               ▏ 1.0 GB/6.0 GB   68 MB/s   1m11s[K[?25h[?2026l[?2026h[?25l[A[1Gpulling manifest [K
pulling a99b7f834d75:  18% ▕███               ▏ 1.0 GB/6.0 GB   68 MB/s   1m11s[K[?25h[?2026l[?2026h[?25l[A[1Gpulling manifest [K
pulling a99b7f834d75:  18% ▕███               ▏ 1.1 GB/6.0 GB   68 MB/s   1m11s[K[?25h[?2026l[?2026h[?25l[A[1Gpulling manifest [K
pulling a99b7f834d75:  18% ▕███               ▏ 1.1 GB/6.0 GB   68 MB/s   1m11s[K[?25h[?2026l[?2026h[?25l[A[1Gpulling manifest [K
pulling a99b7f834d75:  18% ▕███               ▏ 1.1 GB/6.0 GB   68 MB/s   1m11s[K[?25h[?2026l[?2026h[?25l[A[1Gpulling manifest [K
pulling a99b7f834d75:  18% ▕███               ▏ 1.1 GB/6.0 GB   68 MB/s   1m11s[K[?25h[?2026l[?2026h[?25l[A[1Gpulling manifest [K
pulling a99b7f834d75:  18% ▕███               ▏ 1.1 GB/6.0 GB   68 MB/s   1m11s[K[?25h[?2026l[?2026h[?25l[A[1Gpulling manifest [K
pulling a99b7f834d75:  18% ▕███               ▏ 1.1 GB/6.0 GB   68 MB/s   1m11s[K[?25h[?2026l[?2026h[?25l[A[1Gpulling manifest [K
pulling a99b7f834d75:  18% ▕███               ▏ 1.1 GB/6.0 GB   68 MB/s   1m11s[K[?25h[?2026l[?2026h[?25l[A[1Gpulling manifest [K
pulling a99b7f834d75:  18% ▕███               ▏ 1.1 GB/6.0 GB   68 MB/s   1m11s[K[?25h[?2026l[?2026h[?25l[A[1Gpulling manifest [K
pulling a99b7f834d75:  18% ▕███               ▏ 1.1 GB/6.0 GB   68 MB/s   1m11s[K[?25h[?2026l[?2026h[?25l[A[1Gpulling manifest [K
pulling a99b7f834d75:  19% ▕███               ▏ 1.1 GB/6.0 GB   68 MB/s   1m11s[K[?25h[?2026l[?2026h[?25l[A[1Gpulling manifest [K
pulling a99b7f834d75:  19% ▕███               ▏ 1.1 GB/6.0 GB   68 MB/s   1m11s[K[?25h[?2026l[?2026h[?25l[A[1Gpulling manifest [K
pulling a99b7f834d75:  19% ▕███               ▏ 1.1 GB/6.0 GB   68 MB/s   1m11s[K[?25h[?2026l[?2026h[?25l[A[1Gpulling manifest [K
pulling a99b7f834d75:  19% ▕███               ▏ 1.1 GB/6.0 GB   64 MB/s   1m14s[K[?25h[?2026l[?2026h[?25l[A[1Gpulling manifest [K
pulling a99b7f834d75:  19% ▕███               ▏ 1.1 GB/6.0 GB   64 MB/s   1m14s[K[?25h[?2026l[?2026h[?25l[A[1Gpulling manifest [K
pulling a99b7f834d75:  19% ▕███               ▏ 1.1 GB/6.0 GB   64 MB/s   1m14s[K[?25h[?2026l[?2026h[?25l[A[1Gpulling manifest [K
pulling a99b7f834d75:  19% ▕███               ▏ 1.1 GB/6.0 GB   64 MB/s   1m14s[K[?25h[?2026l[?2026h[?25l[A[1Gpulling manifest [K
pulling a99b7f834d75:  19% ▕███               ▏ 1.1 GB/6.0 GB   64 MB/s   1m14s[K[?25h[?2026l[?2026h[?25l[A[1Gpulling manifest [K
pulling a99b7f834d75:  19% ▕███               ▏ 1.1 GB/6.0 GB   64 MB/s   1m14s[K[?25h[?2026l[?2026h[?25l[A[1Gpulling manifest [K
pulling a99b7f834d75:  19% ▕███               ▏ 1.2 GB/6.0 GB   64 MB/s   1m14s[K[?25h[?2026l[?2026h[?25l[A[1Gpulling manifest [K
pulling a99b7f834d75:  19% ▕███               ▏ 1.2 GB/6.0 GB   64 MB/s   1m14s[K[?25h[?2026l[?2026h[?25l[A[1Gpulling manifest [K
pulling a99b7f834d75:  20% ▕███               ▏ 1.2 GB/6.0 GB   64 MB/s   1m14s[K[?25h[?2026l[?2026h[?25l[A[1Gpulling manifest [K
pulling a99b7f834d75:  20% ▕███               ▏ 1.2 GB/6.0 GB   64 MB/s   1m13s[K[?25h[?2026l[?2026h[?25l[A[1Gpulling manifest [K
pulling a99b7f834d75:  20% ▕███               ▏ 1.2 GB/6.0 GB   64 MB/s   1m14s[K[?25h[?2026l[?2026h[?25l[A[1Gpulling manifest [K
pulling a99b7f834d75:  20% ▕███               ▏ 1.2 GB/6.0 GB   64 MB/s   1m14s[K[?25h[?2026l[?2026h[?25l[A[1Gpulling manifest [K
pulling a99b7f834d75:  20% ▕███               ▏ 1.2 GB/6.0 GB   64 MB/s   1m14s[K[?25h[?2026l[?2026h[?25l[A[1Gpulling manifest [K
pulling a99b7f834d75:  20% ▕███               ▏ 1.2 GB/6.0 GB   64 MB/s   1m14s[K[?25h[?2026l[?2026h[?25l[A[1Gpulling manifest [K
pulling a99b7f834d75:  20% ▕███               ▏ 1.2 GB/6.0 GB   64 MB/s   1m13s[K[?25h[?2026l[?2026h[?25l[A[1Gpulling manifest [K
pulling a99b7f834d75:  20% ▕███               ▏ 1.2 GB/6.0 GB   64 MB/s   1m13s[K[?25h[?2026l[?2026h[?25l[A[1Gpulling manifest [K
pulling a99b7f834d75:  20% ▕███               ▏ 1.2 GB/6.0 GB   64 MB/s   1m13s[K[?25h[?2026l[?2026h[?25l[A[1Gpulling manifest [K
pulling a99b7f834d75:  21% ▕███               ▏ 1.2 GB/6.0 GB   64 MB/s   1m13s[K[?25h[?2026l[?2026h[?25l[A[1Gpulling manifest [K
pulling a99b7f834d75:  21% ▕███               ▏ 1.2 GB/6.0 GB   64 MB/s   1m13s[K[?25h[?2026l[?2026h[?25l[A[1Gpulling manifest [K
pulling a99b7f834d75:  21% ▕███               ▏ 1.2 GB/6.0 GB   64 MB/s   1m13s[K[?25h[?2026l[?2026h[?25l[A[1Gpulling manifest [K
pulling a99b7f834d75:  21% ▕███               ▏ 1.3 GB/6.0 GB   66 MB/s   1m11s[K[?25h[?2026l[?2026h[?25l[A[1Gpulling manifest [K
pulling a99b7f834d75:  21% ▕███               ▏ 1.3 GB/6.0 GB   66 MB/s   1m11s[K[?25h[?2026l[?2026h[?25l[A[1Gpulling manifest [K
pulling a99b7f834d75:  21% ▕███               ▏ 1.3 GB/6.0 GB   66 MB/s   1m10s[K[?25h[?2026l[?2026h[?25l[A[1Gpulling manifest [K
pulling a99b7f834d75:  21% ▕███               ▏ 1.3 GB/6.0 GB   66 MB/s   1m10s[K[?25h[?2026l[?2026h[?25l[A[1Gpulling manifest [K
pulling a99b7f834d75:  22% ▕███               ▏ 1.3 GB/6.0 GB   66 MB/s   1m10s[K[?25h[?2026l[?2026h[?25l[A[1Gpulling manifest [K
pulling a99b7f834d75:  22% ▕███               ▏ 1.3 GB/6.0 GB   66 MB/s   1m10s[K[?25h[?2026l[?2026h[?25l[A[1Gpulling manifest [K
pulling a99b7f834d75:  22% ▕███               ▏ 1.3 GB/6.0 GB   66 MB/s   1m10s[K[?25h[?2026l[?2026h[?25l[A[1Gpulling manifest [K
pulling a99b7f834d75:  22% ▕███               ▏ 1.3 GB/6.0 GB   66 MB/s   1m10s[K[?25h[?2026l[?2026h[?25l[A[1Gpulling manifest [K
pulling a99b7f834d75:  22% ▕████              ▏ 1.3 GB/6.0 GB   66 MB/s   1m10s[K[?25h[?2026l[?2026h[?25l[A[1Gpulling manifest [K
pulling a99b7f834d75:  22% ▕████              ▏ 1.3 GB/6.0 GB   66 MB/s    1m9s[K[?25h[?2026l[?2026h[?25l[A[1Gpulling manifest [K
pulling a99b7f834d75:  23% ▕████              ▏ 1.3 GB/6.0 GB   69 MB/s    1m6s[K[?25h[?2026l[?2026h[?25l[A[1Gpulling manifest [K
pulling a99b7f834d75:  23% ▕████              ▏ 1.3 GB/6.0 GB   69 MB/s    1m6s[K[?25h[?2026l[?2026h[?25l[A[1Gpulling manifest [K
pulling a99b7f834d75:  23% ▕████              ▏ 1.4 GB/6.0 GB   69 MB/s    1m6s[K[?25h[?2026l[?2026h[?25l[A[1Gpulling manifest [K
pulling a99b7f834d75:  23% ▕████              ▏ 1.4 GB/6.0 GB   69 MB/s    1m5s[K[?25h[?2026l[?2026h[?25l[A[1Gpulling manifest [K
pulling a99b7f834d75:  23% ▕████              ▏ 1.4 GB/6.0 GB   69 MB/s    1m5s[K[?25h[?2026l[?2026h[?25l[A[1Gpulling manifest [K
pulling a99b7f834d75:  23% ▕████              ▏ 1.4 GB/6.0 GB   69 MB/s    1m5s[K[?25h[?2026l[?2026h[?25l[A[1Gpulling manifest [K
pulling a99b7f834d75:  23% ▕████              ▏ 1.4 GB/6.0 GB   69 MB/s    1m5s[K[?25h[?2026l[?2026h[?25l[A[1Gpulling manifest [K
pulling a99b7f834d75:  23% ▕████              ▏ 1.4 GB/6.0 GB   69 MB/s    1m5s[K[?25h[?2026l[?2026h[?25l[A[1Gpulling manifest [K
pulling a99b7f834d75:  23% ▕████              ▏ 1.4 GB/6.0 GB   69 MB/s    1m5s[K[?25h[?2026l[?2026h[?25l[A[1Gpulling manifest [K
pulling a99b7f834d75:  24% ▕████              ▏ 1.4 GB/6.0 GB   69 MB/s    1m5s[K[?25h[?2026l[?2026h[?25l[A[1Gpulling manifest [K
pulling a99b7f834d75:  24% ▕████              ▏ 1.4 GB/6.0 GB   69 MB/s    1m5s[K[?25h[?2026l[?2026h[?25l[A[1Gpulling manifest [K
pulling a99b7f834d75:  24% ▕████              ▏ 1.4 GB/6.0 GB   70 MB/s    1m4s[K[?25h[?2026l[?2026h[?25l[A[1Gpulling manifest [K
pulling a99b7f834d75:  24% ▕████              ▏ 1.4 GB/6.0 GB   70 MB/s    1m4s[K[?25h[?2026l[?2026h[?25l[A[1Gpulling manifest [K
pulling a99b7f834d75:  24% ▕████              ▏ 1.4 GB/6.0 GB   70 MB/s    1m4s[K[?25h[?2026l[?2026h[?25l[A[1Gpulling manifest [K
pulling a99b7f834d75:  24% ▕████              ▏ 1.4 GB/6.0 GB   70 MB/s    1m4s[K[?25h[?2026l[?2026h[?25l[A[1Gpulling manifest [K
pulling a99b7f834d75:  24% ▕████              ▏ 1.4 GB/6.0 GB   70 MB/s    1m4s[K[?25h[?2026l[?2026h[?25l[A[1Gpulling manifest [K
pulling a99b7f834d75:  24% ▕████              ▏ 1.4 GB/6.0 GB   70 MB/s    1m3s[K[?25h[?2026l[?2026h[?25l[A[1Gpulling manifest [K
pulling a99b7f834d75:  24% ▕████              ▏ 1.5 GB/6.0 GB   70 MB/s    1m3s[K[?25h[?2026l[?2026h[?25l[A[1Gpulling manifest [K
pulling a99b7f834d75:  24% ▕████              ▏ 1.5 GB/6.0 GB   70 MB/s    1m3s[K[?25h[?2026l[?2026h[?25l[A[1Gpulling manifest [K
pulling a99b7f834d75:  24% ▕████              ▏ 1.5 GB/6.0 GB   70 MB/s    1m3s[K[?25h[?2026l[?2026h[?25l[A[1Gpulling manifest [K
pulling a99b7f834d75:  25% ▕████              ▏ 1.5 GB/6.0 GB   70 MB/s    1m3s[K[?25h[?2026l[?2026h[?25l[A[1Gpulling manifest [K
pulling a99b7f834d75:  25% ▕████              ▏ 1.5 GB/6.0 GB   70 MB/s    1m3s[K[?25h[?2026l[?2026h[?25l[A[1Gpulling manifest [K
pulling a99b7f834d75:  25% ▕████              ▏ 1.5 GB/6.0 GB   70 MB/s    1m3s[K[?25h[?2026l[?2026h[?25l[A[1Gpulling manifest [K
pulling a99b7f834d75:  25% ▕████              ▏ 1.5 GB/6.0 GB   70 MB/s    1m3s[K[?25h[?2026l[?2026h[?25l[A[1Gpulling manifest [K
pulling a99b7f834d75:  25% ▕████              ▏ 1.5 GB/6.0 GB   70 MB/s    1m3s[K[?25h[?2026l[?2026h[?25l[A[1Gpulling manifest [K
pulling a99b7f834d75:  25% ▕████              ▏ 1.5 GB/6.0 GB   70 MB/s    1m3s[K[?25h[?2026l[?2026h[?25l[A[1Gpulling manifest [K
pulling a99b7f834d75:  25% ▕████              ▏ 1.5 GB/6.0 GB   70 MB/s    1m2s[K[?25h[?2026l[?2026h[?25l[A[1Gpulling manifest [K
pulling a99b7f834d75:  25% ▕████              ▏ 1.5 GB/6.0 GB   70 MB/s    1m2s[K[?25h[?2026l[?2026h[?25l[A[1Gpulling manifest [K
pulling a99b7f834d75:  25% ▕████              ▏ 1.5 GB/6.0 GB   70 MB/s    1m2s[K[?25h[?2026l[?2026h[?25l[A[1Gpulling manifest [K
pulling a99b7f834d75:  26% ▕████              ▏ 1.5 GB/6.0 GB   70 MB/s    1m2s[K[?25h[?2026l[?2026h[?25l[A[1Gpulling manifest [K
pulling a99b7f834d75:  26% ▕████              ▏ 1.5 GB/6.0 GB   70 MB/s    1m2s[K[?25h[?2026l[?2026h[?25l[A[1Gpulling manifest [K
pulling a99b7f834d75:  26% ▕████              ▏ 1.5 GB/6.0 GB   69 MB/s    1m3s[K[?25h[?2026l[?2026h[?25l[A[1Gpulling manifest [K
pulling a99b7f834d75:  26% ▕████              ▏ 1.5 GB/6.0 GB   69 MB/s    1m3s[K[?25h[?2026l[?2026h[?25l[A[1Gpulling manifest [K
pulling a99b7f834d75:  26% ▕████              ▏ 1.5 GB/6.0 GB   69 MB/s    1m3s[K[?25h[?2026l[?2026h[?25l[A[1Gpulling manifest [K
pulling a99b7f834d75:  26% ▕████              ▏ 1.6 GB/6.0 GB   69 MB/s    1m3s[K[?25h[?2026l[?2026h[?25l[A[1Gpulling manifest [K
pulling a99b7f834d75:  26% ▕████              ▏ 1.6 GB/6.0 GB   69 MB/s    1m2s[K[?25h[?2026l[?2026h[?25l[A[1Gpulling manifest [K
pulling a99b7f834d75:  26% ▕████              ▏ 1.6 GB/6.0 GB   69 MB/s    1m2s[K[?25h[?2026l[?2026h[?25l[A[1Gpulling manifest [K
pulling a99b7f834d75:  26% ▕████              ▏ 1.6 GB/6.0 GB   69 MB/s    1m2s[K[?25h[?2026l[?2026h[?25l[A[1Gpulling manifest [K
pulling a99b7f834d75:  27% ▕████              ▏ 1.6 GB/6.0 GB   69 MB/s    1m2s[K[?25h[?2026l[?2026h[?25l[A[1Gpulling manifest [K
pulling a99b7f834d75:  27% ▕████              ▏ 1.6 GB/6.0 GB   69 MB/s    1m2s[K[?25h[?2026l[?2026h[?25l[A[1Gpulling manifest [K
pulling a99b7f834d75:  27% ▕████              ▏ 1.6 GB/6.0 GB   69 MB/s    1m2s[K[?25h[?2026l[?2026h[?25l[A[1Gpulling manifest [K
pulling a99b7f834d75:  27% ▕████              ▏ 1.6 GB/6.0 GB   68 MB/s    1m3s[K[?25h[?2026l[?2026h[?25l[A[1Gpulling manifest [K
pulling a99b7f834d75:  27% ▕████              ▏ 1.6 GB/6.0 GB   68 MB/s    1m3s[K[?25h[?2026l[?2026h[?25l[A[1Gpulling manifest [K
pulling a99b7f834d75:  27% ▕████              ▏ 1.6 GB/6.0 GB   68 MB/s    1m3s[K[?25h[?2026l[?2026h[?25l[A[1Gpulling manifest [K
pulling a99b7f834d75:  28% ▕████              ▏ 1.6 GB/6.0 GB   68 MB/s    1m3s[K[?25h[?2026l[?2026h[?25l[A[1Gpulling manifest [K
pulling a99b7f834d75:  28% ▕████              ▏ 1.7 GB/6.0 GB   68 MB/s    1m3s[K[?25h[?2026l[?2026h[?25l[A[1Gpulling manifest [K
pulling a99b7f834d75:  28% ▕█████             ▏ 1.7 GB/6.0 GB   68 MB/s    1m3s[K[?25h[?2026l[?2026h[?25l[A[1Gpulling manifest [K
pulling a99b7f834d75:  28% ▕█████             ▏ 1.7 GB/6.0 GB   68 MB/s    1m3s[K[?25h[?2026l[?2026h[?25l[A[1Gpulling manifest [K
pulling a99b7f834d75:  28% ▕█████             ▏ 1.7 GB/6.0 GB   68 MB/s    1m2s[K[?25h[?2026l[?2026h[?25l[A[1Gpulling manifest [K
pulling a99b7f834d75:  28% ▕█████             ▏ 1.7 GB/6.0 GB   68 MB/s    1m2s[K[?25h[?2026l[?2026h[?25l[A[1Gpulling manifest [K
pulling a99b7f834d75:  28% ▕█████             ▏ 1.7 GB/6.0 GB   68 MB/s    1m2s[K[?25h[?2026l[?2026h[?25l[A[1Gpulling manifest [K
pulling a99b7f834d75:  29% ▕█████             ▏ 1.7 GB/6.0 GB   71 MB/s     59s[K[?25h[?2026l[?2026h[?25l[A[1Gpulling manifest [K
pulling a99b7f834d75:  29% ▕█████             ▏ 1.7 GB/6.0 GB   71 MB/s     59s[K[?25h[?2026l[?2026h[?25l[A[1Gpulling manifest [K
pulling a99b7f834d75:  29% ▕█████             ▏ 1.7 GB/6.0 GB   71 MB/s     59s[K[?25h[?2026l[?2026h[?25l[A[1Gpulling manifest [K
pulling a99b7f834d75:  29% ▕█████             ▏ 1.7 GB/6.0 GB   71 MB/s     58s[K[?25h[?2026l[?2026h[?25l[A[1Gpulling manifest [K
pulling a99b7f834d75:  29% ▕█████             ▏ 1.7 GB/6.0 GB   71 MB/s     58s[K[?25h[?2026l[?2026h[?25l[A[1Gpulling manifest [K
pulling a99b7f834d75:  29% ▕█████             ▏ 1.8 GB/6.0 GB   71 MB/s     58s[K[?25h[?2026l[?2026h[?25l[A[1Gpulling manifest [K
pulling a99b7f834d75:  30% ▕█████             ▏ 1.8 GB/6.0 GB   71 MB/s     58s[K[?25h[?2026l[?2026h[?25l[A[1Gpulling manifest [K
pulling a99b7f834d75:  30% ▕█████             ▏ 1.8 GB/6.0 GB   71 MB/s     58s[K[?25h[?2026l[?2026h[?25l[A[1Gpulling manifest [K
pulling a99b7f834d75:  30% ▕█████             ▏ 1.8 GB/6.0 GB   71 MB/s     58s[K[?25h[?2026l[?2026h[?25l[A[1Gpulling manifest [K
pulling a99b7f834d75:  30% ▕█████             ▏ 1.8 GB/6.0 GB   71 MB/s     58s[K[?25h[?2026l[?2026h[?25l[A[1Gpulling manifest [K
pulling a99b7f834d75:  30% ▕█████             ▏ 1.8 GB/6.0 GB   71 MB/s     58s[K[?25h[?2026l[?2026h[?25l[A[1Gpulling manifest [K
pulling a99b7f834d75:  30% ▕█████             ▏ 1.8 GB/6.0 GB   76 MB/s     54s[K[?25h[?2026l[?2026h[?25l[A[1Gpulling manifest [K
pulling a99b7f834d75:  31% ▕█████             ▏ 1.8 GB/6.0 GB   76 MB/s     54s[K[?25h[?2026l[?2026h[?25l[A[1Gpulling manifest [K
pulling a99b7f834d75:  31% ▕█████             ▏ 1.8 GB/6.0 GB   76 MB/s     54s[K[?25h[?2026l[?2026h[?25l[A[1Gpulling manifest [K
pulling a99b7f834d75:  31% ▕█████             ▏ 1.8 GB/6.0 GB   76 MB/s     54s[K[?25h[?2026l[?2026h[?25l[A[1Gpulling manifest [K
pulling a99b7f834d75:  31% ▕█████             ▏ 1.8 GB/6.0 GB   76 MB/s     54s[K[?25h[?2026l[?2026h[?25l[A[1Gpulling manifest [K
pulling a99b7f834d75:  31% ▕█████             ▏ 1.9 GB/6.0 GB   76 MB/s     53s[K[?25h[?2026l[?2026h[?25l[A[1Gpulling manifest [K
pulling a99b7f834d75:  31% ▕█████             ▏ 1.9 GB/6.0 GB   76 MB/s     53s[K[?25h[?2026l[?2026h[?25l[A[1Gpulling manifest [K
pulling a99b7f834d75:  31% ▕█████             ▏ 1.9 GB/6.0 GB   76 MB/s     53s[K[?25h[?2026l[?2026h[?25l[A[1Gpulling manifest [K
pulling a99b7f834d75:  32% ▕█████             ▏ 1.9 GB/6.0 GB   76 MB/s     53s[K[?25h[?2026l[?2026h[?25l[A[1Gpulling manifest [K
pulling a99b7f834d75:  32% ▕█████             ▏ 1.9 GB/6.0 GB   76 MB/s     53s[K[?25h[?2026l[?2026h[?25l[A[1Gpulling manifest [K
pulling a99b7f834d75:  32% ▕█████             ▏ 1.9 GB/6.0 GB   80 MB/s     50s[K[?25h[?2026l[?2026h[?25l[A[1Gpulling manifest [K
pulling a99b7f834d75:  32% ▕█████             ▏ 1.9 GB/6.0 GB   80 MB/s     50s[K[?25h[?2026l[?2026h[?25l[A[1Gpulling manifest [K
pulling a99b7f834d75:  32% ▕█████             ▏ 1.9 GB/6.0 GB   80 MB/s     50s[K[?25h[?2026l[?2026h[?25l[A[1Gpulling manifest [K
pulling a99b7f834d75:  32% ▕█████             ▏ 1.9 GB/6.0 GB   80 MB/s     50s[K[?25h[?2026l[?2026h[?25l[A[1Gpulling manifest [K
pulling a99b7f834d75:  32% ▕█████             ▏ 1.9 GB/6.0 GB   80 MB/s     50s[K[?25h[?2026l[?2026h[?25l[A[1Gpulling manifest [K
pulling a99b7f834d75:  33% ▕█████             ▏ 1.9 GB/6.0 GB   80 MB/s     50s[K[?25h[?2026l[?2026h[?25l[A[1Gpulling manifest [K
pulling a99b7f834d75:  33% ▕█████             ▏ 2.0 GB/6.0 GB   80 MB/s     50s[K[?25h[?2026l[?2026h[?25l[A[1Gpulling manifest [K
pulling a99b7f834d75:  33% ▕█████             ▏ 2.0 GB/6.0 GB   80 MB/s     49s[K[?25h[?2026l[?2026h[?25l[A[1Gpulling manifest [K
pulling a99b7f834d75:  33% ▕█████             ▏ 2.0 GB/6.0 GB   80 MB/s     49s[K[?25h[?2026l[?2026h[?25l[A[1Gpulling manifest [K
pulling a99b7f834d75:  33% ▕█████             ▏ 2.0 GB/6.0 GB   80 MB/s     49s[K[?25h[?2026l[?2026h[?25l[A[1Gpulling manifest [K
pulling a99b7f834d75:  33% ▕██████            ▏ 2.0 GB/6.0 GB   82 MB/s     48s[K[?25h[?2026l[?2026h[?25l[A[1Gpulling manifest [K
pulling a99b7f834d75:  34% ▕██████            ▏ 2.0 GB/6.0 GB   82 MB/s     48s[K[?25h[?2026l[?2026h[?25l[A[1Gpulling manifest [K
pulling a99b7f834d75:  34% ▕██████            ▏ 2.0 GB/6.0 GB   82 MB/s     48s[K[?25h[?2026l[?2026h[?25l[A[1Gpulling manifest [K
pulling a99b7f834d75:  34% ▕██████            ▏ 2.0 GB/6.0 GB   82 MB/s     47s[K[?25h[?2026l[?2026h[?25l[A[1Gpulling manifest [K
pulling a99b7f834d75:  34% ▕██████            ▏ 2.0 GB/6.0 GB   82 MB/s     47s[K[?25h[?2026l[?2026h[?25l[A[1Gpulling manifest [K
pulling a99b7f834d75:  34% ▕██████            ▏ 2.0 GB/6.0 GB   82 MB/s     47s[K[?25h[?2026l[?2026h[?25l[A[1Gpulling manifest [K
pulling a99b7f834d75:  34% ▕██████            ▏ 2.0 GB/6.0 GB   82 MB/s     47s[K[?25h[?2026l[?2026h[?25l[A[1Gpulling manifest [K
pulling a99b7f834d75:  34% ▕██████            ▏ 2.1 GB/6.0 GB   82 MB/s     47s[K[?25h[?2026l[?2026h[?25l[A[1Gpulling manifest [K
pulling a99b7f834d75:  35% ▕██████            ▏ 2.1 GB/6.0 GB   82 MB/s     47s[K[?25h[?2026l[?2026h[?25l[A[1Gpulling manifest [K
pulling a99b7f834d75:  35% ▕██████            ▏ 2.1 GB/6.0 GB   82 MB/s     47s[K[?25h[?2026l[?2026h[?25l[A[1Gpulling manifest [K
pulling a99b7f834d75:  35% ▕██████            ▏ 2.1 GB/6.0 GB   80 MB/s     48s[K[?25h[?2026l[?2026h[?25l[A[1Gpulling manifest [K
pulling a99b7f834d75:  35% ▕██████            ▏ 2.1 GB/6.0 GB   80 MB/s     48s[K[?25h[?2026l[?2026h[?25l[A[1Gpulling manifest [K
pulling a99b7f834d75:  35% ▕██████            ▏ 2.1 GB/6.0 GB   80 MB/s     48s[K[?25h[?2026l[?2026h[?25l[A[1Gpulling manifest [K
pulling a99b7f834d75:  35% ▕██████            ▏ 2.1 GB/6.0 GB   80 MB/s     48s[K[?25h[?2026l[?2026h[?25l[A[1Gpulling manifest [K
pulling a99b7f834d75:  35% ▕██████            ▏ 2.1 GB/6.0 GB   80 MB/s     48s[K[?25h[?2026l[?2026h[?25l[A[1Gpulling manifest [K
pulling a99b7f834d75:  35% ▕██████            ▏ 2.1 GB/6.0 GB   80 MB/s     48s[K[?25h[?2026l[?2026h[?25l[A[1Gpulling manifest [K
pulling a99b7f834d75:  35% ▕██████            ▏ 2.1 GB/6.0 GB   80 MB/s     47s[K[?25h[?2026l[?2026h[?25l[A[1Gpulling manifest [K
pulling a99b7f834d75:  35% ▕██████            ▏ 2.1 GB/6.0 GB   80 MB/s     47s[K[?25h[?2026l[?2026h[?25l[A[1Gpulling manifest [K
pulling a99b7f834d75:  35% ▕██████            ▏ 2.1 GB/6.0 GB   80 MB/s     47s[K[?25h[?2026l[?2026h[?25l[A[1Gpulling manifest [K
pulling a99b7f834d75:  36% ▕██████            ▏ 2.1 GB/6.0 GB   80 MB/s     47s[K[?25h[?2026l[?2026h[?25l[A[1Gpulling manifest [K
pulling a99b7f834d75:  36% ▕██████            ▏ 2.1 GB/6.0 GB   79 MB/s     48s[K[?25h[?2026l[?2026h[?25l[A[1Gpulling manifest [K
pulling a99b7f834d75:  36% ▕██████            ▏ 2.1 GB/6.0 GB   79 MB/s     48s[K[?25h[?2026l[?2026h[?25l[A[1Gpulling manifest [K
pulling a99b7f834d75:  36% ▕██████            ▏ 2.1 GB/6.0 GB   79 MB/s     48s[K[?25h[?2026l[?2026h[?25l[A[1Gpulling manifest [K
pulling a99b7f834d75:  36% ▕██████            ▏ 2.1 GB/6.0 GB   79 MB/s     47s[K[?25h[?2026l[?2026h[?25l[A[1Gpulling manifest [K
pulling a99b7f834d75:  36% ▕██████            ▏ 2.2 GB/6.0 GB   79 MB/s     47s[K[?25h[?2026l[?2026h[?25l[A[1Gpulling manifest [K
pulling a99b7f834d75:  36% ▕██████            ▏ 2.2 GB/6.0 GB   79 MB/s     47s[K[?25h[?2026l[?2026h[?25l[A[1Gpulling manifest [K
pulling a99b7f834d75:  36% ▕██████            ▏ 2.2 GB/6.0 GB   79 MB/s     47s[K[?25h[?2026l[?2026h[?25l[A[1Gpulling manifest [K
pulling a99b7f834d75:  36% ▕██████            ▏ 2.2 GB/6.0 GB   79 MB/s     47s[K[?25h[?2026l[?2026h[?25l[A[1Gpulling manifest [K
pulling a99b7f834d75:  36% ▕██████            ▏ 2.2 GB/6.0 GB   79 MB/s     47s[K[?25h[?2026l[?2026h[?25l[A[1Gpulling manifest [K
pulling a99b7f834d75:  37% ▕██████            ▏ 2.2 GB/6.0 GB   79 MB/s     47s[K[?25h[?2026l[?2026h[?25l[A[1Gpulling manifest [K
pulling a99b7f834d75:  37% ▕██████            ▏ 2.2 GB/6.0 GB   79 MB/s     47s[K[?25h[?2026l[?2026h[?25l[A[1Gpulling manifest [K
pulling a99b7f834d75:  37% ▕██████            ▏ 2.2 GB/6.0 GB   79 MB/s     47s[K[?25h[?2026l[?2026h[?25l[A[1Gpulling manifest [K
pulling a99b7f834d75:  37% ▕██████            ▏ 2.2 GB/6.0 GB   79 MB/s     47s[K[?25h[?2026l[?2026h[?25l[A[1Gpulling manifest [K
pulling a99b7f834d75:  37% ▕██████            ▏ 2.2 GB/6.0 GB   79 MB/s     47s[K[?25h[?2026l[?2026h[?25l[A[1Gpulling manifest [K
pulling a99b7f834d75:  37% ▕██████            ▏ 2.2 GB/6.0 GB   79 MB/s     47s[K[?25h[?2026l[?2026h[?25l[A[1Gpulling manifest [K
pulling a99b7f834d75:  37% ▕██████            ▏ 2.2 GB/6.0 GB   79 MB/s     47s[K[?25h[?2026l[?2026h[?25l[A[1Gpulling manifest [K
pulling a99b7f834d75:  37% ▕██████            ▏ 2.2 GB/6.0 GB   79 MB/s     47s[K[?25h[?2026l[?2026h[?25l[A[1Gpulling manifest [K
pulling a99b7f834d75:  37% ▕██████            ▏ 2.2 GB/6.0 GB   79 MB/s     47s[K[?25h[?2026l[?2026h[?25l[A[1Gpulling manifest [K
pulling a99b7f834d75:  37% ▕██████            ▏ 2.2 GB/6.0 GB   79 MB/s     47s[K[?25h[?2026l[?2026h[?25l[A[1Gpulling manifest [K
pulling a99b7f834d75:  37% ▕██████            ▏ 2.2 GB/6.0 GB   79 MB/s     47s[K[?25h[?2026l[?2026h[?25l[A[1Gpulling manifest [K
pulling a99b7f834d75:  37% ▕██████            ▏ 2.2 GB/6.0 GB   79 MB/s     47s[K[?25h[?2026l[?2026h[?25l[A[1Gpulling manifest [K
pulling a99b7f834d75:  37% ▕██████            ▏ 2.2 GB/6.0 GB   75 MB/s     49s[K[?25h[?2026l[?2026h[?25l[A[1Gpulling manifest [K
pulling a99b7f834d75:  37% ▕██████            ▏ 2.2 GB/6.0 GB   75 MB/s     49s[K[?25h[?2026l[?2026h[?25l[A[1Gpulling manifest [K
pulling a99b7f834d75:  37% ▕██████            ▏ 2.2 GB/6.0 GB   75 MB/s     49s[K[?25h[?2026l[?2026h[?25l[A[1Gpulling manifest [K
pulling a99b7f834d75:  37% ▕██████            ▏ 2.2 GB/6.0 GB   75 MB/s     49s[K[?25h[?2026l[?2026h[?25l[A[1Gpulling manifest [K
pulling a99b7f834d75:  37% ▕██████            ▏ 2.2 GB/6.0 GB   75 MB/s     49s[K[?25h[?2026l[?2026h[?25l[A[1Gpulling manifest [K
pulling a99b7f834d75:  37% ▕██████            ▏ 2.2 GB/6.0 GB   75 MB/s     49s[K[?25h[?2026l[?2026h[?25l[A[1Gpulling manifest [K
pulling a99b7f834d75:  37% ▕██████            ▏ 2.2 GB/6.0 GB   75 MB/s     49s[K[?25h[?2026l[?2026h[?25l[A[1Gpulling manifest [K
pulling a99b7f834d75:  37% ▕██████            ▏ 2.2 GB/6.0 GB   75 MB/s     49s[K[?25h[?2026l[?2026h[?25l[A[1Gpulling manifest [K
pulling a99b7f834d75:  37% ▕██████            ▏ 2.2 GB/6.0 GB   75 MB/s     49s[K[?25h[?2026l[?2026h[?25l[A[1Gpulling manifest [K
pulling a99b7f834d75:  38% ▕██████            ▏ 2.2 GB/6.0 GB   75 MB/s     49s[K[?25h[?2026l[?2026h[?25l[A[1Gpulling manifest [K
pulling a99b7f834d75:  38% ▕██████            ▏ 2.2 GB/6.0 GB   69 MB/s     53s[K[?25h[?2026l[?2026h[?25l[A[1Gpulling manifest [K
pulling a99b7f834d75:  38% ▕██████            ▏ 2.2 GB/6.0 GB   69 MB/s     53s[K[?25h[?2026l[?2026h[?25l[A[1Gpulling manifest [K
pulling a99b7f834d75:  38% ▕██████            ▏ 2.2 GB/6.0 GB   69 MB/s     53s[K[?25h[?2026l[?2026h[?25l[A[1Gpulling manifest [K
pulling a99b7f834d75:  38% ▕██████            ▏ 2.2 GB/6.0 GB   69 MB/s     53s[K[?25h[?2026l[?2026h[?25l[A[1Gpulling manifest [K
pulling a99b7f834d75:  38% ▕██████            ▏ 2.3 GB/6.0 GB   69 MB/s     53s[K[?25h[?2026l[?2026h[?25l[A[1Gpulling manifest [K
pulling a99b7f834d75:  38% ▕██████            ▏ 2.3 GB/6.0 GB   69 MB/s     53s[K[?25h[?2026l[?2026h[?25l[A[1Gpulling manifest [K
pulling a99b7f834d75:  38% ▕██████            ▏ 2.3 GB/6.0 GB   69 MB/s     53s[K[?25h[?2026l[?2026h[?25l[A[1Gpulling manifest [K
pulling a99b7f834d75:  38% ▕██████            ▏ 2.3 GB/6.0 GB   69 MB/s     53s[K[?25h[?2026l[?2026h[?25l[A[1Gpulling manifest [K
pulling a99b7f834d75:  38% ▕██████            ▏ 2.3 GB/6.0 GB   69 MB/s     52s[K[?25h[?2026l[?2026h[?25l[A[1Gpulling manifest [K
pulling a99b7f834d75:  38% ▕██████            ▏ 2.3 GB/6.0 GB   69 MB/s     52s[K[?25h[?2026l[?2026h[?25l[A[1Gpulling manifest [K
pulling a99b7f834d75:  38% ▕██████            ▏ 2.3 GB/6.0 GB   62 MB/s     58s[K[?25h[?2026l[?2026h[?25l[A[1Gpulling manifest [K
pulling a99b7f834d75:  38% ▕██████            ▏ 2.3 GB/6.0 GB   62 MB/s     58s[K[?25h[?2026l[?2026h[?25l[A[1Gpulling manifest [K
pulling a99b7f834d75:  38% ▕██████            ▏ 2.3 GB/6.0 GB   62 MB/s     58s[K[?25h[?2026l[?2026h[?25l[A[1Gpulling manifest [K
pulling a99b7f834d75:  38% ▕██████            ▏ 2.3 GB/6.0 GB   62 MB/s     58s[K[?25h[?2026l[?2026h[?25l[A[1Gpulling manifest [K
pulling a99b7f834d75:  38% ▕██████            ▏ 2.3 GB/6.0 GB   62 MB/s     58s[K[?25h[?2026l[?2026h[?25l[A[1Gpulling manifest [K
pulling a99b7f834d75:  38% ▕██████            ▏ 2.3 GB/6.0 GB   62 MB/s     58s[K[?25h[?2026l[?2026h[?25l[A[1Gpulling manifest [K
pulling a99b7f834d75:  38% ▕██████            ▏ 2.3 GB/6.0 GB   62 MB/s     58s[K[?25h[?2026l[?2026h[?25l[A[1Gpulling manifest [K
pulling a99b7f834d75:  38% ▕██████            ▏ 2.3 GB/6.0 GB   62 MB/s     58s[K[?25h[?2026l[?2026h[?25l[A[1Gpulling manifest [K
pulling a99b7f834d75:  38% ▕██████            ▏ 2.3 GB/6.0 GB   62 MB/s     58s[K[?25h[?2026l[?2026h[?25l[A[1Gpulling manifest [K
pulling a99b7f834d75:  38% ▕██████            ▏ 2.3 GB/6.0 GB   62 MB/s     58s[K[?25h[?2026l[?2026h[?25l[A[1Gpulling manifest [K
pulling a99b7f834d75:  39% ▕██████            ▏ 2.3 GB/6.0 GB   54 MB/s    1m6s[K[?25h[?2026l[?2026h[?25l[A[1Gpulling manifest [K
pulling a99b7f834d75:  39% ▕██████            ▏ 2.3 GB/6.0 GB   54 MB/s    1m6s[K[?25h[?2026l[?2026h[?25l[A[1Gpulling manifest [K
pulling a99b7f834d75:  39% ▕██████            ▏ 2.3 GB/6.0 GB   54 MB/s    1m6s[K[?25h[?2026l[?2026h[?25l[A[1Gpulling manifest [K
pulling a99b7f834d75:  39% ▕██████            ▏ 2.3 GB/6.0 GB   54 MB/s    1m6s[K[?25h[?2026l[?2026h[?25l[A[1Gpulling manifest [K
pulling a99b7f834d75:  39% ▕██████            ▏ 2.3 GB/6.0 GB   54 MB/s    1m6s[K[?25h[?2026l[?2026h[?25l[A[1Gpulling manifest [K
pulling a99b7f834d75:  39% ▕██████            ▏ 2.3 GB/6.0 GB   54 MB/s    1m6s[K[?25h[?2026l[?2026h[?25l[A[1Gpulling manifest [K
pulling a99b7f834d75:  39% ▕██████            ▏ 2.3 GB/6.0 GB   54 MB/s    1m6s[K[?25h[?2026l[?2026h[?25l[A[1Gpulling manifest [K
pulling a99b7f834d75:  39% ▕██████            ▏ 2.3 GB/6.0 GB   54 MB/s    1m6s[K[?25h[?2026l[?2026h[?25l[A[1Gpulling manifest [K
pulling a99b7f834d75:  39% ▕██████            ▏ 2.3 GB/6.0 GB   54 MB/s    1m6s[K[?25h[?2026l[?2026h[?25l[A[1Gpulling manifest [K
pulling a99b7f834d75:  39% ▕███████           ▏ 2.3 GB/6.0 GB   54 MB/s    1m6s[K[?25h[?2026l[?2026h[?25l[A[1Gpulling manifest [K
pulling a99b7f834d75:  39% ▕███████           ▏ 2.3 GB/6.0 GB   54 MB/s    1m6s[K[?25h[?2026l[?2026h[?25l[A[1Gpulling manifest [K
pulling a99b7f834d75:  39% ▕███████           ▏ 2.3 GB/6.0 GB   47 MB/s   1m16s[K[?25h[?2026l[?2026h[?25l[A[1Gpulling manifest [K
pulling a99b7f834d75:  39% ▕███████           ▏ 2.3 GB/6.0 GB   47 MB/s   1m16s[K[?25h[?2026l[?2026h[?25l[A[1Gpulling manifest [K
pulling a99b7f834d75:  39% ▕███████           ▏ 2.3 GB/6.0 GB   47 MB/s   1m16s[K[?25h[?2026l[?2026h[?25l[A[1Gpulling manifest [K
pulling a99b7f834d75:  39% ▕███████           ▏ 2.3 GB/6.0 GB   47 MB/s   1m16s[K[?25h[?2026l[?2026h[?25l[A[1Gpulling manifest [K
pulling a99b7f834d75:  39% ▕███████           ▏ 2.3 GB/6.0 GB   47 MB/s   1m16s[K[?25h[?2026l[?2026h[?25l[A[1Gpulling manifest [K
pulling a99b7f834d75:  39% ▕███████           ▏ 2.3 GB/6.0 GB   47 MB/s   1m16s[K[?25h[?2026l[?2026h[?25l[A[1Gpulling manifest [K
pulling a99b7f834d75:  39% ▕███████           ▏ 2.4 GB/6.0 GB   47 MB/s   1m16s[K[?25h[?2026l[?2026h[?25l[A[1Gpulling manifest [K
pulling a99b7f834d75:  39% ▕███████           ▏ 2.4 GB/6.0 GB   47 MB/s   1m16s[K[?25h[?2026l[?2026h[?25l[A[1Gpulling manifest [K
pulling a99b7f834d75:  40% ▕███████           ▏ 2.4 GB/6.0 GB   47 MB/s   1m15s[K[?25h[?2026l[?2026h[?25l[A[1Gpulling manifest [K
pulling a99b7f834d75:  40% ▕███████           ▏ 2.4 GB/6.0 GB   47 MB/s   1m15s[K[?25h[?2026l[?2026h[?25l[A[1Gpulling manifest [K
pulling a99b7f834d75:  40% ▕███████           ▏ 2.4 GB/6.0 GB   41 MB/s   1m26s[K[?25h[?2026l[?2026h[?25l[A[1Gpulling manifest [K
pulling a99b7f834d75:  40% ▕███████           ▏ 2.4 GB/6.0 GB   41 MB/s   1m26s[K[?25h[?2026l[?2026h[?25l[A[1Gpulling manifest [K
pulling a99b7f834d75:  40% ▕███████           ▏ 2.4 GB/6.0 GB   41 MB/s   1m26s[K[?25h[?2026l[?2026h[?25l[A[1Gpulling manifest [K
pulling a99b7f834d75:  40% ▕███████           ▏ 2.4 GB/6.0 GB   41 MB/s   1m26s[K[?25h[?2026l[?2026h[?25l[A[1Gpulling manifest [K
pulling a99b7f834d75:  40% ▕███████           ▏ 2.4 GB/6.0 GB   41 MB/s   1m26s[K[?25h[?2026l[?2026h[?25l[A[1Gpulling manifest [K
pulling a99b7f834d75:  40% ▕███████           ▏ 2.4 GB/6.0 GB   41 MB/s   1m26s[K[?25h[?2026l[?2026h[?25l[A[1Gpulling manifest [K
pulling a99b7f834d75:  40% ▕███████           ▏ 2.4 GB/6.0 GB   41 MB/s   1m25s[K[?25h[?2026l[?2026h[?25l[A[1Gpulling manifest [K
pulling a99b7f834d75:  40% ▕███████           ▏ 2.4 GB/6.0 GB   41 MB/s   1m25s[K[?25h[?2026l[?2026h[?25l[A[1Gpulling manifest [K
pulling a99b7f834d75:  40% ▕███████           ▏ 2.4 GB/6.0 GB   41 MB/s   1m25s[K[?25h[?2026l[?2026h[?25l[A[1Gpulling manifest [K
pulling a99b7f834d75:  41% ▕███████           ▏ 2.4 GB/6.0 GB   41 MB/s   1m25s[K[?25h[?2026l[?2026h[?25l[A[1Gpulling manifest [K
pulling a99b7f834d75:  41% ▕███████           ▏ 2.4 GB/6.0 GB   39 MB/s   1m30s[K[?25h[?2026l[?2026h[?25l[A[1Gpulling manifest [K
pulling a99b7f834d75:  41% ▕███████           ▏ 2.4 GB/6.0 GB   39 MB/s   1m30s[K[?25h[?2026l[?2026h[?25l[A[1Gpulling manifest [K
pulling a99b7f834d75:  41% ▕███████           ▏ 2.4 GB/6.0 GB   39 MB/s   1m30s[K[?25h[?2026l[?2026h[?25l[A[1Gpulling manifest [K
pulling a99b7f834d75:  41% ▕███████           ▏ 2.4 GB/6.0 GB   39 MB/s   1m30s[K[?25h[?2026l[?2026h[?25l[A[1Gpulling manifest [K
pulling a99b7f834d75:  41% ▕███████           ▏ 2.4 GB/6.0 GB   39 MB/s   1m30s[K[?25h[?2026l[?2026h[?25l[A[1Gpulling manifest [K
pulling a99b7f834d75:  41% ▕███████           ▏ 2.4 GB/6.0 GB   39 MB/s   1m30s[K[?25h[?2026l[?2026h[?25l[A[1Gpulling manifest [K
pulling a99b7f834d75:  41% ▕███████           ▏ 2.4 GB/6.0 GB   39 MB/s   1m30s[K[?25h[?2026l[?2026h[?25l[A[1Gpulling manifest [K
pulling a99b7f834d75:  41% ▕███████           ▏ 2.4 GB/6.0 GB   39 MB/s   1m30s[K[?25h[?2026l[?2026h[?25l[A[1Gpulling manifest [K
pulling a99b7f834d75:  41% ▕███████           ▏ 2.4 GB/6.0 GB   39 MB/s   1m30s[K[?25h[?2026l[?2026h[?25l[A[1Gpulling manifest [K
pulling a99b7f834d75:  41% ▕███████           ▏ 2.4 GB/6.0 GB   39 MB/s   1m30s[K[?25h[?2026l[?2026h[?25l[A[1Gpulling manifest [K
pulling a99b7f834d75:  41% ▕███████           ▏ 2.4 GB/6.0 GB   35 MB/s   1m38s[K[?25h[?2026l[?2026h[?25l[A[1Gpulling manifest [K
pulling a99b7f834d75:  41% ▕███████           ▏ 2.5 GB/6.0 GB   35 MB/s   1m38s[K[?25h[?2026l[?2026h[?25l[A[1Gpulling manifest [K
pulling a99b7f834d75:  41% ▕███████           ▏ 2.5 GB/6.0 GB   35 MB/s   1m38s[K[?25h[?2026l[?2026h[?25l[A[1Gpulling manifest [K
pulling a99b7f834d75:  41% ▕███████           ▏ 2.5 GB/6.0 GB   35 MB/s   1m38s[K[?25h[?2026l[?2026h[?25l[A[1Gpulling manifest [K
pulling a99b7f834d75:  41% ▕███████           ▏ 2.5 GB/6.0 GB   35 MB/s   1m38s[K[?25h[?2026l[?2026h[?25l[A[1Gpulling manifest [K
pulling a99b7f834d75:  41% ▕███████           ▏ 2.5 GB/6.0 GB   35 MB/s   1m38s[K[?25h[?2026l[?2026h[?25l[A[1Gpulling manifest [K
pulling a99b7f834d75:  41% ▕███████           ▏ 2.5 GB/6.0 GB   35 MB/s   1m38s[K[?25h[?2026l[?2026h[?25l[A[1Gpulling manifest [K
pulling a99b7f834d75:  41% ▕███████           ▏ 2.5 GB/6.0 GB   35 MB/s   1m38s[K[?25h[?2026l[?2026h[?25l[A[1Gpulling manifest [K
pulling a99b7f834d75:  41% ▕███████           ▏ 2.5 GB/6.0 GB   35 MB/s   1m38s[K[?25h[?2026l[?2026h[?25l[A[1Gpulling manifest [K
pulling a99b7f834d75:  42% ▕███████           ▏ 2.5 GB/6.0 GB   35 MB/s   1m38s[K[?25h[?2026l[?2026h[?25l[A[1Gpulling manifest [K
pulling a99b7f834d75:  42% ▕███████           ▏ 2.5 GB/6.0 GB   32 MB/s   1m48s[K[?25h[?2026l[?2026h[?25l[A[1Gpulling manifest [K
pulling a99b7f834d75:  42% ▕███████           ▏ 2.5 GB/6.0 GB   32 MB/s   1m48s[K[?25h[?2026l[?2026h[?25l[A[1Gpulling manifest [K
pulling a99b7f834d75:  42% ▕███████           ▏ 2.5 GB/6.0 GB   32 MB/s   1m48s[K[?25h[?2026l[?2026h[?25l[A[1Gpulling manifest [K
pulling a99b7f834d75:  42% ▕███████           ▏ 2.5 GB/6.0 GB   32 MB/s   1m47s[K[?25h[?2026l[?2026h[?25l[A[1Gpulling manifest [K
pulling a99b7f834d75:  42% ▕███████           ▏ 2.5 GB/6.0 GB   32 MB/s   1m47s[K[?25h[?2026l[?2026h[?25l[A[1Gpulling manifest [K
pulling a99b7f834d75:  42% ▕███████           ▏ 2.5 GB/6.0 GB   32 MB/s   1m47s[K[?25h[?2026l[?2026h[?25l[A[1Gpulling manifest [K
pulling a99b7f834d75:  42% ▕███████           ▏ 2.5 GB/6.0 GB   32 MB/s   1m47s[K[?25h[?2026l[?2026h[?25l[A[1Gpulling manifest [K
pulling a99b7f834d75:  42% ▕███████           ▏ 2.5 GB/6.0 GB   32 MB/s   1m47s[K[?25h[?2026l[?2026h[?25l[A[1Gpulling manifest [K
pulling a99b7f834d75:  42% ▕███████           ▏ 2.5 GB/6.0 GB   32 MB/s   1m47s[K[?25h[?2026l[?2026h[?25l[A[1Gpulling manifest [K
pulling a99b7f834d75:  42% ▕███████           ▏ 2.5 GB/6.0 GB   32 MB/s   1m47s[K[?25h[?2026l[?2026h[?25l[A[1Gpulling manifest [K
pulling a99b7f834d75:  42% ▕███████           ▏ 2.5 GB/6.0 GB   32 MB/s   1m47s[K[?25h[?2026l[?2026h[?25l[A[1Gpulling manifest [K
pulling a99b7f834d75:  42% ▕███████           ▏ 2.5 GB/6.0 GB   33 MB/s   1m44s[K[?25h[?2026l[?2026h[?25l[A[1Gpulling manifest [K
pulling a99b7f834d75:  42% ▕███████           ▏ 2.5 GB/6.0 GB   33 MB/s   1m44s[K[?25h[?2026l[?2026h[?25l[A[1Gpulling manifest [K
pulling a99b7f834d75:  42% ▕███████           ▏ 2.5 GB/6.0 GB   33 MB/s   1m44s[K[?25h[?2026l[?2026h[?25l[A[1Gpulling manifest [K
pulling a99b7f834d75:  42% ▕███████           ▏ 2.5 GB/6.0 GB   33 MB/s   1m44s[K[?25h[?2026l[?2026h[?25l[A[1Gpulling manifest [K
pulling a99b7f834d75:  42% ▕███████           ▏ 2.5 GB/6.0 GB   33 MB/s   1m44s[K[?25h[?2026l[?2026h[?25l[A[1Gpulling manifest [K
pulling a99b7f834d75:  42% ▕███████           ▏ 2.5 GB/6.0 GB   33 MB/s   1m44s[K[?25h[?2026l[?2026h[?25l[A[1Gpulling manifest [K
pulling a99b7f834d75:  42% ▕███████           ▏ 2.5 GB/6.0 GB   33 MB/s   1m44s[K[?25h[?2026l[?2026h[?25l[A[1Gpulling manifest [K
pulling a99b7f834d75:  42% ▕███████           ▏ 2.5 GB/6.0 GB   33 MB/s   1m44s[K[?25h[?2026l[?2026h[?25l[A[1Gpulling manifest [K
pulling a99b7f834d75:  42% ▕███████           ▏ 2.5 GB/6.0 GB   33 MB/s   1m44s[K[?25h[?2026l[?2026h[?25l[A[1Gpulling manifest [K
pulling a99b7f834d75:  42% ▕███████           ▏ 2.5 GB/6.0 GB   33 MB/s   1m43s[K[?25h[?2026l[?2026h[?25l[A[1Gpulling manifest [K
pulling a99b7f834d75:  43% ▕███████           ▏ 2.5 GB/6.0 GB   32 MB/s   1m45s[K[?25h[?2026l[?2026h[?25l[A[1Gpulling manifest [K
pulling a99b7f834d75:  43% ▕███████           ▏ 2.5 GB/6.0 GB   32 MB/s   1m45s[K[?25h[?2026l[?2026h[?25l[A[1Gpulling manifest [K
pulling a99b7f834d75:  43% ▕███████           ▏ 2.5 GB/6.0 GB   32 MB/s   1m45s[K[?25h[?2026l[?2026h[?25l[A[1Gpulling manifest [K
pulling a99b7f834d75:  43% ▕███████           ▏ 2.5 GB/6.0 GB   32 MB/s   1m44s[K[?25h[?2026l[?2026h[?25l[A[1Gpulling manifest [K
pulling a99b7f834d75:  43% ▕███████           ▏ 2.6 GB/6.0 GB   32 MB/s   1m44s[K[?25h[?2026l[?2026h[?25l[A[1Gpulling manifest [K
pulling a99b7f834d75:  43% ▕███████           ▏ 2.6 GB/6.0 GB   32 MB/s   1m44s[K[?25h[?2026l[?2026h[?25l[A[1Gpulling manifest [K
pulling a99b7f834d75:  43% ▕███████           ▏ 2.6 GB/6.0 GB   32 MB/s   1m44s[K[?25h[?2026l[?2026h[?25l[A[1Gpulling manifest [K
pulling a99b7f834d75:  43% ▕███████           ▏ 2.6 GB/6.0 GB   32 MB/s   1m44s[K[?25h[?2026l[?2026h[?25l[A[1Gpulling manifest [K
pulling a99b7f834d75:  43% ▕███████           ▏ 2.6 GB/6.0 GB   32 MB/s   1m44s[K[?25h[?2026l[?2026h[?25l[A[1Gpulling manifest [K
pulling a99b7f834d75:  43% ▕███████           ▏ 2.6 GB/6.0 GB   32 MB/s   1m43s[K[?25h[?2026l[?2026h[?25l[A[1Gpulling manifest [K
pulling a99b7f834d75:  43% ▕███████           ▏ 2.6 GB/6.0 GB   34 MB/s   1m36s[K[?25h[?2026l[?2026h[?25l[A[1Gpulling manifest [K
pulling a99b7f834d75:  43% ▕███████           ▏ 2.6 GB/6.0 GB   34 MB/s   1m36s[K[?25h[?2026l[?2026h[?25l[A[1Gpulling manifest [K
pulling a99b7f834d75:  44% ▕███████           ▏ 2.6 GB/6.0 GB   34 MB/s   1m36s[K[?25h[?2026l[?2026h[?25l[A[1Gpulling manifest [K
pulling a99b7f834d75:  44% ▕███████           ▏ 2.6 GB/6.0 GB   34 MB/s   1m36s[K[?25h[?2026l[?2026h[?25l[A[1Gpulling manifest [K
pulling a99b7f834d75:  44% ▕███████           ▏ 2.6 GB/6.0 GB   34 MB/s   1m36s[K[?25h[?2026l[?2026h[?25l[A[1Gpulling manifest [K
pulling a99b7f834d75:  44% ▕███████           ▏ 2.6 GB/6.0 GB   34 MB/s   1m35s[K[?25h[?2026l[?2026h[?25l[A[1Gpulling manifest [K
pulling a99b7f834d75:  44% ▕███████           ▏ 2.6 GB/6.0 GB   34 MB/s   1m35s[K[?25h[?2026l[?2026h[?25l[A[1Gpulling manifest [K
pulling a99b7f834d75:  44% ▕███████           ▏ 2.6 GB/6.0 GB   34 MB/s   1m35s[K[?25h[?2026l[?2026h[?25l[A[1Gpulling manifest [K
pulling a99b7f834d75:  45% ▕████████          ▏ 2.7 GB/6.0 GB   34 MB/s   1m34s[K[?25h[?2026l[?2026h[?25l[A[1Gpulling manifest [K
pulling a99b7f834d75:  45% ▕████████          ▏ 2.7 GB/6.0 GB   34 MB/s   1m34s[K[?25h[?2026l[?2026h[?25l[A[1Gpulling manifest [K
pulling a99b7f834d75:  45% ▕████████          ▏ 2.7 GB/6.0 GB   41 MB/s   1m19s[K[?25h[?2026l[?2026h[?25l[A[1Gpulling manifest [K
pulling a99b7f834d75:  45% ▕████████          ▏ 2.7 GB/6.0 GB   41 MB/s   1m19s[K[?25h[?2026l[?2026h[?25l[A[1Gpulling manifest [K
pulling a99b7f834d75:  45% ▕████████          ▏ 2.7 GB/6.0 GB   41 MB/s   1m19s[K[?25h[?2026l[?2026h[?25l[A[1Gpulling manifest [K
pulling a99b7f834d75:  45% ▕████████          ▏ 2.7 GB/6.0 GB   41 MB/s   1m18s[K[?25h[?2026l[?2026h[?25l[A[1Gpulling manifest [K
pulling a99b7f834d75:  45% ▕████████          ▏ 2.7 GB/6.0 GB   41 MB/s   1m18s[K[?25h[?2026l[?2026h[?25l[A[1Gpulling manifest [K
pulling a99b7f834d75:  45% ▕████████          ▏ 2.7 GB/6.0 GB   41 MB/s   1m18s[K[?25h[?2026l[?2026h[?25l[A[1Gpulling manifest [K
pulling a99b7f834d75:  46% ▕████████          ▏ 2.7 GB/6.0 GB   41 MB/s   1m18s[K[?25h[?2026l[?2026h[?25l[A[1Gpulling manifest [K
pulling a99b7f834d75:  46% ▕████████          ▏ 2.7 GB/6.0 GB   41 MB/s   1m18s[K[?25h[?2026l[?2026h[?25l[A[1Gpulling manifest [K
pulling a99b7f834d75:  46% ▕████████          ▏ 2.7 GB/6.0 GB   41 MB/s   1m18s[K[?25h[?2026l[?2026h[?25l[A[1Gpulling manifest [K
pulling a99b7f834d75:  46% ▕████████          ▏ 2.7 GB/6.0 GB   41 MB/s   1m18s[K[?25h[?2026l[?2026h[?25l[A[1Gpulling manifest [K
pulling a99b7f834d75:  46% ▕████████          ▏ 2.7 GB/6.0 GB   45 MB/s   1m10s[K[?25h[?2026l[?2026h[?25l[A[1Gpulling manifest [K
pulling a99b7f834d75:  46% ▕████████          ▏ 2.7 GB/6.0 GB   45 MB/s   1m10s[K[?25h[?2026l[?2026h[?25l[A[1Gpulling manifest [K
pulling a99b7f834d75:  46% ▕████████          ▏ 2.7 GB/6.0 GB   45 MB/s   1m10s[K[?25h[?2026l[?2026h[?25l[A[1Gpulling manifest [K
pulling a99b7f834d75:  46% ▕████████          ▏ 2.7 GB/6.0 GB   45 MB/s   1m10s[K[?25h[?2026l[?2026h[?25l[A[1Gpulling manifest [K
pulling a99b7f834d75:  46% ▕████████          ▏ 2.7 GB/6.0 GB   45 MB/s   1m10s[K[?25h[?2026l[?2026h[?25l[A[1Gpulling manifest [K
pulling a99b7f834d75:  46% ▕████████          ▏ 2.7 GB/6.0 GB   45 MB/s   1m10s[K[?25h[?2026l[?2026h[?25l[A[1Gpulling manifest [K
pulling a99b7f834d75:  46% ▕████████          ▏ 2.7 GB/6.0 GB   45 MB/s   1m10s[K[?25h[?2026l[?2026h[?25l[A[1Gpulling manifest [K
pulling a99b7f834d75:  46% ▕████████          ▏ 2.8 GB/6.0 GB   45 MB/s   1m10s[K[?25h[?2026l[?2026h[?25l[A[1Gpulling manifest [K
pulling a99b7f834d75:  46% ▕████████          ▏ 2.8 GB/6.0 GB   45 MB/s   1m10s[K[?25h[?2026l[?2026h[?25l[A[1Gpulling manifest [K
pulling a99b7f834d75:  46% ▕████████          ▏ 2.8 GB/6.0 GB   45 MB/s   1m10s[K[?25h[?2026l[?2026h[?25l[A[1Gpulling manifest [K
pulling a99b7f834d75:  46% ▕████████          ▏ 2.8 GB/6.0 GB   45 MB/s   1m10s[K[?25h[?2026l[?2026h[?25l[A[1Gpulling manifest [K
pulling a99b7f834d75:  46% ▕████████          ▏ 2.8 GB/6.0 GB   43 MB/s   1m13s[K[?25h[?2026l[?2026h[?25l[A[1Gpulling manifest [K
pulling a99b7f834d75:  46% ▕████████          ▏ 2.8 GB/6.0 GB   43 MB/s   1m13s[K[?25h[?2026l[?2026h[?25l[A[1Gpulling manifest [K
pulling a99b7f834d75:  46% ▕████████          ▏ 2.8 GB/6.0 GB   43 MB/s   1m13s[K[?25h[?2026l[?2026h[?25l[A[1Gpulling manifest [K
pulling a99b7f834d75:  46% ▕████████          ▏ 2.8 GB/6.0 GB   43 MB/s   1m12s[K[?25h[?2026l[?2026h[?25l[A[1Gpulling manifest [K
pulling a99b7f834d75:  47% ▕████████          ▏ 2.8 GB/6.0 GB   43 MB/s   1m12s[K[?25h[?2026l[?2026h[?25l[A[1Gpulling manifest [K
pulling a99b7f834d75:  47% ▕████████          ▏ 2.8 GB/6.0 GB   43 MB/s   1m12s[K[?25h[?2026l[?2026h[?25l[A[1Gpulling manifest [K
pulling a99b7f834d75:  47% ▕████████          ▏ 2.8 GB/6.0 GB   43 MB/s   1m12s[K[?25h[?2026l[?2026h[?25l[A[1Gpulling manifest [K
pulling a99b7f834d75:  47% ▕████████          ▏ 2.8 GB/6.0 GB   43 MB/s   1m12s[K[?25h[?2026l[?2026h[?25l[A[1Gpulling manifest [K
pulling a99b7f834d75:  47% ▕████████          ▏ 2.8 GB/6.0 GB   43 MB/s   1m12s[K[?25h[?2026l[?2026h[?25l[A[1Gpulling manifest [K
pulling a99b7f834d75:  47% ▕████████          ▏ 2.8 GB/6.0 GB   43 MB/s   1m12s[K[?25h[?2026l[?2026h[?25l[A[1Gpulling manifest [K
pulling a99b7f834d75:  47% ▕████████          ▏ 2.8 GB/6.0 GB   40 MB/s   1m17s[K[?25h[?2026l[?2026h[?25l[A[1Gpulling manifest [K
pulling a99b7f834d75:  47% ▕████████          ▏ 2.8 GB/6.0 GB   40 MB/s   1m17s[K[?25h[?2026l[?2026h[?25l[A[1Gpulling manifest [K
pulling a99b7f834d75:  47% ▕████████          ▏ 2.8 GB/6.0 GB   40 MB/s   1m17s[K[?25h[?2026l[?2026h[?25l[A[1Gpulling manifest [K
pulling a99b7f834d75:  47% ▕████████          ▏ 2.8 GB/6.0 GB   40 MB/s   1m17s[K[?25h[?2026l[?2026h[?25l[A[1Gpulling manifest [K
pulling a99b7f834d75:  47% ▕████████          ▏ 2.8 GB/6.0 GB   40 MB/s   1m17s[K[?25h[?2026l[?2026h[?25l[A[1Gpulling manifest [K
pulling a99b7f834d75:  47% ▕████████          ▏ 2.8 GB/6.0 GB   40 MB/s   1m17s[K[?25h[?2026l[?2026h[?25l[A[1Gpulling manifest [K
pulling a99b7f834d75:  47% ▕████████          ▏ 2.8 GB/6.0 GB   40 MB/s   1m17s[K[?25h[?2026l[?2026h[?25l[A[1Gpulling manifest [K
pulling a99b7f834d75:  47% ▕████████          ▏ 2.8 GB/6.0 GB   40 MB/s   1m17s[K[?25h[?2026l[?2026h[?25l[A[1Gpulling manifest [K
pulling a99b7f834d75:  47% ▕████████          ▏ 2.8 GB/6.0 GB   40 MB/s   1m16s[K[?25h[?2026l[?2026h[?25l[A[1Gpulling manifest [K
pulling a99b7f834d75:  47% ▕████████          ▏ 2.8 GB/6.0 GB   40 MB/s   1m16s[K[?25h[?2026l[?2026h[?25l[A[1Gpulling manifest [K
pulling a99b7f834d75:  47% ▕████████          ▏ 2.8 GB/6.0 GB   41 MB/s   1m16s[K[?25h[?2026l[?2026h[?25l[A[1Gpulling manifest [K
pulling a99b7f834d75:  47% ▕████████          ▏ 2.8 GB/6.0 GB   41 MB/s   1m16s[K[?25h[?2026l[?2026h[?25l[A[1Gpulling manifest [K
pulling a99b7f834d75:  47% ▕████████          ▏ 2.8 GB/6.0 GB   41 MB/s   1m16s[K[?25h[?2026l[?2026h[?25l[A[1Gpulling manifest [K
pulling a99b7f834d75:  47% ▕████████          ▏ 2.8 GB/6.0 GB   41 MB/s   1m15s[K[?25h[?2026l[?2026h[?25l[A[1Gpulling manifest [K
pulling a99b7f834d75:  47% ▕████████          ▏ 2.8 GB/6.0 GB   41 MB/s   1m15s[K[?25h[?2026l[?2026h[?25l[A[1Gpulling manifest [K
pulling a99b7f834d75:  48% ▕████████          ▏ 2.8 GB/6.0 GB   41 MB/s   1m15s[K[?25h[?2026l[?2026h[?25l[A[1Gpulling manifest [K
pulling a99b7f834d75:  48% ▕████████          ▏ 2.8 GB/6.0 GB   41 MB/s   1m15s[K[?25h[?2026l[?2026h[?25l[A[1Gpulling manifest [K
pulling a99b7f834d75:  48% ▕████████          ▏ 2.8 GB/6.0 GB   41 MB/s   1m15s[K[?25h[?2026l[?2026h[?25l[A[1Gpulling manifest [K
pulling a99b7f834d75:  48% ▕████████          ▏ 2.8 GB/6.0 GB   41 MB/s   1m15s[K[?25h[?2026l[?2026h[?25l[A[1Gpulling manifest [K
pulling a99b7f834d75:  48% ▕████████          ▏ 2.8 GB/6.0 GB   41 MB/s   1m15s[K[?25h[?2026l[?2026h[?25l[A[1Gpulling manifest [K
pulling a99b7f834d75:  48% ▕████████          ▏ 2.8 GB/6.0 GB   40 MB/s   1m16s[K[?25h[?2026l[?2026h[?25l[A[1Gpulling manifest [K
pulling a99b7f834d75:  48% ▕████████          ▏ 2.9 GB/6.0 GB   40 MB/s   1m16s[K[?25h[?2026l[?2026h[?25l[A[1Gpulling manifest [K
pulling a99b7f834d75:  48% ▕████████          ▏ 2.9 GB/6.0 GB   40 MB/s   1m16s[K[?25h[?2026l[?2026h[?25l[A[1Gpulling manifest [K
pulling a99b7f834d75:  48% ▕████████          ▏ 2.9 GB/6.0 GB   40 MB/s   1m16s[K[?25h[?2026l[?2026h[?25l[A[1Gpulling manifest [K
pulling a99b7f834d75:  48% ▕████████          ▏ 2.9 GB/6.0 GB   40 MB/s   1m16s[K[?25h[?2026l[?2026h[?25l[A[1Gpulling manifest [K
pulling a99b7f834d75:  48% ▕████████          ▏ 2.9 GB/6.0 GB   40 MB/s   1m16s[K[?25h[?2026l[?2026h[?25l[A[1Gpulling manifest [K
pulling a99b7f834d75:  48% ▕████████          ▏ 2.9 GB/6.0 GB   40 MB/s   1m15s[K[?25h[?2026l[?2026h[?25l[A[1Gpulling manifest [K
pulling a99b7f834d75:  48% ▕████████          ▏ 2.9 GB/6.0 GB   40 MB/s   1m15s[K[?25h[?2026l[?2026h[?25l[A[1Gpulling manifest [K
pulling a99b7f834d75:  48% ▕████████          ▏ 2.9 GB/6.0 GB   40 MB/s   1m15s[K[?25h[?2026l[?2026h[?25l[A[1Gpulling manifest [K
pulling a99b7f834d75:  48% ▕████████          ▏ 2.9 GB/6.0 GB   40 MB/s   1m15s[K[?25h[?2026l[?2026h[?25l[A[1Gpulling manifest [K
pulling a99b7f834d75:  48% ▕████████          ▏ 2.9 GB/6.0 GB   40 MB/s   1m16s[K[?25h[?2026l[?2026h[?25l[A[1Gpulling manifest [K
pulling a99b7f834d75:  48% ▕████████          ▏ 2.9 GB/6.0 GB   40 MB/s   1m16s[K[?25h[?2026l[?2026h[?25l[A[1Gpulling manifest [K
pulling a99b7f834d75:  48% ▕████████          ▏ 2.9 GB/6.0 GB   40 MB/s   1m16s[K[?25h[?2026l[?2026h[?25l[A[1Gpulling manifest [K
pulling a99b7f834d75:  48% ▕████████          ▏ 2.9 GB/6.0 GB   40 MB/s   1m16s[K[?25h[?2026l[?2026h[?25l[A[1Gpulling manifest [K
pulling a99b7f834d75:  48% ▕████████          ▏ 2.9 GB/6.0 GB   40 MB/s   1m16s[K[?25h[?2026l[?2026h[?25l[A[1Gpulling manifest [K
pulling a99b7f834d75:  48% ▕████████          ▏ 2.9 GB/6.0 GB   40 MB/s   1m16s[K[?25h[?2026l[?2026h[?25l[A[1Gpulling manifest [K
pulling a99b7f834d75:  48% ▕████████          ▏ 2.9 GB/6.0 GB   40 MB/s   1m16s[K[?25h[?2026l[?2026h[?25l[A[1Gpulling manifest [K
pulling a99b7f834d75:  48% ▕████████          ▏ 2.9 GB/6.0 GB   40 MB/s   1m16s[K[?25h[?2026l[?2026h[?25l[A[1Gpulling manifest [K
pulling a99b7f834d75:  49% ▕████████          ▏ 2.9 GB/6.0 GB   40 MB/s   1m16s[K[?25h[?2026l[?2026h[?25l[A[1Gpulling manifest [K
pulling a99b7f834d75:  49% ▕████████          ▏ 2.9 GB/6.0 GB   40 MB/s   1m16s[K[?25h[?2026l[?2026h[?25l[A[1Gpulling manifest [K
pulling a99b7f834d75:  49% ▕████████          ▏ 2.9 GB/6.0 GB   40 MB/s   1m16s[K[?25h[?2026l[?2026h[?25l[A[1Gpulling manifest [K
pulling a99b7f834d75:  49% ▕████████          ▏ 2.9 GB/6.0 GB   40 MB/s   1m14s[K[?25h[?2026l[?2026h[?25l[A[1Gpulling manifest [K
pulling a99b7f834d75:  49% ▕████████          ▏ 2.9 GB/6.0 GB   40 MB/s   1m14s[K[?25h[?2026l[?2026h[?25l[A[1Gpulling manifest [K
pulling a99b7f834d75:  49% ▕████████          ▏ 2.9 GB/6.0 GB   40 MB/s   1m14s[K[?25h[?2026l[?2026h[?25l[A[1Gpulling manifest [K
pulling a99b7f834d75:  49% ▕████████          ▏ 2.9 GB/6.0 GB   40 MB/s   1m14s[K[?25h[?2026l[?2026h[?25l[A[1Gpulling manifest [K
pulling a99b7f834d75:  49% ▕████████          ▏ 2.9 GB/6.0 GB   40 MB/s   1m14s[K[?25h[?2026l[?2026h[?25l[A[1Gpulling manifest [K
pulling a99b7f834d75:  49% ▕████████          ▏ 2.9 GB/6.0 GB   40 MB/s   1m14s[K[?25h[?2026l[?2026h[?25l[A[1Gpulling manifest [K
pulling a99b7f834d75:  49% ▕████████          ▏ 2.9 GB/6.0 GB   40 MB/s   1m14s[K[?25h[?2026l[?2026h[?25l[A[1Gpulling manifest [K
pulling a99b7f834d75:  49% ▕████████          ▏ 2.9 GB/6.0 GB   40 MB/s   1m14s[K[?25h[?2026l[?2026h[?25l[A[1Gpulling manifest [K
pulling a99b7f834d75:  49% ▕████████          ▏ 2.9 GB/6.0 GB   40 MB/s   1m14s[K[?25h[?2026l[?2026h[?25l[A[1Gpulling manifest [K
pulling a99b7f834d75:  49% ▕████████          ▏ 2.9 GB/6.0 GB   40 MB/s   1m14s[K[?25h[?2026l[?2026h[?25l[A[1Gpulling manifest [K
pulling a99b7f834d75:  49% ▕████████          ▏ 2.9 GB/6.0 GB   37 MB/s   1m20s[K[?25h[?2026l[?2026h[?25l[A[1Gpulling manifest [K
pulling a99b7f834d75:  49% ▕████████          ▏ 2.9 GB/6.0 GB   37 MB/s   1m20s[K[?25h[?2026l[?2026h[?25l[A[1Gpulling manifest [K
pulling a99b7f834d75:  49% ▕████████          ▏ 2.9 GB/6.0 GB   37 MB/s   1m19s[K[?25h[?2026l[?2026h[?25l[A[1Gpulling manifest [K
pulling a99b7f834d75:  49% ▕████████          ▏ 2.9 GB/6.0 GB   37 MB/s   1m19s[K[?25h[?2026l[?2026h[?25l[A[1Gpulling manifest [K
pulling a99b7f834d75:  49% ▕████████          ▏ 2.9 GB/6.0 GB   37 MB/s   1m19s[K[?25h[?2026l[?2026h[?25l[A[1Gpulling manifest [K
pulling a99b7f834d75:  49% ▕████████          ▏ 2.9 GB/6.0 GB   37 MB/s   1m19s[K[?25h[?2026l[?2026h[?25l[A[1Gpulling manifest [K
pulling a99b7f834d75:  49% ▕████████          ▏ 2.9 GB/6.0 GB   37 MB/s   1m19s[K[?25h[?2026l[?2026h[?25l[A[1Gpulling manifest [K
pulling a99b7f834d75:  49% ▕████████          ▏ 2.9 GB/6.0 GB   37 MB/s   1m19s[K[?25h[?2026l[?2026h[?25l[A[1Gpulling manifest [K
pulling a99b7f834d75:  49% ▕████████          ▏ 3.0 GB/6.0 GB   37 MB/s   1m19s[K[?25h[?2026l[?2026h[?25l[A[1Gpulling manifest [K
pulling a99b7f834d75:  50% ▕████████          ▏ 3.0 GB/6.0 GB   37 MB/s   1m19s[K[?25h[?2026l[?2026h[?25l[A[1Gpulling manifest [K
pulling a99b7f834d75:  50% ▕████████          ▏ 3.0 GB/6.0 GB   31 MB/s   1m34s[K[?25h[?2026l[?2026h[?25l[A[1Gpulling manifest [K
pulling a99b7f834d75:  50% ▕████████          ▏ 3.0 GB/6.0 GB   31 MB/s   1m34s[K[?25h[?2026l[?2026h[?25l[A[1Gpulling manifest [K
pulling a99b7f834d75:  50% ▕████████          ▏ 3.0 GB/6.0 GB   31 MB/s   1m34s[K[?25h[?2026l[?2026h[?25l[A[1Gpulling manifest [K
pulling a99b7f834d75:  50% ▕████████          ▏ 3.0 GB/6.0 GB   31 MB/s   1m34s[K[?25h[?2026l[?2026h[?25l[A[1Gpulling manifest [K
pulling a99b7f834d75:  50% ▕████████          ▏ 3.0 GB/6.0 GB   31 MB/s   1m34s[K[?25h[?2026l[?2026h[?25l[A[1Gpulling manifest [K
pulling a99b7f834d75:  50% ▕████████          ▏ 3.0 GB/6.0 GB   31 MB/s   1m34s[K[?25h[?2026l[?2026h[?25l[A[1Gpulling manifest [K
pulling a99b7f834d75:  50% ▕████████          ▏ 3.0 GB/6.0 GB   31 MB/s   1m34s[K[?25h[?2026l[?2026h[?25l[A[1Gpulling manifest [K
pulling a99b7f834d75:  50% ▕████████          ▏ 3.0 GB/6.0 GB   31 MB/s   1m34s[K[?25h[?2026l[?2026h[?25l[A[1Gpulling manifest [K
pulling a99b7f834d75:  50% ▕████████          ▏ 3.0 GB/6.0 GB   31 MB/s   1m34s[K[?25h[?2026l[?2026h[?25l[A[1Gpulling manifest [K
pulling a99b7f834d75:  50% ▕████████          ▏ 3.0 GB/6.0 GB   31 MB/s   1m34s[K[?25h[?2026l[?2026h[?25l[A[1Gpulling manifest [K
pulling a99b7f834d75:  50% ▕█████████         ▏ 3.0 GB/6.0 GB   27 MB/s   1m47s[K[?25h[?2026l[?2026h[?25l[A[1Gpulling manifest [K
pulling a99b7f834d75:  50% ▕█████████         ▏ 3.0 GB/6.0 GB   27 MB/s   1m47s[K[?25h[?2026l[?2026h[?25l[A[1Gpulling manifest [K
pulling a99b7f834d75:  50% ▕█████████         ▏ 3.0 GB/6.0 GB   27 MB/s   1m47s[K[?25h[?2026l[?2026h[?25l[A[1Gpulling manifest [K
pulling a99b7f834d75:  50% ▕█████████         ▏ 3.0 GB/6.0 GB   27 MB/s   1m47s[K[?25h[?2026l[?2026h[?25l[A[1Gpulling manifest [K
pulling a99b7f834d75:  50% ▕█████████         ▏ 3.0 GB/6.0 GB   27 MB/s   1m47s[K[?25h[?2026l[?2026h[?25l[A[1Gpulling manifest [K
pulling a99b7f834d75:  50% ▕█████████         ▏ 3.0 GB/6.0 GB   27 MB/s   1m47s[K[?25h[?2026l[?2026h[?25l[A[1Gpulling manifest [K
pulling a99b7f834d75:  50% ▕█████████         ▏ 3.0 GB/6.0 GB   27 MB/s   1m47s[K[?25h[?2026l[?2026h[?25l[A[1Gpulling manifest [K
pulling a99b7f834d75:  50% ▕█████████         ▏ 3.0 GB/6.0 GB   27 MB/s   1m47s[K[?25h[?2026l[?2026h[?25l[A[1Gpulling manifest [K
pulling a99b7f834d75:  50% ▕█████████         ▏ 3.0 GB/6.0 GB   27 MB/s   1m46s[K[?25h[?2026l[?2026h[?25l[A[1Gpulling manifest [K
pulling a99b7f834d75:  51% ▕█████████         ▏ 3.0 GB/6.0 GB   27 MB/s   1m46s[K[?25h[?2026l[?2026h[?25l[A[1Gpulling manifest [K
pulling a99b7f834d75:  51% ▕█████████         ▏ 3.0 GB/6.0 GB   28 MB/s   1m42s[K[?25h[?2026l[?2026h[?25l[A[1Gpulling manifest [K
pulling a99b7f834d75:  51% ▕█████████         ▏ 3.0 GB/6.0 GB   28 MB/s   1m42s[K[?25h[?2026l[?2026h[?25l[A[1Gpulling manifest [K
pulling a99b7f834d75:  51% ▕█████████         ▏ 3.0 GB/6.0 GB   28 MB/s   1m42s[K[?25h[?2026l[?2026h[?25l[A[1Gpulling manifest [K
pulling a99b7f834d75:  51% ▕█████████         ▏ 3.0 GB/6.0 GB   28 MB/s   1m42s[K[?25h[?2026l[?2026h[?25l[A[1Gpulling manifest [K
pulling a99b7f834d75:  51% ▕█████████         ▏ 3.0 GB/6.0 GB   28 MB/s   1m42s[K[?25h[?2026l[?2026h[?25l[A[1Gpulling manifest [K
pulling a99b7f834d75:  51% ▕█████████         ▏ 3.0 GB/6.0 GB   28 MB/s   1m41s[K[?25h[?2026l[?2026h[?25l[A[1Gpulling manifest [K
pulling a99b7f834d75:  51% ▕█████████         ▏ 3.1 GB/6.0 GB   28 MB/s   1m41s[K[?25h[?2026l[?2026h[?25l[A[1Gpulling manifest [K
pulling a99b7f834d75:  51% ▕█████████         ▏ 3.1 GB/6.0 GB   28 MB/s   1m41s[K[?25h[?2026l[?2026h[?25l[A[1Gpulling manifest [K
pulling a99b7f834d75:  51% ▕█████████         ▏ 3.1 GB/6.0 GB   28 MB/s   1m41s[K[?25h[?2026l[?2026h[?25l[A[1Gpulling manifest [K
pulling a99b7f834d75:  52% ▕█████████         ▏ 3.1 GB/6.0 GB   28 MB/s   1m40s[K[?25h[?2026l[?2026h[?25l[A[1Gpulling manifest [K
pulling a99b7f834d75:  52% ▕█████████         ▏ 3.1 GB/6.0 GB   28 MB/s   1m40s[K[?25h[?2026l[?2026h[?25l[A[1Gpulling manifest [K
pulling a99b7f834d75:  52% ▕█████████         ▏ 3.1 GB/6.0 GB   33 MB/s   1m27s[K[?25h[?2026l[?2026h[?25l[A[1Gpulling manifest [K
pulling a99b7f834d75:  52% ▕█████████         ▏ 3.1 GB/6.0 GB   33 MB/s   1m26s[K[?25h[?2026l[?2026h[?25l[A[1Gpulling manifest [K
pulling a99b7f834d75:  52% ▕█████████         ▏ 3.1 GB/6.0 GB   33 MB/s   1m26s[K[?25h[?2026l[?2026h[?25l[A[1Gpulling manifest [K
pulling a99b7f834d75:  52% ▕█████████         ▏ 3.1 GB/6.0 GB   33 MB/s   1m26s[K[?25h[?2026l[?2026h[?25l[A[1Gpulling manifest [K
pulling a99b7f834d75:  52% ▕█████████         ▏ 3.1 GB/6.0 GB   33 MB/s   1m25s[K[?25h[?2026l[?2026h[?25l[A[1Gpulling manifest [K
pulling a99b7f834d75:  53% ▕█████████         ▏ 3.1 GB/6.0 GB   33 MB/s   1m25s[K[?25h[?2026l[?2026h[?25l[A[1Gpulling manifest [K
pulling a99b7f834d75:  53% ▕█████████         ▏ 3.1 GB/6.0 GB   33 MB/s   1m25s[K[?25h[?2026l[?2026h[?25l[A[1Gpulling manifest [K
pulling a99b7f834d75:  53% ▕█████████         ▏ 3.2 GB/6.0 GB   33 MB/s   1m25s[K[?25h[?2026l[?2026h[?25l[A[1Gpulling manifest [K
pulling a99b7f834d75:  53% ▕█████████         ▏ 3.2 GB/6.0 GB   33 MB/s   1m24s[K[?25h[?2026l[?2026h[?25l[A[1Gpulling manifest [K
pulling a99b7f834d75:  53% ▕█████████         ▏ 3.2 GB/6.0 GB   33 MB/s   1m24s[K[?25h[?2026l[?2026h[?25l[A[1Gpulling manifest [K
pulling a99b7f834d75:  53% ▕█████████         ▏ 3.2 GB/6.0 GB   39 MB/s    1m9s[K[?25h[?2026l[?2026h[?25l[A[1Gpulling manifest [K
pulling a99b7f834d75:  53% ▕█████████         ▏ 3.2 GB/6.0 GB   39 MB/s    1m9s[K[?25h[?2026l[?2026h[?25l[A[1Gpulling manifest [K
pulling a99b7f834d75:  54% ▕█████████         ▏ 3.2 GB/6.0 GB   39 MB/s    1m9s[K[?25h[?2026l[?2026h[?25l[A[1Gpulling manifest [K
pulling a99b7f834d75:  54% ▕█████████         ▏ 3.2 GB/6.0 GB   39 MB/s    1m8s[K[?25h[?2026l[?2026h[?25l[A[1Gpulling manifest [K
pulling a99b7f834d75:  54% ▕█████████         ▏ 3.2 GB/6.0 GB   39 MB/s    1m8s[K[?25h[?2026l[?2026h[?25l[A[1Gpulling manifest [K
pulling a99b7f834d75:  54% ▕█████████         ▏ 3.2 GB/6.0 GB   39 MB/s    1m8s[K[?25h[?2026l[?2026h[?25l[A[1Gpulling manifest [K
pulling a99b7f834d75:  54% ▕█████████         ▏ 3.2 GB/6.0 GB   39 MB/s    1m8s[K[?25h[?2026l[?2026h[?25l[A[1Gpulling manifest [K
pulling a99b7f834d75:  54% ▕█████████         ▏ 3.2 GB/6.0 GB   39 MB/s    1m8s[K[?25h[?2026l[?2026h[?25l[A[1Gpulling manifest [K
pulling a99b7f834d75:  55% ▕█████████         ▏ 3.3 GB/6.0 GB   39 MB/s    1m7s[K[?25h[?2026l[?2026h[?25l[A[1Gpulling manifest [K
pulling a99b7f834d75:  55% ▕█████████         ▏ 3.3 GB/6.0 GB   39 MB/s    1m7s[K[?25h[?2026l[?2026h[?25l[A[1Gpulling manifest [K
pulling a99b7f834d75:  55% ▕█████████         ▏ 3.3 GB/6.0 GB   47 MB/s     57s[K[?25h[?2026l[?2026h[?25l[A[1Gpulling manifest [K
pulling a99b7f834d75:  55% ▕█████████         ▏ 3.3 GB/6.0 GB   47 MB/s     56s[K[?25h[?2026l[?2026h[?25l[A[1Gpulling manifest [K
pulling a99b7f834d75:  55% ▕█████████         ▏ 3.3 GB/6.0 GB   47 MB/s     56s[K[?25h[?2026l[?2026h[?25l[A[1Gpulling manifest [K
pulling a99b7f834d75:  55% ▕█████████         ▏ 3.3 GB/6.0 GB   47 MB/s     56s[K[?25h[?2026l[?2026h[?25l[A[1Gpulling manifest [K
pulling a99b7f834d75:  55% ▕█████████         ▏ 3.3 GB/6.0 GB   47 MB/s     56s[K[?25h[?2026l[?2026h[?25l[A[1Gpulling manifest [K
pulling a99b7f834d75:  56% ▕██████████        ▏ 3.3 GB/6.0 GB   47 MB/s     56s[K[?25h[?2026l[?2026h[?25l[A[1Gpulling manifest [K
pulling a99b7f834d75:  56% ▕██████████        ▏ 3.3 GB/6.0 GB   47 MB/s     55s[K[?25h[?2026l[?2026h[?25l[A[1Gpulling manifest [K
pulling a99b7f834d75:  56% ▕██████████        ▏ 3.3 GB/6.0 GB   47 MB/s     55s[K[?25h[?2026l[?2026h[?25l[A[1Gpulling manifest [K
pulling a99b7f834d75:  56% ▕██████████        ▏ 3.4 GB/6.0 GB   47 MB/s     55s[K[?25h[?2026l[?2026h[?25l[A[1Gpulling manifest [K
pulling a99b7f834d75:  56% ▕██████████        ▏ 3.4 GB/6.0 GB   47 MB/s     55s[K[?25h[?2026l[?2026h[?25l[A[1Gpulling manifest [K
pulling a99b7f834d75:  56% ▕██████████        ▏ 3.4 GB/6.0 GB   54 MB/s     47s[K[?25h[?2026l[?2026h[?25l[A[1Gpulling manifest [K
pulling a99b7f834d75:  57% ▕██████████        ▏ 3.4 GB/6.0 GB   54 MB/s     47s[K[?25h[?2026l[?2026h[?25l[A[1Gpulling manifest [K
pulling a99b7f834d75:  57% ▕██████████        ▏ 3.4 GB/6.0 GB   54 MB/s     47s[K[?25h[?2026l[?2026h[?25l[A[1Gpulling manifest [K
pulling a99b7f834d75:  57% ▕██████████        ▏ 3.4 GB/6.0 GB   54 MB/s     46s[K[?25h[?2026l[?2026h[?25l[A[1Gpulling manifest [K
pulling a99b7f834d75:  57% ▕██████████        ▏ 3.4 GB/6.0 GB   54 MB/s     46s[K[?25h[?2026l[?2026h[?25l[A[1Gpulling manifest [K
pulling a99b7f834d75:  57% ▕██████████        ▏ 3.4 GB/6.0 GB   54 MB/s     46s[K[?25h[?2026l[?2026h[?25l[A[1Gpulling manifest [K
pulling a99b7f834d75:  57% ▕██████████        ▏ 3.4 GB/6.0 GB   54 MB/s     46s[K[?25h[?2026l[?2026h[?25l[A[1Gpulling manifest [K
pulling a99b7f834d75:  58% ▕██████████        ▏ 3.4 GB/6.0 GB   54 MB/s     46s[K[?25h[?2026l[?2026h[?25l[A[1Gpulling manifest [K
pulling a99b7f834d75:  58% ▕██████████        ▏ 3.4 GB/6.0 GB   54 MB/s     45s[K[?25h[?2026l[?2026h[?25l[A[1Gpulling manifest [K
pulling a99b7f834d75:  58% ▕██████████        ▏ 3.5 GB/6.0 GB   54 MB/s     45s[K[?25h[?2026l[?2026h[?25l[A[1Gpulling manifest [K
pulling a99b7f834d75:  58% ▕██████████        ▏ 3.5 GB/6.0 GB   62 MB/s     40s[K[?25h[?2026l[?2026h[?25l[A[1Gpulling manifest [K
pulling a99b7f834d75:  58% ▕██████████        ▏ 3.5 GB/6.0 GB   62 MB/s     40s[K[?25h[?2026l[?2026h[?25l[A[1Gpulling manifest [K
pulling a99b7f834d75:  58% ▕██████████        ▏ 3.5 GB/6.0 GB   62 MB/s     40s[K[?25h[?2026l[?2026h[?25l[A[1Gpulling manifest [K
pulling a99b7f834d75:  58% ▕██████████        ▏ 3.5 GB/6.0 GB   62 MB/s     39s[K[?25h[?2026l[?2026h[?25l[A[1Gpulling manifest [K
pulling a99b7f834d75:  59% ▕██████████        ▏ 3.5 GB/6.0 GB   62 MB/s     39s[K[?25h[?2026l[?2026h[?25l[A[1Gpulling manifest [K
pulling a99b7f834d75:  59% ▕██████████        ▏ 3.5 GB/6.0 GB   62 MB/s     39s[K[?25h[?2026l[?2026h[?25l[A[1Gpulling manifest [K
pulling a99b7f834d75:  59% ▕██████████        ▏ 3.5 GB/6.0 GB   62 MB/s     39s[K[?25h[?2026l[?2026h[?25l[A[1Gpulling manifest [K
pulling a99b7f834d75:  59% ▕██████████        ▏ 3.5 GB/6.0 GB   62 MB/s     39s[K[?25h[?2026l[?2026h[?25l[A[1Gpulling manifest [K
pulling a99b7f834d75:  59% ▕██████████        ▏ 3.5 GB/6.0 GB   62 MB/s     39s[K[?25h[?2026l[?2026h[?25l[A[1Gpulling manifest [K
pulling a99b7f834d75:  59% ▕██████████        ▏ 3.5 GB/6.0 GB   62 MB/s     39s[K[?25h[?2026l[?2026h[?25l[A[1Gpulling manifest [K
pulling a99b7f834d75:  59% ▕██████████        ▏ 3.6 GB/6.0 GB   62 MB/s     39s[K[?25h[?2026l[?2026h[?25l[A[1Gpulling manifest [K
pulling a99b7f834d75:  60% ▕██████████        ▏ 3.6 GB/6.0 GB   69 MB/s     34s[K[?25h[?2026l[?2026h[?25l[A[1Gpulling manifest [K
pulling a99b7f834d75:  60% ▕██████████        ▏ 3.6 GB/6.0 GB   69 MB/s     34s[K[?25h[?2026l[?2026h[?25l[A[1Gpulling manifest [K
pulling a99b7f834d75:  60% ▕██████████        ▏ 3.6 GB/6.0 GB   69 MB/s     34s[K[?25h[?2026l[?2026h[?25l[A[1Gpulling manifest [K
pulling a99b7f834d75:  60% ▕██████████        ▏ 3.6 GB/6.0 GB   69 MB/s     34s[K[?25h[?2026l[?2026h[?25l[A[1Gpulling manifest [K
pulling a99b7f834d75:  60% ▕██████████        ▏ 3.6 GB/6.0 GB   69 MB/s     34s[K[?25h[?2026l[?2026h[?25l[A[1Gpulling manifest [K
pulling a99b7f834d75:  60% ▕██████████        ▏ 3.6 GB/6.0 GB   69 MB/s     34s[K[?25h[?2026l[?2026h[?25l[A[1Gpulling manifest [K
pulling a99b7f834d75:  60% ▕██████████        ▏ 3.6 GB/6.0 GB   69 MB/s     33s[K[?25h[?2026l[?2026h[?25l[A[1Gpulling manifest [K
pulling a99b7f834d75:  60% ▕██████████        ▏ 3.6 GB/6.0 GB   69 MB/s     33s[K[?25h[?2026l[?2026h[?25l[A[1Gpulling manifest [K
pulling a99b7f834d75:  60% ▕██████████        ▏ 3.6 GB/6.0 GB   69 MB/s     33s[K[?25h[?2026l[?2026h[?25l[A[1Gpulling manifest [K
pulling a99b7f834d75:  60% ▕██████████        ▏ 3.6 GB/6.0 GB   69 MB/s     33s[K[?25h[?2026l[?2026h[?25l[A[1Gpulling manifest [K
pulling a99b7f834d75:  61% ▕██████████        ▏ 3.6 GB/6.0 GB   72 MB/s     32s[K[?25h[?2026l[?2026h[?25l[A[1Gpulling manifest [K
pulling a99b7f834d75:  61% ▕██████████        ▏ 3.6 GB/6.0 GB   72 MB/s     32s[K[?25h[?2026l[?2026h[?25l[A[1Gpulling manifest [K
pulling a99b7f834d75:  61% ▕██████████        ▏ 3.6 GB/6.0 GB   72 MB/s     32s[K[?25h[?2026l[?2026h[?25l[A[1Gpulling manifest [K
pulling a99b7f834d75:  61% ▕██████████        ▏ 3.6 GB/6.0 GB   72 MB/s     32s[K[?25h[?2026l[?2026h[?25l[A[1Gpulling manifest [K
pulling a99b7f834d75:  61% ▕██████████        ▏ 3.6 GB/6.0 GB   72 MB/s     32s[K[?25h[?2026l[?2026h[?25l[A[1Gpulling manifest [K
pulling a99b7f834d75:  61% ▕██████████        ▏ 3.6 GB/6.0 GB   72 MB/s     32s[K[?25h[?2026l[?2026h[?25l[A[1Gpulling manifest [K
pulling a99b7f834d75:  61% ▕██████████        ▏ 3.6 GB/6.0 GB   72 MB/s     32s[K[?25h[?2026l[?2026h[?25l[A[1Gpulling manifest [K
pulling a99b7f834d75:  61% ▕██████████        ▏ 3.6 GB/6.0 GB   72 MB/s     32s[K[?25h[?2026l[?2026h[?25l[A[1Gpulling manifest [K
pulling a99b7f834d75:  61% ▕██████████        ▏ 3.6 GB/6.0 GB   72 MB/s     32s[K[?25h[?2026l[?2026h[?25l[A[1Gpulling manifest [K
pulling a99b7f834d75:  61% ▕██████████        ▏ 3.6 GB/6.0 GB   72 MB/s     32s[K[?25h[?2026l[?2026h[?25l[A[1Gpulling manifest [K
pulling a99b7f834d75:  61% ▕██████████        ▏ 3.6 GB/6.0 GB   72 MB/s     32s[K[?25h[?2026l[?2026h[?25l[A[1Gpulling manifest [K
pulling a99b7f834d75:  61% ▕██████████        ▏ 3.6 GB/6.0 GB   72 MB/s     32s[K[?25h[?2026l[?2026h[?25l[A[1Gpulling manifest [K
pulling a99b7f834d75:  61% ▕██████████        ▏ 3.6 GB/6.0 GB   72 MB/s     32s[K[?25h[?2026l[?2026h[?25l[A[1Gpulling manifest [K
pulling a99b7f834d75:  61% ▕██████████        ▏ 3.6 GB/6.0 GB   72 MB/s     32s[K[?25h[?2026l[?2026h[?25l[A[1Gpulling manifest [K
pulling a99b7f834d75:  61% ▕██████████        ▏ 3.6 GB/6.0 GB   72 MB/s     32s[K[?25h[?2026l[?2026h[?25l[A[1Gpulling manifest [K
pulling a99b7f834d75:  61% ▕███████████       ▏ 3.6 GB/6.0 GB   72 MB/s     32s[K[?25h[?2026l[?2026h[?25l[A[1Gpulling manifest [K
pulling a99b7f834d75:  61% ▕███████████       ▏ 3.7 GB/6.0 GB   72 MB/s     32s[K[?25h[?2026l[?2026h[?25l[A[1Gpulling manifest [K
pulling a99b7f834d75:  61% ▕███████████       ▏ 3.7 GB/6.0 GB   72 MB/s     32s[K[?25h[?2026l[?2026h[?25l[A[1Gpulling manifest [K
pulling a99b7f834d75:  61% ▕███████████       ▏ 3.7 GB/6.0 GB   72 MB/s     32s[K[?25h[?2026l[?2026h[?25l[A[1Gpulling manifest [K
pulling a99b7f834d75:  61% ▕███████████       ▏ 3.7 GB/6.0 GB   72 MB/s     32s[K[?25h[?2026l[?2026h[?25l[A[1Gpulling manifest [K
pulling a99b7f834d75:  61% ▕███████████       ▏ 3.7 GB/6.0 GB   71 MB/s     32s[K[?25h[?2026l[?2026h[?25l[A[1Gpulling manifest [K
pulling a99b7f834d75:  61% ▕███████████       ▏ 3.7 GB/6.0 GB   71 MB/s     32s[K[?25h[?2026l[?2026h[?25l[A[1Gpulling manifest [K
pulling a99b7f834d75:  61% ▕███████████       ▏ 3.7 GB/6.0 GB   71 MB/s     32s[K[?25h[?2026l[?2026h[?25l[A[1Gpulling manifest [K
pulling a99b7f834d75:  62% ▕███████████       ▏ 3.7 GB/6.0 GB   71 MB/s     32s[K[?25h[?2026l[?2026h[?25l[A[1Gpulling manifest [K
pulling a99b7f834d75:  62% ▕███████████       ▏ 3.7 GB/6.0 GB   71 MB/s     32s[K[?25h[?2026l[?2026h[?25l[A[1Gpulling manifest [K
pulling a99b7f834d75:  62% ▕███████████       ▏ 3.7 GB/6.0 GB   71 MB/s     32s[K[?25h[?2026l[?2026h[?25l[A[1Gpulling manifest [K
pulling a99b7f834d75:  62% ▕███████████       ▏ 3.7 GB/6.0 GB   71 MB/s     32s[K[?25h[?2026l[?2026h[?25l[A[1Gpulling manifest [K
pulling a99b7f834d75:  62% ▕███████████       ▏ 3.7 GB/6.0 GB   71 MB/s     31s[K[?25h[?2026l[?2026h[?25l[A[1Gpulling manifest [K
pulling a99b7f834d75:  62% ▕███████████       ▏ 3.7 GB/6.0 GB   71 MB/s     31s[K[?25h[?2026l[?2026h[?25l[A[1Gpulling manifest [K
pulling a99b7f834d75:  62% ▕███████████       ▏ 3.7 GB/6.0 GB   71 MB/s     31s[K[?25h[?2026l[?2026h[?25l[A[1Gpulling manifest [K
pulling a99b7f834d75:  62% ▕███████████       ▏ 3.7 GB/6.0 GB   67 MB/s     33s[K[?25h[?2026l[?2026h[?25l[A[1Gpulling manifest [K
pulling a99b7f834d75:  62% ▕███████████       ▏ 3.7 GB/6.0 GB   67 MB/s     33s[K[?25h[?2026l[?2026h[?25l[A[1Gpulling manifest [K
pulling a99b7f834d75:  62% ▕███████████       ▏ 3.7 GB/6.0 GB   67 MB/s     33s[K[?25h[?2026l[?2026h[?25l[A[1Gpulling manifest [K
pulling a99b7f834d75:  62% ▕███████████       ▏ 3.7 GB/6.0 GB   67 MB/s     33s[K[?25h[?2026l[?2026h[?25l[A[1Gpulling manifest [K
pulling a99b7f834d75:  62% ▕███████████       ▏ 3.7 GB/6.0 GB   67 MB/s     33s[K[?25h[?2026l[?2026h[?25l[A[1Gpulling manifest [K
pulling a99b7f834d75:  62% ▕███████████       ▏ 3.7 GB/6.0 GB   67 MB/s     33s[K[?25h[?2026l[?2026h[?25l[A[1Gpulling manifest [K
pulling a99b7f834d75:  62% ▕███████████       ▏ 3.7 GB/6.0 GB   67 MB/s     33s[K[?25h[?2026l[?2026h[?25l[A[1Gpulling manifest [K
pulling a99b7f834d75:  62% ▕███████████       ▏ 3.7 GB/6.0 GB   67 MB/s     33s[K[?25h[?2026l[?2026h[?25l[A[1Gpulling manifest [K
pulling a99b7f834d75:  62% ▕███████████       ▏ 3.7 GB/6.0 GB   67 MB/s     33s[K[?25h[?2026l[?2026h[?25l[A[1Gpulling manifest [K
pulling a99b7f834d75:  62% ▕███████████       ▏ 3.7 GB/6.0 GB   67 MB/s     33s[K[?25h[?2026l[?2026h[?25l[A[1Gpulling manifest [K
pulling a99b7f834d75:  62% ▕███████████       ▏ 3.7 GB/6.0 GB   67 MB/s     33s[K[?25h[?2026l[?2026h[?25l[A[1Gpulling manifest [K
pulling a99b7f834d75:  62% ▕███████████       ▏ 3.7 GB/6.0 GB   60 MB/s     37s[K[?25h[?2026l[?2026h[?25l[A[1Gpulling manifest [K
pulling a99b7f834d75:  62% ▕███████████       ▏ 3.7 GB/6.0 GB   60 MB/s     37s[K[?25h[?2026l[?2026h[?25l[A[1Gpulling manifest [K
pulling a99b7f834d75:  62% ▕███████████       ▏ 3.7 GB/6.0 GB   60 MB/s     37s[K[?25h[?2026l[?2026h[?25l[A[1Gpulling manifest [K
pulling a99b7f834d75:  63% ▕███████████       ▏ 3.7 GB/6.0 GB   60 MB/s     37s[K[?25h[?2026l[?2026h[?25l[A[1Gpulling manifest [K
pulling a99b7f834d75:  63% ▕███████████       ▏ 3.7 GB/6.0 GB   60 MB/s     37s[K[?25h[?2026l[?2026h[?25l[A[1Gpulling manifest [K
pulling a99b7f834d75:  63% ▕███████████       ▏ 3.7 GB/6.0 GB   60 MB/s     37s[K[?25h[?2026l[?2026h[?25l[A[1Gpulling manifest [K
pulling a99b7f834d75:  63% ▕███████████       ▏ 3.7 GB/6.0 GB   60 MB/s     37s[K[?25h[?2026l[?2026h[?25l[A[1Gpulling manifest [K
pulling a99b7f834d75:  63% ▕███████████       ▏ 3.7 GB/6.0 GB   60 MB/s     36s[K[?25h[?2026l[?2026h[?25l[A[1Gpulling manifest [K
pulling a99b7f834d75:  63% ▕███████████       ▏ 3.7 GB/6.0 GB   60 MB/s     36s[K[?25h[?2026l[?2026h[?25l[A[1Gpulling manifest [K
pulling a99b7f834d75:  63% ▕███████████       ▏ 3.7 GB/6.0 GB   60 MB/s     36s[K[?25h[?2026l[?2026h[?25l[A[1Gpulling manifest [K
pulling a99b7f834d75:  63% ▕███████████       ▏ 3.8 GB/6.0 GB   52 MB/s     41s[K[?25h[?2026l[?2026h[?25l[A[1Gpulling manifest [K
pulling a99b7f834d75:  63% ▕███████████       ▏ 3.8 GB/6.0 GB   52 MB/s     41s[K[?25h[?2026l[?2026h[?25l[A[1Gpulling manifest [K
pulling a99b7f834d75:  63% ▕███████████       ▏ 3.8 GB/6.0 GB   52 MB/s     41s[K[?25h[?2026l[?2026h[?25l[A[1Gpulling manifest [K
pulling a99b7f834d75:  63% ▕███████████       ▏ 3.8 GB/6.0 GB   52 MB/s     41s[K[?25h[?2026l[?2026h[?25l[A[1Gpulling manifest [K
pulling a99b7f834d75:  63% ▕███████████       ▏ 3.8 GB/6.0 GB   52 MB/s     41s[K[?25h[?2026l[?2026h[?25l[A[1Gpulling manifest [K
pulling a99b7f834d75:  63% ▕███████████       ▏ 3.8 GB/6.0 GB   52 MB/s     41s[K[?25h[?2026l[?2026h[?25l[A[1Gpulling manifest [K
pulling a99b7f834d75:  63% ▕███████████       ▏ 3.8 GB/6.0 GB   52 MB/s     41s[K[?25h[?2026l[?2026h[?25l[A[1Gpulling manifest [K
pulling a99b7f834d75:  63% ▕███████████       ▏ 3.8 GB/6.0 GB   52 MB/s     41s[K[?25h[?2026l[?2026h[?25l[A[1Gpulling manifest [K
pulling a99b7f834d75:  63% ▕███████████       ▏ 3.8 GB/6.0 GB   52 MB/s     41s[K[?25h[?2026l[?2026h[?25l[A[1Gpulling manifest [K
pulling a99b7f834d75:  63% ▕███████████       ▏ 3.8 GB/6.0 GB   52 MB/s     41s[K[?25h[?2026l[?2026h[?25l[A[1Gpulling manifest [K
pulling a99b7f834d75:  63% ▕███████████       ▏ 3.8 GB/6.0 GB   45 MB/s     47s[K[?25h[?2026l[?2026h[?25l[A[1Gpulling manifest [K
pulling a99b7f834d75:  63% ▕███████████       ▏ 3.8 GB/6.0 GB   45 MB/s     47s[K[?25h[?2026l[?2026h[?25l[A[1Gpulling manifest [K
pulling a99b7f834d75:  63% ▕███████████       ▏ 3.8 GB/6.0 GB   45 MB/s     47s[K[?25h[?2026l[?2026h[?25l[A[1Gpulling manifest [K
pulling a99b7f834d75:  63% ▕███████████       ▏ 3.8 GB/6.0 GB   45 MB/s     47s[K[?25h[?2026l[?2026h[?25l[A[1Gpulling manifest [K
pulling a99b7f834d75:  63% ▕███████████       ▏ 3.8 GB/6.0 GB   45 MB/s     47s[K[?25h[?2026l[?2026h[?25l[A[1Gpulling manifest [K
pulling a99b7f834d75:  63% ▕███████████       ▏ 3.8 GB/6.0 GB   45 MB/s     47s[K[?25h[?2026l[?2026h[?25l[A[1Gpulling manifest [K
pulling a99b7f834d75:  64% ▕███████████       ▏ 3.8 GB/6.0 GB   45 MB/s     47s[K[?25h[?2026l[?2026h[?25l[A[1Gpulling manifest [K
pulling a99b7f834d75:  64% ▕███████████       ▏ 3.8 GB/6.0 GB   45 MB/s     47s[K[?25h[?2026l[?2026h[?25l[A[1Gpulling manifest [K
pulling a99b7f834d75:  64% ▕███████████       ▏ 3.8 GB/6.0 GB   45 MB/s     47s[K[?25h[?2026l[?2026h[?25l[A[1Gpulling manifest [K
pulling a99b7f834d75:  64% ▕███████████       ▏ 3.8 GB/6.0 GB   45 MB/s     47s[K[?25h[?2026l[?2026h[?25l[A[1Gpulling manifest [K
pulling a99b7f834d75:  64% ▕███████████       ▏ 3.8 GB/6.0 GB   37 MB/s     57s[K[?25h[?2026l[?2026h[?25l[A[1Gpulling manifest [K
pulling a99b7f834d75:  64% ▕███████████       ▏ 3.8 GB/6.0 GB   37 MB/s     57s[K[?25h[?2026l[?2026h[?25l[A[1Gpulling manifest [K
pulling a99b7f834d75:  64% ▕███████████       ▏ 3.8 GB/6.0 GB   37 MB/s     57s[K[?25h[?2026l[?2026h[?25l[A[1Gpulling manifest [K
pulling a99b7f834d75:  64% ▕███████████       ▏ 3.8 GB/6.0 GB   37 MB/s     57s[K[?25h[?2026l[?2026h[?25l[A[1Gpulling manifest [K
pulling a99b7f834d75:  64% ▕███████████       ▏ 3.8 GB/6.0 GB   37 MB/s     56s[K[?25h[?2026l[?2026h[?25l[A[1Gpulling manifest [K
pulling a99b7f834d75:  64% ▕███████████       ▏ 3.8 GB/6.0 GB   37 MB/s     56s[K[?25h[?2026l[?2026h[?25l[A[1Gpulling manifest [K
pulling a99b7f834d75:  64% ▕███████████       ▏ 3.8 GB/6.0 GB   37 MB/s     56s[K[?25h[?2026l[?2026h[?25l[A[1Gpulling manifest [K
pulling a99b7f834d75:  64% ▕███████████       ▏ 3.8 GB/6.0 GB   37 MB/s     56s[K[?25h[?2026l[?2026h[?25l[A[1Gpulling manifest [K
pulling a99b7f834d75:  64% ▕███████████       ▏ 3.8 GB/6.0 GB   37 MB/s     56s[K[?25h[?2026l[?2026h[?25l[A[1Gpulling manifest [K
pulling a99b7f834d75:  64% ▕███████████       ▏ 3.8 GB/6.0 GB   37 MB/s     56s[K[?25h[?2026l[?2026h[?25l[A[1Gpulling manifest [K
pulling a99b7f834d75:  64% ▕███████████       ▏ 3.8 GB/6.0 GB   31 MB/s    1m8s[K[?25h[?2026l[?2026h[?25l[A[1Gpulling manifest [K
pulling a99b7f834d75:  64% ▕███████████       ▏ 3.8 GB/6.0 GB   31 MB/s    1m8s[K[?25h[?2026l[?2026h[?25l[A[1Gpulling manifest [K
pulling a99b7f834d75:  64% ▕███████████       ▏ 3.8 GB/6.0 GB   31 MB/s    1m8s[K[?25h[?2026l[?2026h[?25l[A[1Gpulling manifest [K
pulling a99b7f834d75:  64% ▕███████████       ▏ 3.8 GB/6.0 GB   31 MB/s    1m7s[K[?25h[?2026l[?2026h[?25l[A[1Gpulling manifest [K
pulling a99b7f834d75:  65% ▕███████████       ▏ 3.9 GB/6.0 GB   31 MB/s    1m7s[K[?25h[?2026l[?2026h[?25l[A[1Gpulling manifest [K
pulling a99b7f834d75:  65% ▕███████████       ▏ 3.9 GB/6.0 GB   31 MB/s    1m7s[K[?25h[?2026l[?2026h[?25l[A[1Gpulling manifest [K
pulling a99b7f834d75:  65% ▕███████████       ▏ 3.9 GB/6.0 GB   31 MB/s    1m7s[K[?25h[?2026l[?2026h[?25l[A[1Gpulling manifest [K
pulling a99b7f834d75:  65% ▕███████████       ▏ 3.9 GB/6.0 GB   31 MB/s    1m7s[K[?25h[?2026l[?2026h[?25l[A[1Gpulling manifest [K
pulling a99b7f834d75:  65% ▕███████████       ▏ 3.9 GB/6.0 GB   31 MB/s    1m7s[K[?25h[?2026l[?2026h[?25l[A[1Gpulling manifest [K
pulling a99b7f834d75:  65% ▕███████████       ▏ 3.9 GB/6.0 GB   31 MB/s    1m6s[K[?25h[?2026l[?2026h[?25l[A[1Gpulling manifest [K
pulling a99b7f834d75:  65% ▕███████████       ▏ 3.9 GB/6.0 GB   31 MB/s    1m6s[K[?25h[?2026l[?2026h[?25l[A[1Gpulling manifest [K
pulling a99b7f834d75:  65% ▕███████████       ▏ 3.9 GB/6.0 GB   30 MB/s    1m7s[K[?25h[?2026l[?2026h[?25l[A[1Gpulling manifest [K
pulling a99b7f834d75:  65% ▕███████████       ▏ 3.9 GB/6.0 GB   30 MB/s    1m7s[K[?25h[?2026l[?2026h[?25l[A[1Gpulling manifest [K
pulling a99b7f834d75:  65% ▕███████████       ▏ 3.9 GB/6.0 GB   30 MB/s    1m7s[K[?25h[?2026l[?2026h[?25l[A[1Gpulling manifest [K
pulling a99b7f834d75:  65% ▕███████████       ▏ 3.9 GB/6.0 GB   30 MB/s    1m7s[K[?25h[?2026l[?2026h[?25l[A[1Gpulling manifest [K
pulling a99b7f834d75:  66% ▕███████████       ▏ 3.9 GB/6.0 GB   30 MB/s    1m6s[K[?25h[?2026l[?2026h[?25l[A[1Gpulling manifest [K
pulling a99b7f834d75:  66% ▕███████████       ▏ 3.9 GB/6.0 GB   30 MB/s    1m6s[K[?25h[?2026l[?2026h[?25l[A[1Gpulling manifest [K
pulling a99b7f834d75:  66% ▕███████████       ▏ 3.9 GB/6.0 GB   30 MB/s    1m6s[K[?25h[?2026l[?2026h[?25l[A[1Gpulling manifest [K
pulling a99b7f834d75:  66% ▕███████████       ▏ 3.9 GB/6.0 GB   30 MB/s    1m6s[K[?25h[?2026l[?2026h[?25l[A[1Gpulling manifest [K
pulling a99b7f834d75:  66% ▕███████████       ▏ 3.9 GB/6.0 GB   30 MB/s    1m6s[K[?25h[?2026l[?2026h[?25l[A[1Gpulling manifest [K
pulling a99b7f834d75:  66% ▕███████████       ▏ 3.9 GB/6.0 GB   30 MB/s    1m6s[K[?25h[?2026l[?2026h[?25l[A[1Gpulling manifest [K
pulling a99b7f834d75:  66% ▕███████████       ▏ 4.0 GB/6.0 GB   34 MB/s     57s[K[?25h[?2026l[?2026h[?25l[A[1Gpulling manifest [K
pulling a99b7f834d75:  66% ▕███████████       ▏ 4.0 GB/6.0 GB   34 MB/s     57s[K[?25h[?2026l[?2026h[?25l[A[1Gpulling manifest [K
pulling a99b7f834d75:  66% ▕███████████       ▏ 4.0 GB/6.0 GB   34 MB/s     57s[K[?25h[?2026l[?2026h[?25l[A[1Gpulling manifest [K
pulling a99b7f834d75:  67% ▕███████████       ▏ 4.0 GB/6.0 GB   34 MB/s     57s[K[?25h[?2026l[?2026h[?25l[A[1Gpulling manifest [K
pulling a99b7f834d75:  67% ▕███████████       ▏ 4.0 GB/6.0 GB   34 MB/s     57s[K[?25h[?2026l[?2026h[?25l[A[1Gpulling manifest [K
pulling a99b7f834d75:  67% ▕████████████      ▏ 4.0 GB/6.0 GB   34 MB/s     56s[K[?25h[?2026l[?2026h[?25l[A[1Gpulling manifest [K
pulling a99b7f834d75:  67% ▕████████████      ▏ 4.0 GB/6.0 GB   34 MB/s     56s[K[?25h[?2026l[?2026h[?25l[A[1Gpulling manifest [K
pulling a99b7f834d75:  67% ▕████████████      ▏ 4.0 GB/6.0 GB   34 MB/s     56s[K[?25h[?2026l[?2026h[?25l[A[1Gpulling manifest [K
pulling a99b7f834d75:  67% ▕████████████      ▏ 4.0 GB/6.0 GB   34 MB/s     56s[K[?25h[?2026l[?2026h[?25l[A[1Gpulling manifest [K
pulling a99b7f834d75:  67% ▕████████████      ▏ 4.0 GB/6.0 GB   34 MB/s     55s[K[?25h[?2026l[?2026h[?25l[A[1Gpulling manifest [K
pulling a99b7f834d75:  67% ▕████████████      ▏ 4.0 GB/6.0 GB   40 MB/s     48s[K[?25h[?2026l[?2026h[?25l[A[1Gpulling manifest [K
pulling a99b7f834d75:  68% ▕████████████      ▏ 4.0 GB/6.0 GB   40 MB/s     48s[K[?25h[?2026l[?2026h[?25l[A[1Gpulling manifest [K
pulling a99b7f834d75:  68% ▕████████████      ▏ 4.0 GB/6.0 GB   40 MB/s     47s[K[?25h[?2026l[?2026h[?25l[A[1Gpulling manifest [K
pulling a99b7f834d75:  68% ▕████████████      ▏ 4.1 GB/6.0 GB   40 MB/s     47s[K[?25h[?2026l[?2026h[?25l[A[1Gpulling manifest [K
pulling a99b7f834d75:  68% ▕████████████      ▏ 4.1 GB/6.0 GB   40 MB/s     47s[K[?25h[?2026l[?2026h[?25l[A[1Gpulling manifest [K
pulling a99b7f834d75:  68% ▕████████████      ▏ 4.1 GB/6.0 GB   40 MB/s     47s[K[?25h[?2026l[?2026h[?25l[A[1Gpulling manifest [K
pulling a99b7f834d75:  68% ▕████████████      ▏ 4.1 GB/6.0 GB   40 MB/s     47s[K[?25h[?2026l[?2026h[?25l[A[1Gpulling manifest [K
pulling a99b7f834d75:  69% ▕████████████      ▏ 4.1 GB/6.0 GB   40 MB/s     46s[K[?25h[?2026l[?2026h[?25l[A[1Gpulling manifest [K
pulling a99b7f834d75:  69% ▕████████████      ▏ 4.1 GB/6.0 GB   40 MB/s     46s[K[?25h[?2026l[?2026h[?25l[A[1Gpulling manifest [K
pulling a99b7f834d75:  69% ▕████████████      ▏ 4.1 GB/6.0 GB   40 MB/s     46s[K[?25h[?2026l[?2026h[?25l[A[1Gpulling manifest [K
pulling a99b7f834d75:  69% ▕████████████      ▏ 4.1 GB/6.0 GB   46 MB/s     39s[K[?25h[?2026l[?2026h[?25l[A[1Gpulling manifest [K
pulling a99b7f834d75:  69% ▕████████████      ▏ 4.1 GB/6.0 GB   46 MB/s     39s[K[?25h[?2026l[?2026h[?25l[A[1Gpulling manifest [K
pulling a99b7f834d75:  69% ▕████████████      ▏ 4.1 GB/6.0 GB   46 MB/s     39s[K[?25h[?2026l[?2026h[?25l[A[1Gpulling manifest [K
pulling a99b7f834d75:  69% ▕████████████      ▏ 4.1 GB/6.0 GB   46 MB/s     39s[K[?25h[?2026l[?2026h[?25l[A[1Gpulling manifest [K
pulling a99b7f834d75:  69% ▕████████████      ▏ 4.1 GB/6.0 GB   46 MB/s     38s[K[?25h[?2026l[?2026h[?25l[A[1Gpulling manifest [K
pulling a99b7f834d75:  69% ▕████████████      ▏ 4.1 GB/6.0 GB   46 MB/s     38s[K[?25h[?2026l[?2026h[?25l[A[1Gpulling manifest [K
pulling a99b7f834d75:  70% ▕████████████      ▏ 4.2 GB/6.0 GB   46 MB/s     38s[K[?25h[?2026l[?2026h[?25l[A[1Gpulling manifest [K
pulling a99b7f834d75:  70% ▕████████████      ▏ 4.2 GB/6.0 GB   46 MB/s     38s[K[?25h[?2026l[?2026h[?25l[A[1Gpulling manifest [K
pulling a99b7f834d75:  70% ▕████████████      ▏ 4.2 GB/6.0 GB   46 MB/s     38s[K[?25h[?2026l[?2026h[?25l[A[1Gpulling manifest [K
pulling a99b7f834d75:  70% ▕████████████      ▏ 4.2 GB/6.0 GB   46 MB/s     38s[K[?25h[?2026l[?2026h[?25l[A[1Gpulling manifest [K
pulling a99b7f834d75:  70% ▕████████████      ▏ 4.2 GB/6.0 GB   51 MB/s     34s[K[?25h[?2026l[?2026h[?25l[A[1Gpulling manifest [K
pulling a99b7f834d75:  70% ▕████████████      ▏ 4.2 GB/6.0 GB   51 MB/s     34s[K[?25h[?2026l[?2026h[?25l[A[1Gpulling manifest [K
pulling a99b7f834d75:  70% ▕████████████      ▏ 4.2 GB/6.0 GB   51 MB/s     34s[K[?25h[?2026l[?2026h[?25l[A[1Gpulling manifest [K
pulling a99b7f834d75:  70% ▕████████████      ▏ 4.2 GB/6.0 GB   51 MB/s     34s[K[?25h[?2026l[?2026h[?25l[A[1Gpulling manifest [K
pulling a99b7f834d75:  70% ▕████████████      ▏ 4.2 GB/6.0 GB   51 MB/s     34s[K[?25h[?2026l[?2026h[?25l[A[1Gpulling manifest [K
pulling a99b7f834d75:  71% ▕████████████      ▏ 4.2 GB/6.0 GB   51 MB/s     34s[K[?25h[?2026l[?2026h[?25l[A[1Gpulling manifest [K
pulling a99b7f834d75:  71% ▕████████████      ▏ 4.2 GB/6.0 GB   51 MB/s     34s[K[?25h[?2026l[?2026h[?25l[A[1Gpulling manifest [K
pulling a99b7f834d75:  71% ▕████████████      ▏ 4.2 GB/6.0 GB   51 MB/s     34s[K[?25h[?2026l[?2026h[?25l[A[1Gpulling manifest [K
pulling a99b7f834d75:  71% ▕████████████      ▏ 4.2 GB/6.0 GB   51 MB/s     33s[K[?25h[?2026l[?2026h[?25l[A[1Gpulling manifest [K
pulling a99b7f834d75:  71% ▕████████████      ▏ 4.2 GB/6.0 GB   51 MB/s     33s[K[?25h[?2026l[?2026h[?25l[A[1Gpulling manifest [K
pulling a99b7f834d75:  71% ▕████████████      ▏ 4.2 GB/6.0 GB   51 MB/s     33s[K[?25h[?2026l[?2026h[?25l[A[1Gpulling manifest [K
pulling a99b7f834d75:  71% ▕████████████      ▏ 4.2 GB/6.0 GB   55 MB/s     31s[K[?25h[?2026l[?2026h[?25l[A[1Gpulling manifest [K
pulling a99b7f834d75:  71% ▕████████████      ▏ 4.3 GB/6.0 GB   55 MB/s     31s[K[?25h[?2026l[?2026h[?25l[A[1Gpulling manifest [K
pulling a99b7f834d75:  71% ▕████████████      ▏ 4.3 GB/6.0 GB   55 MB/s     31s[K[?25h[?2026l[?2026h[?25l[A[1Gpulling manifest [K
pulling a99b7f834d75:  71% ▕████████████      ▏ 4.3 GB/6.0 GB   55 MB/s     30s[K[?25h[?2026l[?2026h[?25l[A[1Gpulling manifest [K
pulling a99b7f834d75:  72% ▕████████████      ▏ 4.3 GB/6.0 GB   55 MB/s     30s[K[?25h[?2026l[?2026h[?25l[A[1Gpulling manifest [K
pulling a99b7f834d75:  72% ▕████████████      ▏ 4.3 GB/6.0 GB   55 MB/s     30s[K[?25h[?2026l[?2026h[?25l[A[1Gpulling manifest [K
pulling a99b7f834d75:  72% ▕████████████      ▏ 4.3 GB/6.0 GB   55 MB/s     30s[K[?25h[?2026l[?2026h[?25l[A[1Gpulling manifest [K
pulling a99b7f834d75:  72% ▕████████████      ▏ 4.3 GB/6.0 GB   55 MB/s     30s[K[?25h[?2026l[?2026h[?25l[A[1Gpulling manifest [K
pulling a99b7f834d75:  72% ▕████████████      ▏ 4.3 GB/6.0 GB   55 MB/s     30s[K[?25h[?2026l[?2026h[?25l[A[1Gpulling manifest [K
pulling a99b7f834d75:  72% ▕████████████      ▏ 4.3 GB/6.0 GB   55 MB/s     30s[K[?25h[?2026l[?2026h[?25l[A[1Gpulling manifest [K
pulling a99b7f834d75:  72% ▕████████████      ▏ 4.3 GB/6.0 GB   58 MB/s     28s[K[?25h[?2026l[?2026h[?25l[A[1Gpulling manifest [K
pulling a99b7f834d75:  72% ▕████████████      ▏ 4.3 GB/6.0 GB   58 MB/s     28s[K[?25h[?2026l[?2026h[?25l[A[1Gpulling manifest [K
pulling a99b7f834d75:  72% ▕█████████████     ▏ 4.3 GB/6.0 GB   58 MB/s     28s[K[?25h[?2026l[?2026h[?25l[A[1Gpulling manifest [K
pulling a99b7f834d75:  72% ▕█████████████     ▏ 4.3 GB/6.0 GB   58 MB/s     28s[K[?25h[?2026l[?2026h[?25l[A[1Gpulling manifest [K
pulling a99b7f834d75:  73% ▕█████████████     ▏ 4.3 GB/6.0 GB   58 MB/s     28s[K[?25h[?2026l[?2026h[?25l[A[1Gpulling manifest [K
pulling a99b7f834d75:  73% ▕█████████████     ▏ 4.3 GB/6.0 GB   58 MB/s     28s[K[?25h[?2026l[?2026h[?25l[A[1Gpulling manifest [K
pulling a99b7f834d75:  73% ▕█████████████     ▏ 4.3 GB/6.0 GB   58 MB/s     27s[K[?25h[?2026l[?2026h[?25l[A[1Gpulling manifest [K
pulling a99b7f834d75:  73% ▕█████████████     ▏ 4.3 GB/6.0 GB   58 MB/s     27s[K[?25h[?2026l[?2026h[?25l[A[1Gpulling manifest [K
pulling a99b7f834d75:  73% ▕█████████████     ▏ 4.4 GB/6.0 GB   58 MB/s     27s[K[?25h[?2026l[?2026h[?25l[A[1Gpulling manifest [K
pulling a99b7f834d75:  73% ▕█████████████     ▏ 4.4 GB/6.0 GB   58 MB/s     27s[K[?25h[?2026l[?2026h[?25l[A[1Gpulling manifest [K
pulling a99b7f834d75:  73% ▕█████████████     ▏ 4.4 GB/6.0 GB   63 MB/s     25s[K[?25h[?2026l[?2026h[?25l[A[1Gpulling manifest [K
pulling a99b7f834d75:  73% ▕█████████████     ▏ 4.4 GB/6.0 GB   63 MB/s     25s[K[?25h[?2026l[?2026h[?25l[A[1Gpulling manifest [K
pulling a99b7f834d75:  74% ▕█████████████     ▏ 4.4 GB/6.0 GB   63 MB/s     24s[K[?25h[?2026l[?2026h[?25l[A[1Gpulling manifest [K
pulling a99b7f834d75:  74% ▕█████████████     ▏ 4.4 GB/6.0 GB   63 MB/s     24s[K[?25h[?2026l[?2026h[?25l[A[1Gpulling manifest [K
pulling a99b7f834d75:  74% ▕█████████████     ▏ 4.4 GB/6.0 GB   63 MB/s     24s[K[?25h[?2026l[?2026h[?25l[A[1Gpulling manifest [K
pulling a99b7f834d75:  74% ▕█████████████     ▏ 4.4 GB/6.0 GB   63 MB/s     24s[K[?25h[?2026l[?2026h[?25l[A[1Gpulling manifest [K
pulling a99b7f834d75:  74% ▕█████████████     ▏ 4.4 GB/6.0 GB   63 MB/s     24s[K[?25h[?2026l[?2026h[?25l[A[1Gpulling manifest [K
pulling a99b7f834d75:  74% ▕█████████████     ▏ 4.4 GB/6.0 GB   63 MB/s     24s[K[?25h[?2026l[?2026h[?25l[A[1Gpulling manifest [K
pulling a99b7f834d75:  75% ▕█████████████     ▏ 4.4 GB/6.0 GB   63 MB/s     24s[K[?25h[?2026l[?2026h[?25l[A[1Gpulling manifest [K
pulling a99b7f834d75:  75% ▕█████████████     ▏ 4.5 GB/6.0 GB   63 MB/s     23s[K[?25h[?2026l[?2026h[?25l[A[1Gpulling manifest [K
pulling a99b7f834d75:  75% ▕█████████████     ▏ 4.5 GB/6.0 GB   69 MB/s     21s[K[?25h[?2026l[?2026h[?25l[A[1Gpulling manifest [K
pulling a99b7f834d75:  75% ▕█████████████     ▏ 4.5 GB/6.0 GB   69 MB/s     21s[K[?25h[?2026l[?2026h[?25l[A[1Gpulling manifest [K
pulling a99b7f834d75:  75% ▕█████████████     ▏ 4.5 GB/6.0 GB   69 MB/s     21s[K[?25h[?2026l[?2026h[?25l[A[1Gpulling manifest [K
pulling a99b7f834d75:  75% ▕█████████████     ▏ 4.5 GB/6.0 GB   69 MB/s     21s[K[?25h[?2026l[?2026h[?25l[A[1Gpulling manifest [K
pulling a99b7f834d75:  75% ▕█████████████     ▏ 4.5 GB/6.0 GB   69 MB/s     20s[K[?25h[?2026l[?2026h[?25l[A[1Gpulling manifest [K
pulling a99b7f834d75:  76% ▕█████████████     ▏ 4.5 GB/6.0 GB   69 MB/s     20s[K[?25h[?2026l[?2026h[?25l[A[1Gpulling manifest [K
pulling a99b7f834d75:  76% ▕█████████████     ▏ 4.5 GB/6.0 GB   69 MB/s     20s[K[?25h[?2026l[?2026h[?25l[A[1Gpulling manifest [K
pulling a99b7f834d75:  76% ▕█████████████     ▏ 4.5 GB/6.0 GB   69 MB/s     20s[K[?25h[?2026l[?2026h[?25l[A[1Gpulling manifest [K
pulling a99b7f834d75:  76% ▕█████████████     ▏ 4.5 GB/6.0 GB   69 MB/s     20s[K[?25h[?2026l[?2026h[?25l[A[1Gpulling manifest [K
pulling a99b7f834d75:  76% ▕█████████████     ▏ 4.5 GB/6.0 GB   69 MB/s     20s[K[?25h[?2026l[?2026h[?25l[A[1Gpulling manifest [K
pulling a99b7f834d75:  76% ▕█████████████     ▏ 4.6 GB/6.0 GB   74 MB/s     18s[K[?25h[?2026l[?2026h[?25l[A[1Gpulling manifest [K
pulling a99b7f834d75:  76% ▕█████████████     ▏ 4.6 GB/6.0 GB   74 MB/s     18s[K[?25h[?2026l[?2026h[?25l[A[1Gpulling manifest [K
pulling a99b7f834d75:  77% ▕█████████████     ▏ 4.6 GB/6.0 GB   74 MB/s     18s[K[?25h[?2026l[?2026h[?25l[A[1Gpulling manifest [K
pulling a99b7f834d75:  77% ▕█████████████     ▏ 4.6 GB/6.0 GB   74 MB/s     18s[K[?25h[?2026l[?2026h[?25l[A[1Gpulling manifest [K
pulling a99b7f834d75:  77% ▕█████████████     ▏ 4.6 GB/6.0 GB   74 MB/s     18s[K[?25h[?2026l[?2026h[?25l[A[1Gpulling manifest [K
pulling a99b7f834d75:  77% ▕█████████████     ▏ 4.6 GB/6.0 GB   74 MB/s     18s[K[?25h[?2026l[?2026h[?25l[A[1Gpulling manifest [K
pulling a99b7f834d75:  77% ▕█████████████     ▏ 4.6 GB/6.0 GB   74 MB/s     18s[K[?25h[?2026l[?2026h[?25l[A[1Gpulling manifest [K
pulling a99b7f834d75:  77% ▕█████████████     ▏ 4.6 GB/6.0 GB   74 MB/s     18s[K[?25h[?2026l[?2026h[?25l[A[1Gpulling manifest [K
pulling a99b7f834d75:  78% ▕█████████████     ▏ 4.6 GB/6.0 GB   74 MB/s     17s[K[?25h[?2026l[?2026h[?25l[A[1Gpulling manifest [K
pulling a99b7f834d75:  78% ▕█████████████     ▏ 4.6 GB/6.0 GB   74 MB/s     17s[K[?25h[?2026l[?2026h[?25l[A[1Gpulling manifest [K
pulling a99b7f834d75:  78% ▕██████████████    ▏ 4.6 GB/6.0 GB   74 MB/s     17s[K[?25h[?2026l[?2026h[?25l[A[1Gpulling manifest [K
pulling a99b7f834d75:  78% ▕██████████████    ▏ 4.7 GB/6.0 GB   78 MB/s     16s[K[?25h[?2026l[?2026h[?25l[A[1Gpulling manifest [K
pulling a99b7f834d75:  78% ▕██████████████    ▏ 4.7 GB/6.0 GB   78 MB/s     16s[K[?25h[?2026l[?2026h[?25l[A[1Gpulling manifest [K
pulling a99b7f834d75:  78% ▕██████████████    ▏ 4.7 GB/6.0 GB   78 MB/s     16s[K[?25h[?2026l[?2026h[?25l[A[1Gpulling manifest [K
pulling a99b7f834d75:  78% ▕██████████████    ▏ 4.7 GB/6.0 GB   78 MB/s     16s[K[?25h[?2026l[?2026h[?25l[A[1Gpulling manifest [K
pulling a99b7f834d75:  79% ▕██████████████    ▏ 4.7 GB/6.0 GB   78 MB/s     16s[K[?25h[?2026l[?2026h[?25l[A[1Gpulling manifest [K
pulling a99b7f834d75:  79% ▕██████████████    ▏ 4.7 GB/6.0 GB   78 MB/s     16s[K[?25h[?2026l[?2026h[?25l[A[1Gpulling manifest [K
pulling a99b7f834d75:  79% ▕██████████████    ▏ 4.7 GB/6.0 GB   78 MB/s     16s[K[?25h[?2026l[?2026h[?25l[A[1Gpulling manifest [K
pulling a99b7f834d75:  79% ▕██████████████    ▏ 4.7 GB/6.0 GB   78 MB/s     16s[K[?25h[?2026l[?2026h[?25l[A[1Gpulling manifest [K
pulling a99b7f834d75:  79% ▕██████████████    ▏ 4.7 GB/6.0 GB   78 MB/s     16s[K[?25h[?2026l[?2026h[?25l[A[1Gpulling manifest [K
pulling a99b7f834d75:  79% ▕██████████████    ▏ 4.7 GB/6.0 GB   78 MB/s     16s[K[?25h[?2026l[?2026h[?25l[A[1Gpulling manifest [K
pulling a99b7f834d75:  79% ▕██████████████    ▏ 4.7 GB/6.0 GB   77 MB/s     16s[K[?25h[?2026l[?2026h[?25l[A[1Gpulling manifest [K
pulling a99b7f834d75:  79% ▕██████████████    ▏ 4.7 GB/6.0 GB   77 MB/s     15s[K[?25h[?2026l[?2026h[?25l[A[1Gpulling manifest [K
pulling a99b7f834d75:  79% ▕██████████████    ▏ 4.7 GB/6.0 GB   77 MB/s     15s[K[?25h[?2026l[?2026h[?25l[A[1Gpulling manifest [K
pulling a99b7f834d75:  79% ▕██████████████    ▏ 4.7 GB/6.0 GB   77 MB/s     15s[K[?25h[?2026l[?2026h[?25l[A[1Gpulling manifest [K
pulling a99b7f834d75:  80% ▕██████████████    ▏ 4.7 GB/6.0 GB   77 MB/s     15s[K[?25h[?2026l[?2026h[?25l[A[1Gpulling manifest [K
pulling a99b7f834d75:  80% ▕██████████████    ▏ 4.8 GB/6.0 GB   77 MB/s     15s[K[?25h[?2026l[?2026h[?25l[A[1Gpulling manifest [K
pulling a99b7f834d75:  80% ▕██████████████    ▏ 4.8 GB/6.0 GB   77 MB/s     15s[K[?25h[?2026l[?2026h[?25l[A[1Gpulling manifest [K
pulling a99b7f834d75:  80% ▕██████████████    ▏ 4.8 GB/6.0 GB   77 MB/s     15s[K[?25h[?2026l[?2026h[?25l[A[1Gpulling manifest [K
pulling a99b7f834d75:  80% ▕██████████████    ▏ 4.8 GB/6.0 GB   77 MB/s     15s[K[?25h[?2026l[?2026h[?25l[A[1Gpulling manifest [K
pulling a99b7f834d75:  80% ▕██████████████    ▏ 4.8 GB/6.0 GB   77 MB/s     15s[K[?25h[?2026l[?2026h[?25l[A[1Gpulling manifest [K
pulling a99b7f834d75:  80% ▕██████████████    ▏ 4.8 GB/6.0 GB   74 MB/s     15s[K[?25h[?2026l[?2026h[?25l[A[1Gpulling manifest [K
pulling a99b7f834d75:  80% ▕██████████████    ▏ 4.8 GB/6.0 GB   74 MB/s     15s[K[?25h[?2026l[?2026h[?25l[A[1Gpulling manifest [K
pulling a99b7f834d75:  80% ▕██████████████    ▏ 4.8 GB/6.0 GB   74 MB/s     15s[K[?25h[?2026l[?2026h[?25l[A[1Gpulling manifest [K
pulling a99b7f834d75:  81% ▕██████████████    ▏ 4.8 GB/6.0 GB   74 MB/s     15s[K[?25h[?2026l[?2026h[?25l[A[1Gpulling manifest [K
pulling a99b7f834d75:  81% ▕██████████████    ▏ 4.8 GB/6.0 GB   74 MB/s     15s[K[?25h[?2026l[?2026h[?25l[A[1Gpulling manifest [K
pulling a99b7f834d75:  81% ▕██████████████    ▏ 4.8 GB/6.0 GB   74 MB/s     15s[K[?25h[?2026l[?2026h[?25l[A[1Gpulling manifest [K
pulling a99b7f834d75:  81% ▕██████████████    ▏ 4.8 GB/6.0 GB   74 MB/s     15s[K[?25h[?2026l[?2026h[?25l[A[1Gpulling manifest [K
pulling a99b7f834d75:  81% ▕██████████████    ▏ 4.8 GB/6.0 GB   74 MB/s     15s[K[?25h[?2026l[?2026h[?25l[A[1Gpulling manifest [K
pulling a99b7f834d75:  81% ▕██████████████    ▏ 4.8 GB/6.0 GB   74 MB/s     15s[K[?25h[?2026l[?2026h[?25l[A[1Gpulling manifest [K
pulling a99b7f834d75:  81% ▕██████████████    ▏ 4.8 GB/6.0 GB   74 MB/s     15s[K[?25h[?2026l[?2026h[?25l[A[1Gpulling manifest [K
pulling a99b7f834d75:  81% ▕██████████████    ▏ 4.9 GB/6.0 GB   74 MB/s     15s[K[?25h[?2026l[?2026h[?25l[A[1Gpulling manifest [K
pulling a99b7f834d75:  81% ▕██████████████    ▏ 4.9 GB/6.0 GB   74 MB/s     14s[K[?25h[?2026l[?2026h[?25l[A[1Gpulling manifest [K
pulling a99b7f834d75:  81% ▕██████████████    ▏ 4.9 GB/6.0 GB   74 MB/s     14s[K[?25h[?2026l[?2026h[?25l[A[1Gpulling manifest [K
pulling a99b7f834d75:  82% ▕██████████████    ▏ 4.9 GB/6.0 GB   74 MB/s     14s[K[?25h[?2026l[?2026h[?25l[A[1Gpulling manifest [K
pulling a99b7f834d75:  82% ▕██████████████    ▏ 4.9 GB/6.0 GB   74 MB/s     14s[K[?25h[?2026l[?2026h[?25l[A[1Gpulling manifest [K
pulling a99b7f834d75:  82% ▕██████████████    ▏ 4.9 GB/6.0 GB   74 MB/s     14s[K[?25h[?2026l[?2026h[?25l[A[1Gpulling manifest [K
pulling a99b7f834d75:  82% ▕██████████████    ▏ 4.9 GB/6.0 GB   74 MB/s     14s[K[?25h[?2026l[?2026h[?25l[A[1Gpulling manifest [K
pulling a99b7f834d75:  82% ▕██████████████    ▏ 4.9 GB/6.0 GB   74 MB/s     14s[K[?25h[?2026l[?2026h[?25l[A[1Gpulling manifest [K
pulling a99b7f834d75:  82% ▕██████████████    ▏ 4.9 GB/6.0 GB   74 MB/s     14s[K[?25h[?2026l[?2026h[?25l[A[1Gpulling manifest [K
pulling a99b7f834d75:  82% ▕██████████████    ▏ 4.9 GB/6.0 GB   74 MB/s     14s[K[?25h[?2026l[?2026h[?25l[A[1Gpulling manifest [K
pulling a99b7f834d75:  83% ▕██████████████    ▏ 4.9 GB/6.0 GB   76 MB/s     13s[K[?25h[?2026l[?2026h[?25l[A[1Gpulling manifest [K
pulling a99b7f834d75:  83% ▕██████████████    ▏ 4.9 GB/6.0 GB   76 MB/s     13s[K[?25h[?2026l[?2026h[?25l[A[1Gpulling manifest [K
pulling a99b7f834d75:  83% ▕██████████████    ▏ 5.0 GB/6.0 GB   76 MB/s     13s[K[?25h[?2026l[?2026h[?25l[A[1Gpulling manifest [K
pulling a99b7f834d75:  83% ▕██████████████    ▏ 5.0 GB/6.0 GB   76 MB/s     13s[K[?25h[?2026l[?2026h[?25l[A[1Gpulling manifest [K
pulling a99b7f834d75:  83% ▕██████████████    ▏ 5.0 GB/6.0 GB   76 MB/s     13s[K[?25h[?2026l[?2026h[?25l[A[1Gpulling manifest [K
pulling a99b7f834d75:  83% ▕███████████████   ▏ 5.0 GB/6.0 GB   76 MB/s     12s[K[?25h[?2026l[?2026h[?25l[A[1Gpulling manifest [K
pulling a99b7f834d75:  84% ▕███████████████   ▏ 5.0 GB/6.0 GB   76 MB/s     12s[K[?25h[?2026l[?2026h[?25l[A[1Gpulling manifest [K
pulling a99b7f834d75:  84% ▕███████████████   ▏ 5.0 GB/6.0 GB   76 MB/s     12s[K[?25h[?2026l[?2026h[?25l[A[1Gpulling manifest [K
pulling a99b7f834d75:  84% ▕███████████████   ▏ 5.0 GB/6.0 GB   76 MB/s     12s[K[?25h[?2026l[?2026h[?25l[A[1Gpulling manifest [K
pulling a99b7f834d75:  84% ▕███████████████   ▏ 5.0 GB/6.0 GB   76 MB/s     12s[K[?25h[?2026l[?2026h[?25l[A[1Gpulling manifest [K
pulling a99b7f834d75:  84% ▕███████████████   ▏ 5.0 GB/6.0 GB   76 MB/s     12s[K[?25h[?2026l[?2026h[?25l[A[1Gpulling manifest [K
pulling a99b7f834d75:  84% ▕███████████████   ▏ 5.0 GB/6.0 GB   79 MB/s     11s[K[?25h[?2026l[?2026h[?25l[A[1Gpulling manifest [K
pulling a99b7f834d75:  84% ▕███████████████   ▏ 5.0 GB/6.0 GB   79 MB/s     11s[K[?25h[?2026l[?2026h[?25l[A[1Gpulling manifest [K
pulling a99b7f834d75:  84% ▕███████████████   ▏ 5.0 GB/6.0 GB   79 MB/s     11s[K[?25h[?2026l[?2026h[?25l[A[1Gpulling manifest [K
pulling a99b7f834d75:  84% ▕███████████████   ▏ 5.0 GB/6.0 GB   79 MB/s     11s[K[?25h[?2026l[?2026h[?25l[A[1Gpulling manifest [K
pulling a99b7f834d75:  85% ▕███████████████   ▏ 5.0 GB/6.0 GB   79 MB/s     11s[K[?25h[?2026l[?2026h[?25l[A[1Gpulling manifest [K
pulling a99b7f834d75:  85% ▕███████████████   ▏ 5.1 GB/6.0 GB   79 MB/s     11s[K[?25h[?2026l[?2026h[?25l[A[1Gpulling manifest [K
pulling a99b7f834d75:  85% ▕███████████████   ▏ 5.1 GB/6.0 GB   79 MB/s     11s[K[?25h[?2026l[?2026h[?25l[A[1Gpulling manifest [K
pulling a99b7f834d75:  85% ▕███████████████   ▏ 5.1 GB/6.0 GB   79 MB/s     11s[K[?25h[?2026l[?2026h[?25l[A[1Gpulling manifest [K
pulling a99b7f834d75:  85% ▕███████████████   ▏ 5.1 GB/6.0 GB   79 MB/s     11s[K[?25h[?2026l[?2026h[?25l[A[1Gpulling manifest [K
pulling a99b7f834d75:  85% ▕███████████████   ▏ 5.1 GB/6.0 GB   79 MB/s     11s[K[?25h[?2026l[?2026h[?25l[A[1Gpulling manifest [K
pulling a99b7f834d75:  85% ▕███████████████   ▏ 5.1 GB/6.0 GB   78 MB/s     11s[K[?25h[?2026l[?2026h[?25l[A[1Gpulling manifest [K
pulling a99b7f834d75:  85% ▕███████████████   ▏ 5.1 GB/6.0 GB   78 MB/s     11s[K[?25h[?2026l[?2026h[?25l[A[1Gpulling manifest [K
pulling a99b7f834d75:  85% ▕███████████████   ▏ 5.1 GB/6.0 GB   78 MB/s     11s[K[?25h[?2026l[?2026h[?25l[A[1Gpulling manifest [K
pulling a99b7f834d75:  85% ▕███████████████   ▏ 5.1 GB/6.0 GB   78 MB/s     10s[K[?25h[?2026l[?2026h[?25l[A[1Gpulling manifest [K
pulling a99b7f834d75:  86% ▕███████████████   ▏ 5.1 GB/6.0 GB   78 MB/s     10s[K[?25h[?2026l[?2026h[?25l[A[1Gpulling manifest [K
pulling a99b7f834d75:  86% ▕███████████████   ▏ 5.1 GB/6.0 GB   78 MB/s     10s[K[?25h[?2026l[?2026h[?25l[A[1Gpulling manifest [K
pulling a99b7f834d75:  86% ▕███████████████   ▏ 5.1 GB/6.0 GB   78 MB/s     10s[K[?25h[?2026l[?2026h[?25l[A[1Gpulling manifest [K
pulling a99b7f834d75:  86% ▕███████████████   ▏ 5.1 GB/6.0 GB   78 MB/s     10s[K[?25h[?2026l[?2026h[?25l[A[1Gpulling manifest [K
pulling a99b7f834d75:  86% ▕███████████████   ▏ 5.1 GB/6.0 GB   78 MB/s     10s[K[?25h[?2026l[?2026h[?25l[A[1Gpulling manifest [K
pulling a99b7f834d75:  86% ▕███████████████   ▏ 5.1 GB/6.0 GB   78 MB/s     10s[K[?25h[?2026l[?2026h[?25l[A[1Gpulling manifest [K
pulling a99b7f834d75:  86% ▕███████████████   ▏ 5.1 GB/6.0 GB   74 MB/s     11s[K[?25h[?2026l[?2026h[?25l[A[1Gpulling manifest [K
pulling a99b7f834d75:  86% ▕███████████████   ▏ 5.1 GB/6.0 GB   74 MB/s     11s[K[?25h[?2026l[?2026h[?25l[A[1Gpulling manifest [K
pulling a99b7f834d75:  86% ▕███████████████   ▏ 5.2 GB/6.0 GB   74 MB/s     10s[K[?25h[?2026l[?2026h[?25l[A[1Gpulling manifest [K
pulling a99b7f834d75:  86% ▕███████████████   ▏ 5.2 GB/6.0 GB   74 MB/s     10s[K[?25h[?2026l[?2026h[?25l[A[1Gpulling manifest [K
pulling a99b7f834d75:  86% ▕███████████████   ▏ 5.2 GB/6.0 GB   74 MB/s     10s[K[?25h[?2026l[?2026h[?25l[A[1Gpulling manifest [K
pulling a99b7f834d75:  87% ▕███████████████   ▏ 5.2 GB/6.0 GB   74 MB/s     10s[K[?25h[?2026l[?2026h[?25l[A[1Gpulling manifest [K
pulling a99b7f834d75:  87% ▕███████████████   ▏ 5.2 GB/6.0 GB   74 MB/s     10s[K[?25h[?2026l[?2026h[?25l[A[1Gpulling manifest [K
pulling a99b7f834d75:  87% ▕███████████████   ▏ 5.2 GB/6.0 GB   74 MB/s     10s[K[?25h[?2026l[?2026h[?25l[A[1Gpulling manifest [K
pulling a99b7f834d75:  87% ▕███████████████   ▏ 5.2 GB/6.0 GB   74 MB/s     10s[K[?25h[?2026l[?2026h[?25l[A[1Gpulling manifest [K
pulling a99b7f834d75:  87% ▕███████████████   ▏ 5.2 GB/6.0 GB   74 MB/s     10s[K[?25h[?2026l[?2026h[?25l[A[1Gpulling manifest [K
pulling a99b7f834d75:  87% ▕███████████████   ▏ 5.2 GB/6.0 GB   70 MB/s     10s[K[?25h[?2026l[?2026h[?25l[A[1Gpulling manifest [K
pulling a99b7f834d75:  87% ▕███████████████   ▏ 5.2 GB/6.0 GB   70 MB/s     10s[K[?25h[?2026l[?2026h[?25l[A[1Gpulling manifest [K
pulling a99b7f834d75:  87% ▕███████████████   ▏ 5.2 GB/6.0 GB   70 MB/s     10s[K[?25h[?2026l[?2026h[?25l[A[1Gpulling manifest [K
pulling a99b7f834d75:  87% ▕███████████████   ▏ 5.2 GB/6.0 GB   70 MB/s     10s[K[?25h[?2026l[?2026h[?25l[A[1Gpulling manifest [K
pulling a99b7f834d75:  87% ▕███████████████   ▏ 5.2 GB/6.0 GB   70 MB/s     10s[K[?25h[?2026l[?2026h[?25l[A[1Gpulling manifest [K
pulling a99b7f834d75:  87% ▕███████████████   ▏ 5.2 GB/6.0 GB   70 MB/s     10s[K[?25h[?2026l[?2026h[?25l[A[1Gpulling manifest [K
pulling a99b7f834d75:  88% ▕███████████████   ▏ 5.2 GB/6.0 GB   70 MB/s     10s[K[?25h[?2026l[?2026h[?25l[A[1Gpulling manifest [K
pulling a99b7f834d75:  88% ▕███████████████   ▏ 5.2 GB/6.0 GB   70 MB/s     10s[K[?25h[?2026l[?2026h[?25l[A[1Gpulling manifest [K
pulling a99b7f834d75:  88% ▕███████████████   ▏ 5.2 GB/6.0 GB   70 MB/s     10s[K[?25h[?2026l[?2026h[?25l[A[1Gpulling manifest [K
pulling a99b7f834d75:  88% ▕███████████████   ▏ 5.2 GB/6.0 GB   70 MB/s     10s[K[?25h[?2026l[?2026h[?25l[A[1Gpulling manifest [K
pulling a99b7f834d75:  88% ▕███████████████   ▏ 5.3 GB/6.0 GB   66 MB/s     10s[K[?25h[?2026l[?2026h[?25l[A[1Gpulling manifest [K
pulling a99b7f834d75:  88% ▕███████████████   ▏ 5.3 GB/6.0 GB   66 MB/s     10s[K[?25h[?2026l[?2026h[?25l[A[1Gpulling manifest [K
pulling a99b7f834d75:  88% ▕███████████████   ▏ 5.3 GB/6.0 GB   66 MB/s     10s[K[?25h[?2026l[?2026h[?25l[A[1Gpulling manifest [K
pulling a99b7f834d75:  88% ▕███████████████   ▏ 5.3 GB/6.0 GB   66 MB/s     10s[K[?25h[?2026l[?2026h[?25l[A[1Gpulling manifest [K
pulling a99b7f834d75:  88% ▕███████████████   ▏ 5.3 GB/6.0 GB   66 MB/s     10s[K[?25h[?2026l[?2026h[?25l[A[1Gpulling manifest [K
pulling a99b7f834d75:  88% ▕███████████████   ▏ 5.3 GB/6.0 GB   66 MB/s     10s[K[?25h[?2026l[?2026h[?25l[A[1Gpulling manifest [K
pulling a99b7f834d75:  89% ▕███████████████   ▏ 5.3 GB/6.0 GB   66 MB/s     10s[K[?25h[?2026l[?2026h[?25l[A[1Gpulling manifest [K
pulling a99b7f834d75:  89% ▕███████████████   ▏ 5.3 GB/6.0 GB   66 MB/s     10s[K[?25h[?2026l[?2026h[?25l[A[1Gpulling manifest [K
pulling a99b7f834d75:  89% ▕███████████████   ▏ 5.3 GB/6.0 GB   66 MB/s     10s[K[?25h[?2026l[?2026h[?25l[A[1Gpulling manifest [K
pulling a99b7f834d75:  89% ▕███████████████   ▏ 5.3 GB/6.0 GB   66 MB/s     10s[K[?25h[?2026l[?2026h[?25l[A[1Gpulling manifest [K
pulling a99b7f834d75:  89% ▕███████████████   ▏ 5.3 GB/6.0 GB   66 MB/s      9s[K[?25h[?2026l[?2026h[?25l[A[1Gpulling manifest [K
pulling a99b7f834d75:  89% ▕████████████████  ▏ 5.3 GB/6.0 GB   65 MB/s     10s[K[?25h[?2026l[?2026h[?25l[A[1Gpulling manifest [K
pulling a99b7f834d75:  89% ▕████████████████  ▏ 5.3 GB/6.0 GB   65 MB/s      9s[K[?25h[?2026l[?2026h[?25l[A[1Gpulling manifest [K
pulling a99b7f834d75:  89% ▕████████████████  ▏ 5.3 GB/6.0 GB   65 MB/s      9s[K[?25h[?2026l[?2026h[?25l[A[1Gpulling manifest [K
pulling a99b7f834d75:  89% ▕████████████████  ▏ 5.3 GB/6.0 GB   65 MB/s      9s[K[?25h[?2026l[?2026h[?25l[A[1Gpulling manifest [K
pulling a99b7f834d75:  89% ▕████████████████  ▏ 5.3 GB/6.0 GB   65 MB/s      9s[K[?25h[?2026l[?2026h[?25l[A[1Gpulling manifest [K
pulling a99b7f834d75:  89% ▕████████████████  ▏ 5.3 GB/6.0 GB   65 MB/s      9s[K[?25h[?2026l[?2026h[?25l[A[1Gpulling manifest [K
pulling a99b7f834d75:  90% ▕████████████████  ▏ 5.3 GB/6.0 GB   65 MB/s      9s[K[?25h[?2026l[?2026h[?25l[A[1Gpulling manifest [K
pulling a99b7f834d75:  90% ▕████████████████  ▏ 5.4 GB/6.0 GB   65 MB/s      9s[K[?25h[?2026l[?2026h[?25l[A[1Gpulling manifest [K
pulling a99b7f834d75:  90% ▕████████████████  ▏ 5.4 GB/6.0 GB   65 MB/s      9s[K[?25h[?2026l[?2026h[?25l[A[1Gpulling manifest [K
pulling a99b7f834d75:  90% ▕████████████████  ▏ 5.4 GB/6.0 GB   65 MB/s      9s[K[?25h[?2026l[?2026h[?25l[A[1Gpulling manifest [K
pulling a99b7f834d75:  90% ▕████████████████  ▏ 5.4 GB/6.0 GB   64 MB/s      9s[K[?25h[?2026l[?2026h[?25l[A[1Gpulling manifest [K
pulling a99b7f834d75:  90% ▕████████████████  ▏ 5.4 GB/6.0 GB   64 MB/s      9s[K[?25h[?2026l[?2026h[?25l[A[1Gpulling manifest [K
pulling a99b7f834d75:  90% ▕████████████████  ▏ 5.4 GB/6.0 GB   64 MB/s      9s[K[?25h[?2026l[?2026h[?25l[A[1Gpulling manifest [K
pulling a99b7f834d75:  90% ▕████████████████  ▏ 5.4 GB/6.0 GB   64 MB/s      8s[K[?25h[?2026l[?2026h[?25l[A[1Gpulling manifest [K
pulling a99b7f834d75:  90% ▕████████████████  ▏ 5.4 GB/6.0 GB   64 MB/s      8s[K[?25h[?2026l[?2026h[?25l[A[1Gpulling manifest [K
pulling a99b7f834d75:  90% ▕████████████████  ▏ 5.4 GB/6.0 GB   64 MB/s      8s[K[?25h[?2026l[?2026h[?25l[A[1Gpulling manifest [K
pulling a99b7f834d75:  91% ▕████████████████  ▏ 5.4 GB/6.0 GB   64 MB/s      8s[K[?25h[?2026l[?2026h[?25l[A[1Gpulling manifest [K
pulling a99b7f834d75:  91% ▕████████████████  ▏ 5.4 GB/6.0 GB   64 MB/s      8s[K[?25h[?2026l[?2026h[?25l[A[1Gpulling manifest [K
pulling a99b7f834d75:  91% ▕████████████████  ▏ 5.4 GB/6.0 GB   64 MB/s      8s[K[?25h[?2026l[?2026h[?25l[A[1Gpulling manifest [K
pulling a99b7f834d75:  91% ▕████████████████  ▏ 5.4 GB/6.0 GB   64 MB/s      8s[K[?25h[?2026l[?2026h[?25l[A[1Gpulling manifest [K
pulling a99b7f834d75:  91% ▕████████████████  ▏ 5.4 GB/6.0 GB   64 MB/s      8s[K[?25h[?2026l[?2026h[?25l[A[1Gpulling manifest [K
pulling a99b7f834d75:  91% ▕████████████████  ▏ 5.4 GB/6.0 GB   64 MB/s      8s[K[?25h[?2026l[?2026h[?25l[A[1Gpulling manifest [K
pulling a99b7f834d75:  91% ▕████████████████  ▏ 5.4 GB/6.0 GB   64 MB/s      8s[K[?25h[?2026l[?2026h[?25l[A[1Gpulling manifest [K
pulling a99b7f834d75:  91% ▕████████████████  ▏ 5.4 GB/6.0 GB   64 MB/s      8s[K[?25h[?2026l[?2026h[?25l[A[1Gpulling manifest [K
pulling a99b7f834d75:  91% ▕████████████████  ▏ 5.5 GB/6.0 GB   64 MB/s      8s[K[?25h[?2026l[?2026h[?25l[A[1Gpulling manifest [K
pulling a99b7f834d75:  91% ▕████████████████  ▏ 5.5 GB/6.0 GB   64 MB/s      7s[K[?25h[?2026l[?2026h[?25l[A[1Gpulling manifest [K
pulling a99b7f834d75:  92% ▕████████████████  ▏ 5.5 GB/6.0 GB   64 MB/s      7s[K[?25h[?2026l[?2026h[?25l[A[1Gpulling manifest [K
pulling a99b7f834d75:  92% ▕████████████████  ▏ 5.5 GB/6.0 GB   64 MB/s      7s[K[?25h[?2026l[?2026h[?25l[A[1Gpulling manifest [K
pulling a99b7f834d75:  92% ▕████████████████  ▏ 5.5 GB/6.0 GB   64 MB/s      7s[K[?25h[?2026l[?2026h[?25l[A[1Gpulling manifest [K
pulling a99b7f834d75:  92% ▕████████████████  ▏ 5.5 GB/6.0 GB   64 MB/s      7s[K[?25h[?2026l[?2026h[?25l[A[1Gpulling manifest [K
pulling a99b7f834d75:  92% ▕████████████████  ▏ 5.5 GB/6.0 GB   61 MB/s      7s[K[?25h[?2026l[?2026h[?25l[A[1Gpulling manifest [K
pulling a99b7f834d75:  92% ▕████████████████  ▏ 5.5 GB/6.0 GB   61 MB/s      7s[K[?25h[?2026l[?2026h[?25l[A[1Gpulling manifest [K
pulling a99b7f834d75:  92% ▕████████████████  ▏ 5.5 GB/6.0 GB   61 MB/s      7s[K[?25h[?2026l[?2026h[?25l[A[1Gpulling manifest [K
pulling a99b7f834d75:  92% ▕████████████████  ▏ 5.5 GB/6.0 GB   61 MB/s      7s[K[?25h[?2026l[?2026h[?25l[A[1Gpulling manifest [K
pulling a99b7f834d75:  92% ▕████████████████  ▏ 5.5 GB/6.0 GB   61 MB/s      7s[K[?25h[?2026l[?2026h[?25l[A[1Gpulling manifest [K
pulling a99b7f834d75:  92% ▕████████████████  ▏ 5.5 GB/6.0 GB   61 MB/s      7s[K[?25h[?2026l[?2026h[?25l[A[1Gpulling manifest [K
pulling a99b7f834d75:  92% ▕████████████████  ▏ 5.5 GB/6.0 GB   61 MB/s      7s[K[?25h[?2026l[?2026h[?25l[A[1Gpulling manifest [K
pulling a99b7f834d75:  93% ▕████████████████  ▏ 5.5 GB/6.0 GB   61 MB/s      7s[K[?25h[?2026l[?2026h[?25l[A[1Gpulling manifest [K
pulling a99b7f834d75:  93% ▕████████████████  ▏ 5.5 GB/6.0 GB   61 MB/s      7s[K[?25h[?2026l[?2026h[?25l[A[1Gpulling manifest [K
pulling a99b7f834d75:  93% ▕████████████████  ▏ 5.5 GB/6.0 GB   61 MB/s      7s[K[?25h[?2026l[?2026h[?25l[A[1Gpulling manifest [K
pulling a99b7f834d75:  93% ▕████████████████  ▏ 5.5 GB/6.0 GB   58 MB/s      7s[K[?25h[?2026l[?2026h[?25l[A[1Gpulling manifest [K
pulling a99b7f834d75:  93% ▕████████████████  ▏ 5.5 GB/6.0 GB   58 MB/s      7s[K[?25h[?2026l[?2026h[?25l[A[1Gpulling manifest [K
pulling a99b7f834d75:  93% ▕████████████████  ▏ 5.6 GB/6.0 GB   58 MB/s      7s[K[?25h[?2026l[?2026h[?25l[A[1Gpulling manifest [K
pulling a99b7f834d75:  93% ▕████████████████  ▏ 5.6 GB/6.0 GB   58 MB/s      7s[K[?25h[?2026l[?2026h[?25l[A[1Gpulling manifest [K
pulling a99b7f834d75:  93% ▕████████████████  ▏ 5.6 GB/6.0 GB   58 MB/s      6s[K[?25h[?2026l[?2026h[?25l[A[1Gpulling manifest [K
pulling a99b7f834d75:  93% ▕████████████████  ▏ 5.6 GB/6.0 GB   58 MB/s      6s[K[?25h[?2026l[?2026h[?25l[A[1Gpulling manifest [K
pulling a99b7f834d75:  93% ▕████████████████  ▏ 5.6 GB/6.0 GB   58 MB/s      6s[K[?25h[?2026l[?2026h[?25l[A[1Gpulling manifest [K
pulling a99b7f834d75:  94% ▕████████████████  ▏ 5.6 GB/6.0 GB   58 MB/s      6s[K[?25h[?2026l[?2026h[?25l[A[1Gpulling manifest [K
pulling a99b7f834d75:  94% ▕████████████████  ▏ 5.6 GB/6.0 GB   58 MB/s      6s[K[?25h[?2026l[?2026h[?25l[A[1Gpulling manifest [K
pulling a99b7f834d75:  94% ▕████████████████  ▏ 5.6 GB/6.0 GB   58 MB/s      6s[K[?25h[?2026l[?2026h[?25l[A[1Gpulling manifest [K
pulling a99b7f834d75:  94% ▕████████████████  ▏ 5.6 GB/6.0 GB   58 MB/s      6s[K[?25h[?2026l[?2026h[?25l[A[1Gpulling manifest [K
pulling a99b7f834d75:  94% ▕████████████████  ▏ 5.6 GB/6.0 GB   57 MB/s      6s[K[?25h[?2026l[?2026h[?25l[A[1Gpulling manifest [K
pulling a99b7f834d75:  94% ▕████████████████  ▏ 5.6 GB/6.0 GB   57 MB/s      6s[K[?25h[?2026l[?2026h[?25l[A[1Gpulling manifest [K
pulling a99b7f834d75:  94% ▕████████████████  ▏ 5.6 GB/6.0 GB   57 MB/s      6s[K[?25h[?2026l[?2026h[?25l[A[1Gpulling manifest [K
pulling a99b7f834d75:  94% ▕████████████████  ▏ 5.6 GB/6.0 GB   57 MB/s      5s[K[?25h[?2026l[?2026h[?25l[A[1Gpulling manifest [K
pulling a99b7f834d75:  94% ▕████████████████  ▏ 5.6 GB/6.0 GB   57 MB/s      5s[K[?25h[?2026l[?2026h[?25l[A[1Gpulling manifest [K
pulling a99b7f834d75:  94% ▕█████████████████ ▏ 5.6 GB/6.0 GB   57 MB/s      5s[K[?25h[?2026l[?2026h[?25l[A[1Gpulling manifest [K
pulling a99b7f834d75:  95% ▕█████████████████ ▏ 5.6 GB/6.0 GB   57 MB/s      5s[K[?25h[?2026l[?2026h[?25l[A[1Gpulling manifest [K
pulling a99b7f834d75:  95% ▕█████████████████ ▏ 5.7 GB/6.0 GB   57 MB/s      5s[K[?25h[?2026l[?2026h[?25l[A[1Gpulling manifest [K
pulling a99b7f834d75:  95% ▕█████████████████ ▏ 5.7 GB/6.0 GB   57 MB/s      5s[K[?25h[?2026l[?2026h[?25l[A[1Gpulling manifest [K
pulling a99b7f834d75:  95% ▕█████████████████ ▏ 5.7 GB/6.0 GB   57 MB/s      5s[K[?25h[?2026l[?2026h[?25l[A[1Gpulling manifest [K
pulling a99b7f834d75:  95% ▕█████████████████ ▏ 5.7 GB/6.0 GB   59 MB/s      4s[K[?25h[?2026l[?2026h[?25l[A[1Gpulling manifest [K
pulling a99b7f834d75:  95% ▕█████████████████ ▏ 5.7 GB/6.0 GB   59 MB/s      4s[K[?25h[?2026l[?2026h[?25l[A[1Gpulling manifest [K
pulling a99b7f834d75:  95% ▕█████████████████ ▏ 5.7 GB/6.0 GB   59 MB/s      4s[K[?25h[?2026l[?2026h[?25l[A[1Gpulling manifest [K
pulling a99b7f834d75:  95% ▕█████████████████ ▏ 5.7 GB/6.0 GB   59 MB/s      4s[K[?25h[?2026l[?2026h[?25l[A[1Gpulling manifest [K
pulling a99b7f834d75:  96% ▕█████████████████ ▏ 5.7 GB/6.0 GB   59 MB/s      4s[K[?25h[?2026l[?2026h[?25l[A[1Gpulling manifest [K
pulling a99b7f834d75:  96% ▕█████████████████ ▏ 5.7 GB/6.0 GB   59 MB/s      4s[K[?25h[?2026l[?2026h[?25l[A[1Gpulling manifest [K
pulling a99b7f834d75:  96% ▕█████████████████ ▏ 5.7 GB/6.0 GB   59 MB/s      4s[K[?25h[?2026l[?2026h[?25l[A[1Gpulling manifest [K
pulling a99b7f834d75:  96% ▕█████████████████ ▏ 5.7 GB/6.0 GB   59 MB/s      3s[K[?25h[?2026l[?2026h[?25l[A[1Gpulling manifest [K
pulling a99b7f834d75:  96% ▕█████████████████ ▏ 5.7 GB/6.0 GB   59 MB/s      3s[K[?25h[?2026l[?2026h[?25l[A[1Gpulling manifest [K
pulling a99b7f834d75:  96% ▕█████████████████ ▏ 5.8 GB/6.0 GB   59 MB/s      3s[K[?25h[?2026l[?2026h[?25l[A[1Gpulling manifest [K
pulling a99b7f834d75:  97% ▕█████████████████ ▏ 5.8 GB/6.0 GB   63 MB/s      3s[K[?25h[?2026l[?2026h[?25l[A[1Gpulling manifest [K
pulling a99b7f834d75:  97% ▕█████████████████ ▏ 5.8 GB/6.0 GB   63 MB/s      3s[K[?25h[?2026l[?2026h[?25l[A[1Gpulling manifest [K
pulling a99b7f834d75:  97% ▕█████████████████ ▏ 5.8 GB/6.0 GB   63 MB/s      2s[K[?25h[?2026l[?2026h[?25l[A[1Gpulling manifest [K
pulling a99b7f834d75:  97% ▕█████████████████ ▏ 5.8 GB/6.0 GB   63 MB/s      2s[K[?25h[?2026l[?2026h[?25l[A[1Gpulling manifest [K
pulling a99b7f834d75:  97% ▕█████████████████ ▏ 5.8 GB/6.0 GB   63 MB/s      2s[K[?25h[?2026l[?2026h[?25l[A[1Gpulling manifest [K
pulling a99b7f834d75:  97% ▕█████████████████ ▏ 5.8 GB/6.0 GB   63 MB/s      2s[K[?25h[?2026l[?2026h[?25l[A[1Gpulling manifest [K
pulling a99b7f834d75:  97% ▕█████████████████ ▏ 5.8 GB/6.0 GB   63 MB/s      2s[K[?25h[?2026l[?2026h[?25l[A[1Gpulling manifest [K
pulling a99b7f834d75:  98% ▕█████████████████ ▏ 5.8 GB/6.0 GB   63 MB/s      2s[K[?25h[?2026l[?2026h[?25l[A[1Gpulling manifest [K
pulling a99b7f834d75:  98% ▕█████████████████ ▏ 5.8 GB/6.0 GB   63 MB/s      2s[K[?25h[?2026l[?2026h[?25l[A[1Gpulling manifest [K
pulling a99b7f834d75:  98% ▕█████████████████ ▏ 5.8 GB/6.0 GB   63 MB/s      1s[K[?25h[?2026l[?2026h[?25l[A[1Gpulling manifest [K
pulling a99b7f834d75:  98% ▕█████████████████ ▏ 5.9 GB/6.0 GB   67 MB/s      1s[K[?25h[?2026l[?2026h[?25l[A[1Gpulling manifest [K
pulling a99b7f834d75:  98% ▕█████████████████ ▏ 5.9 GB/6.0 GB   67 MB/s      1s[K[?25h[?2026l[?2026h[?25l[A[1Gpulling manifest [K
pulling a99b7f834d75:  98% ▕█████████████████ ▏ 5.9 GB/6.0 GB   67 MB/s      1s[K[?25h[?2026l[?2026h[?25l[A[1Gpulling manifest [K
pulling a99b7f834d75:  99% ▕█████████████████ ▏ 5.9 GB/6.0 GB   67 MB/s      1s[K[?25h[?2026l[?2026h[?25l[A[1Gpulling manifest [K
pulling a99b7f834d75:  99% ▕█████████████████ ▏ 5.9 GB/6.0 GB   67 MB/s      1s[K[?25h[?2026l[?2026h[?25l[A[1Gpulling manifest [K
pulling a99b7f834d75:  99% ▕█████████████████ ▏ 5.9 GB/6.0 GB   67 MB/s      1s[K[?25h[?2026l[?2026h[?25l[A[1Gpulling manifest [K
pulling a99b7f834d75:  99% ▕█████████████████ ▏ 5.9 GB/6.0 GB   67 MB/s      0s[K[?25h[?2026l[?2026h[?25l[A[1Gpulling manifest [K
pulling a99b7f834d75:  99% ▕█████████████████ ▏ 5.9 GB/6.0 GB   67 MB/s      0s[K[?25h[?2026l[?2026h[?25l[A[1Gpulling manifest [K
pulling a99b7f834d75:  99% ▕█████████████████ ▏ 5.9 GB/6.0 GB   67 MB/s      0s[K[?25h[?2026l[?2026h[?25l[A[1Gpulling manifest [K
pulling a99b7f834d75:  99% ▕█████████████████ ▏ 5.9 GB/6.0 GB   67 MB/s      0s[K[?25h[?2026l[?2026h[?25l[A[1Gpulling manifest [K
pulling a99b7f834d75:  99% ▕█████████████████ ▏ 5.9 GB/6.0 GB   69 MB/s      0s[K[?25h[?2026l[?2026h[?25l[A[1Gpulling manifest [K
pulling a99b7f834d75:  99% ▕█████████████████ ▏ 5.9 GB/6.0 GB   69 MB/s      0s[K[?25h[?2026l[?2026h[?25l[A[1Gpulling manifest [K
pulling a99b7f834d75: 100% ▕█████████████████ ▏ 5.9 GB/6.0 GB   69 MB/s      0s[K[?25h[?2026l[?2026h[?25l[A[1Gpulling manifest [K
pulling a99b7f834d75: 100% ▕█████████████████ ▏ 5.9 GB/6.0 GB   69 MB/s      0s[K[?25h[?2026l[?2026h[?25l[A[1Gpulling manifest [K
pulling a99b7f834d75: 100% ▕█████████████████ ▏ 6.0 GB/6.0 GB   69 MB/s      0s[K[?25h[?2026l[?2026h[?25l[A[1Gpulling manifest [K
pulling a99b7f834d75: 100% ▕█████████████████ ▏ 6.0 GB/6.0 GB   69 MB/s      0s[K[?25h[?2026l[?2026h[?25l[A[1Gpulling manifest [K
pulling a99b7f834d75: 100% ▕█████████████████ ▏ 6.0 GB/6.0 GB   69 MB/s      0s[K[?25h[?2026l[?2026h[?25l[A[1Gpulling manifest [K
pulling a99b7f834d75: 100% ▕█████████████████ ▏ 6.0 GB/6.0 GB   69 MB/s      0s[K[?25h[?2026l[?2026h[?25l[A[1Gpulling manifest [K
pulling a99b7f834d75: 100% ▕█████████████████ ▏ 6.0 GB/6.0 GB   69 MB/s      0s[K[?25h[?2026l[?2026h[?25l[A[1Gpulling manifest [K
pulling a99b7f834d75: 100% ▕█████████████████ ▏ 6.0 GB/6.0 GB   69 MB/s      0s[K[?25h[?2026l[?2026h[?25l[A[1Gpulling manifest [K
pulling a99b7f834d75: 100% ▕█████████████████ ▏ 6.0 GB/6.0 GB   69 MB/s      0s[K[?25h[?2026l[?2026h[?25l[A[1Gpulling manifest [K
pulling a99b7f834d75: 100% ▕█████████████████ ▏ 6.0 GB/6.0 GB   66 MB/s      0s[K[?25h[?2026l[?2026h[?25l[A[1Gpulling manifest [K
pulling a99b7f834d75: 100% ▕██████████████████▏ 6.0 GB                         [K[?25h[?2026l[?2026h[?25l[A[1Gpulling manifest [K
pulling a99b7f834d75: 100% ▕██████████████████▏ 6.0 GB                         [K[?25h[?2026l[?2026h[?25l[A[1Gpulling manifest [K
pulling a99b7f834d75: 100% ▕██████████████████▏ 6.0 GB                         [K[?25h[?2026l[?2026h[?25l[A[1Gpulling manifest [K
pulling a99b7f834d75: 100% ▕██████████████████▏ 6.0 GB                         [K[?25h[?2026l[?2026h[?25l[A[1Gpulling manifest [K
pulling a99b7f834d75: 100% ▕██████████████████▏ 6.0 GB                         [K[?25h[?2026l[?2026h[?25l[A[1Gpulling manifest [K
pulling a99b7f834d75: 100% ▕██████████████████▏ 6.0 GB                         [K[?25h[?2026l[?2026h[?25l[A[1Gpulling manifest [K
pulling a99b7f834d75: 100% ▕██████████████████▏ 6.0 GB                         [K[?25h[?2026l[?2026h[?25l[A[1Gpulling manifest [K
pulling a99b7f834d75: 100% ▕██████████████████▏ 6.0 GB                         [K[?25h[?2026l[?2026h[?25l[A[1Gpulling manifest [K
pulling a99b7f834d75: 100% ▕██████████████████▏ 6.0 GB                         [K[?25h[?2026l[?2026h[?25l[A[1Gpulling manifest [K
pulling a99b7f834d75: 100% ▕██████████████████▏ 6.0 GB                         [K[?25h[?2026l[?2026h[?25l[A[1Gpulling manifest [K
pulling a99b7f834d75: 100% ▕██████████████████▏ 6.0 GB                         [K[?25h[?2026l[?2026h[?25l[A[1Gpulling manifest [K
pulling a99b7f834d75: 100% ▕██████████████████▏ 6.0 GB                         [K[?25h[?2026l[?2026h[?25l[A[1Gpulling manifest [K
pulling a99b7f834d75: 100% ▕██████████████████▏ 6.0 GB                         [K
pulling a242d8dfdc8f: 100% ▕██████████████████▏  487 B                         [K[?25h[?2026l[?2026h[?25l[A[A[1Gpulling manifest [K
pulling a99b7f834d75: 100% ▕██████████████████▏ 6.0 GB                         [K
pulling a242d8dfdc8f: 100% ▕██████████████████▏  487 B                         [K[?25h[?2026l[?2026h[?25l[A[A[1Gpulling manifest [K
pulling a99b7f834d75: 100% ▕██████████████████▏ 6.0 GB                         [K
pulling a242d8dfdc8f: 100% ▕██████████████████▏  487 B                         [K[?25h[?2026l[?2026h[?25l[A[A[1Gpulling manifest [K
pulling a99b7f834d75: 100% ▕██████████████████▏ 6.0 GB                         [K
pulling a242d8dfdc8f: 100% ▕██████████████████▏  487 B                         [K[?25h[?2026l[?2026h[?25l[A[A[1Gpulling manifest [K
pulling a99b7f834d75: 100% ▕██████████████████▏ 6.0 GB                         [K
pulling a242d8dfdc8f: 100% ▕██████████████████▏  487 B                         [K[?25h[?2026l[?2026h[?25l[A[A[1Gpulling manifest [K
pulling a99b7f834d75: 100% ▕██████████████████▏ 6.0 GB                         [K
pulling a242d8dfdc8f: 100% ▕██████████████████▏  487 B                         [K[?25h[?2026l[?2026h[?25l[A[A[1Gpulling manifest [K
pulling a99b7f834d75: 100% ▕██████████████████▏ 6.0 GB                         [K
pulling a242d8dfdc8f: 100% ▕██████████████████▏  487 B                         [K[?25h[?2026l[?2026h[?25l[A[A[1Gpulling manifest [K
pulling a99b7f834d75: 100% ▕██████████████████▏ 6.0 GB                         [K
pulling a242d8dfdc8f: 100% ▕██████████████████▏  487 B                         [K[?25h[?2026l[?2026h[?25l[A[A[1Gpulling manifest [K
pulling a99b7f834d75: 100% ▕██████████████████▏ 6.0 GB                         [K
pulling a242d8dfdc8f: 100% ▕██████████████████▏  487 B                         [K[?25h[?2026l[?2026h[?25l[A[A[1Gpulling manifest [K
pulling a99b7f834d75: 100% ▕██████████████████▏ 6.0 GB                         [K
pulling a242d8dfdc8f: 100% ▕██████████████████▏  487 B                         [K[?25h[?2026l[?2026h[?25l[A[A[1Gpulling manifest [K
pulling a99b7f834d75: 100% ▕██████████████████▏ 6.0 GB                         [K
pulling a242d8dfdc8f: 100% ▕██████████████████▏  487 B                         [K[?25h[?2026l[?2026h[?25l[A[A[1Gpulling manifest [K
pulling a99b7f834d75: 100% ▕██████████████████▏ 6.0 GB                         [K
pulling a242d8dfdc8f: 100% ▕██████████████████▏  487 B                         [K[?25h[?2026l[?2026h[?25l[A[A[1Gpulling manifest [K
pulling a99b7f834d75: 100% ▕██████████████████▏ 6.0 GB                         [K
pulling a242d8dfdc8f: 100% ▕██████████████████▏  487 B                         [K[?25h[?2026l[?2026h[?25l[A[A[1Gpulling manifest [K
pulling a99b7f834d75: 100% ▕██████████████████▏ 6.0 GB                         [K
pulling a242d8dfdc8f: 100% ▕██████████████████▏  487 B                         [K
pulling 75357d685f23: 100% ▕██████████████████▏   28 B                         [K[?25h[?2026l[?2026h[?25l[A[A[A[1Gpulling manifest [K
pulling a99b7f834d75: 100% ▕██████████████████▏ 6.0 GB                         [K
pulling a242d8dfdc8f: 100% ▕██████████████████▏  487 B                         [K
pulling 75357d685f23: 100% ▕██████████████████▏   28 B                         [K[?25h[?2026l[?2026h[?25l[A[A[A[1Gpulling manifest [K
pulling a99b7f834d75: 100% ▕██████████████████▏ 6.0 GB                         [K
pulling a242d8dfdc8f: 100% ▕██████████████████▏  487 B                         [K
pulling 75357d685f23: 100% ▕██████████████████▏   28 B                         [K[?25h[?2026l[?2026h[?25l[A[A[A[1Gpulling manifest [K
pulling a99b7f834d75: 100% ▕██████████████████▏ 6.0 GB                         [K
pulling a242d8dfdc8f: 100% ▕██████████████████▏  487 B                         [K
pulling 75357d685f23: 100% ▕██████████████████▏   28 B                         [K[?25h[?2026l[?2026h[?25l[A[A[A[1Gpulling manifest [K
pulling a99b7f834d75: 100% ▕██████████████████▏ 6.0 GB                         [K
pulling a242d8dfdc8f: 100% ▕██████████████████▏  487 B                         [K
pulling 75357d685f23: 100% ▕██████████████████▏   28 B                         [K[?25h[?2026l[?2026h[?25l[A[A[A[1Gpulling manifest [K
pulling a99b7f834d75: 100% ▕██████████████████▏ 6.0 GB                         [K
pulling a242d8dfdc8f: 100% ▕██████████████████▏  487 B                         [K
pulling 75357d685f23: 100% ▕██████████████████▏   28 B                         [K[?25h[?2026l[?2026h[?25l[A[A[A[1Gpulling manifest [K
pulling a99b7f834d75: 100% ▕██████████████████▏ 6.0 GB                         [K
pulling a242d8dfdc8f: 100% ▕██████████████████▏  487 B                         [K
pulling 75357d685f23: 100% ▕██████████████████▏   28 B                         [K[?25h[?2026l[?2026h[?25l[A[A[A[1Gpulling manifest [K
pulling a99b7f834d75: 100% ▕██████████████████▏ 6.0 GB                         [K
pulling a242d8dfdc8f: 100% ▕██████████████████▏  487 B                         [K
pulling 75357d685f23: 100% ▕██████████████████▏   28 B                         [K[?25h[?2026l[?2026h[?25l[A[A[A[1Gpulling manifest [K
pulling a99b7f834d75: 100% ▕██████████████████▏ 6.0 GB                         [K
pulling a242d8dfdc8f: 100% ▕██████████████████▏  487 B                         [K
pulling 75357d685f23: 100% ▕██████████████████▏   28 B                         [K[?25h[?2026l[?2026h[?25l[A[A[A[1Gpulling manifest [K
pulling a99b7f834d75: 100% ▕██████████████████▏ 6.0 GB                         [K
pulling a242d8dfdc8f: 100% ▕██████████████████▏  487 B                         [K
pulling 75357d685f23: 100% ▕██████████████████▏   28 B                         [K[?25h[?2026l[?2026h[?25l[A[A[A[1Gpulling manifest [K
pulling a99b7f834d75: 100% ▕██████████████████▏ 6.0 GB                         [K
pulling a242d8dfdc8f: 100% ▕██████████████████▏  487 B                         [K
pulling 75357d685f23: 100% ▕██████████████████▏   28 B                         [K[?25h[?2026l[?2026h[?25l[A[A[A[1Gpulling manifest [K
pulling a99b7f834d75: 100% ▕██████████████████▏ 6.0 GB                         [K
pulling a242d8dfdc8f: 100% ▕██████████████████▏  487 B                         [K
pulling 75357d685f23: 100% ▕██████████████████▏   28 B                         [K[?25h[?2026l[?2026h[?25l[A[A[A[1Gpulling manifest [K
pulling a99b7f834d75: 100% ▕██████████████████▏ 6.0 GB                         [K
pulling a242d8dfdc8f: 100% ▕██████████████████▏  487 B                         [K
pulling 75357d685f23: 100% ▕██████████████████▏   28 B                         [K[?25h[?2026l[?2026h[?25l[A[A[A[1Gpulling manifest [K
pulling a99b7f834d75: 100% ▕██████████████████▏ 6.0 GB                         [K
pulling a242d8dfdc8f: 100% ▕██████████████████▏  487 B                         [K
pulling 75357d685f23: 100% ▕██████████████████▏   28 B                         [K
pulling 832dd9e00a68: 100% ▕██████████████████▏  11 KB                         [K[?25h[?2026l[?2026h[?25l[A[A[A[A[1Gpulling manifest [K
pulling a99b7f834d75: 100% ▕██████████████████▏ 6.0 GB                         [K
pulling a242d8dfdc8f: 100% ▕██████████████████▏  487 B                         [K
pulling 75357d685f23: 100% ▕██████████████████▏   28 B                         [K
pulling 832dd9e00a68: 100% ▕██████████████████▏  11 KB                         [K[?25h[?2026l[?2026h[?25l[A[A[A[A[1Gpulling manifest [K
pulling a99b7f834d75: 100% ▕██████████████████▏ 6.0 GB                         [K
pulling a242d8dfdc8f: 100% ▕██████████████████▏  487 B                         [K
pulling 75357d685f23: 100% ▕██████████████████▏   28 B                         [K
pulling 832dd9e00a68: 100% ▕██████████████████▏  11 KB                         [K[?25h[?2026l[?2026h[?25l[A[A[A[A[1Gpulling manifest [K
pulling a99b7f834d75: 100% ▕██████████████████▏ 6.0 GB                         [K
pulling a242d8dfdc8f: 100% ▕██████████████████▏  487 B                         [K
pulling 75357d685f23: 100% ▕██████████████████▏   28 B                         [K
pulling 832dd9e00a68: 100% ▕██████████████████▏  11 KB                         [K[?25h[?2026l[?2026h[?25l[A[A[A[A[1Gpulling manifest [K
pulling a99b7f834d75: 100% ▕██████████████████▏ 6.0 GB                         [K
pulling a242d8dfdc8f: 100% ▕██████████████████▏  487 B                         [K
pulling 75357d685f23: 100% ▕██████████████████▏   28 B                         [K
pulling 832dd9e00a68: 100% ▕██████████████████▏  11 KB                         [K[?25h[?2026l[?2026h[?25l[A[A[A[A[1Gpulling manifest [K
pulling a99b7f834d75: 100% ▕██████████████████▏ 6.0 GB                         [K
pulling a242d8dfdc8f: 100% ▕██████████████████▏  487 B                         [K
pulling 75357d685f23: 100% ▕██████████████████▏   28 B                         [K
pulling 832dd9e00a68: 100% ▕██████████████████▏  11 KB                         [K[?25h[?2026l[?2026h[?25l[A[A[A[A[1Gpulling manifest [K
pulling a99b7f834d75: 100% ▕██████████████████▏ 6.0 GB                         [K
pulling a242d8dfdc8f: 100% ▕██████████████████▏  487 B                         [K
pulling 75357d685f23: 100% ▕██████████████████▏   28 B                         [K
pulling 832dd9e00a68: 100% ▕██████████████████▏  11 KB                         [K[?25h[?2026l[?2026h[?25l[A[A[A[A[1Gpulling manifest [K
pulling a99b7f834d75: 100% ▕██████████████████▏ 6.0 GB                         [K
pulling a242d8dfdc8f: 100% ▕██████████████████▏  487 B                         [K
pulling 75357d685f23: 100% ▕██████████████████▏   28 B                         [K
pulling 832dd9e00a68: 100% ▕██████████████████▏  11 KB                         [K[?25h[?2026l[?2026h[?25l[A[A[A[A[1Gpulling manifest [K
pulling a99b7f834d75: 100% ▕██████████████████▏ 6.0 GB                         [K
pulling a242d8dfdc8f: 100% ▕██████████████████▏  487 B                         [K
pulling 75357d685f23: 100% ▕██████████████████▏   28 B                         [K
pulling 832dd9e00a68: 100% ▕██████████████████▏  11 KB                         [K[?25h[?2026l[?2026h[?25l[A[A[A[A[1Gpulling manifest [K
pulling a99b7f834d75: 100% ▕██████████████████▏ 6.0 GB                         [K
pulling a242d8dfdc8f: 100% ▕██████████████████▏  487 B                         [K
pulling 75357d685f23: 100% ▕██████████████████▏   28 B                         [K
pulling 832dd9e00a68: 100% ▕██████████████████▏  11 KB                         [K[?25h[?2026l[?2026h[?25l[A[A[A[A[1Gpulling manifest [K
pulling a99b7f834d75: 100% ▕██████████████████▏ 6.0 GB                         [K
pulling a242d8dfdc8f: 100% ▕██████████████████▏  487 B                         [K
pulling 75357d685f23: 100% ▕██████████████████▏   28 B                         [K
pulling 832dd9e00a68: 100% ▕██████████████████▏  11 KB                         [K[?25h[?2026l[?2026h[?25l[A[A[A[A[1Gpulling manifest [K
pulling a99b7f834d75: 100% ▕██████████████████▏ 6.0 GB                         [K
pulling a242d8dfdc8f: 100% ▕██████████████████▏  487 B                         [K
pulling 75357d685f23: 100% ▕██████████████████▏   28 B                         [K
pulling 832dd9e00a68: 100% ▕██████████████████▏  11 KB                         [K[?25h[?2026l[?2026h[?25l[A[A[A[A[1Gpulling manifest [K
pulling a99b7f834d75: 100% ▕██████████████████▏ 6.0 GB                         [K
pulling a242d8dfdc8f: 100% ▕██████████████████▏  487 B                         [K
pulling 75357d685f23: 100% ▕██████████████████▏   28 B                         [K
pulling 832dd9e00a68: 100% ▕██████████████████▏  11 KB                         [K[?25h[?2026l[?2026h[?25l[A[A[A[A[1Gpulling manifest [K
pulling a99b7f834d75: 100% ▕██████████████████▏ 6.0 GB                         [K
pulling a242d8dfdc8f: 100% ▕██████████████████▏  487 B                         [K
pulling 75357d685f23: 100% ▕██████████████████▏   28 B                         [K
pulling 832dd9e00a68: 100% ▕██████████████████▏  11 KB                         [K
pulling 52d2a7aa3a38: 100% ▕██████████████████▏   23 B                         [K[?25h[?2026l[?2026h[?25l[A[A[A[A[A[1Gpulling manifest [K
pulling a99b7f834d75: 100% ▕██████████████████▏ 6.0 GB                         [K
pulling a242d8dfdc8f: 100% ▕██████████████████▏  487 B                         [K
pulling 75357d685f23: 100% ▕██████████████████▏   28 B                         [K
pulling 832dd9e00a68: 100% ▕██████████████████▏  11 KB                         [K
pulling 52d2a7aa3a38: 100% ▕██████████████████▏   23 B                         [K[?25h[?2026l[?2026h[?25l[A[A[A[A[A[1Gpulling manifest [K
pulling a99b7f834d75: 100% ▕██████████████████▏ 6.0 GB                         [K
pulling a242d8dfdc8f: 100% ▕██████████████████▏  487 B                         [K
pulling 75357d685f23: 100% ▕██████████████████▏   28 B                         [K
pulling 832dd9e00a68: 100% ▕██████████████████▏  11 KB                         [K
pulling 52d2a7aa3a38: 100% ▕██████████████████▏   23 B                         [K[?25h[?2026l[?2026h[?25l[A[A[A[A[A[1Gpulling manifest [K
pulling a99b7f834d75: 100% ▕██████████████████▏ 6.0 GB                         [K
pulling a242d8dfdc8f: 100% ▕██████████████████▏  487 B                         [K
pulling 75357d685f23: 100% ▕██████████████████▏   28 B                         [K
pulling 832dd9e00a68: 100% ▕██████████████████▏  11 KB                         [K
pulling 52d2a7aa3a38: 100% ▕██████████████████▏   23 B                         [K[?25h[?2026l[?2026h[?25l[A[A[A[A[A[1Gpulling manifest [K
pulling a99b7f834d75: 100% ▕██████████████████▏ 6.0 GB                         [K
pulling a242d8dfdc8f: 100% ▕██████████████████▏  487 B                         [K
pulling 75357d685f23: 100% ▕██████████████████▏   28 B                         [K
pulling 832dd9e00a68: 100% ▕██████████████████▏  11 KB                         [K
pulling 52d2a7aa3a38: 100% ▕██████████████████▏   23 B                         [K[?25h[?2026l[?2026h[?25l[A[A[A[A[A[1Gpulling manifest [K
pulling a99b7f834d75: 100% ▕██████████████████▏ 6.0 GB                         [K
pulling a242d8dfdc8f: 100% ▕██████████████████▏  487 B                         [K
pulling 75357d685f23: 100% ▕██████████████████▏   28 B                         [K
pulling 832dd9e00a68: 100% ▕██████████████████▏  11 KB                         [K
pulling 52d2a7aa3a38: 100% ▕██████████████████▏   23 B                         [K[?25h[?2026l[?2026h[?25l[A[A[A[A[A[1Gpulling manifest [K
pulling a99b7f834d75: 100% ▕██████████████████▏ 6.0 GB                         [K
pulling a242d8dfdc8f: 100% ▕██████████████████▏  487 B                         [K
pulling 75357d685f23: 100% ▕██████████████████▏   28 B                         [K
pulling 832dd9e00a68: 100% ▕██████████████████▏  11 KB                         [K
pulling 52d2a7aa3a38: 100% ▕██████████████████▏   23 B                         [K[?25h[?2026l[?2026h[?25l[A[A[A[A[A[1Gpulling manifest [K
pulling a99b7f834d75: 100% ▕██████████████████▏ 6.0 GB                         [K
pulling a242d8dfdc8f: 100% ▕██████████████████▏  487 B                         [K
pulling 75357d685f23: 100% ▕██████████████████▏   28 B                         [K
pulling 832dd9e00a68: 100% ▕██████████████████▏  11 KB                         [K
pulling 52d2a7aa3a38: 100% ▕██████████████████▏   23 B                         [K[?25h[?2026l[?2026h[?25l[A[A[A[A[A[1Gpulling manifest [K
pulling a99b7f834d75: 100% ▕██████████████████▏ 6.0 GB                         [K
pulling a242d8dfdc8f: 100% ▕██████████████████▏  487 B                         [K
pulling 75357d685f23: 100% ▕██████████████████▏   28 B                         [K
pulling 832dd9e00a68: 100% ▕██████████████████▏  11 KB                         [K
pulling 52d2a7aa3a38: 100% ▕██████████████████▏   23 B                         [K[?25h[?2026l[?2026h[?25l[A[A[A[A[A[1Gpulling manifest [K
pulling a99b7f834d75: 100% ▕██████████████████▏ 6.0 GB                         [K
pulling a242d8dfdc8f: 100% ▕██████████████████▏  487 B                         [K
pulling 75357d685f23: 100% ▕██████████████████▏   28 B                         [K
pulling 832dd9e00a68: 100% ▕██████████████████▏  11 KB                         [K
pulling 52d2a7aa3a38: 100% ▕██████████████████▏   23 B                         [K[?25h[?2026l[?2026h[?25l[A[A[A[A[A[1Gpulling manifest [K
pulling a99b7f834d75: 100% ▕██████████████████▏ 6.0 GB                         [K
pulling a242d8dfdc8f: 100% ▕██████████████████▏  487 B                         [K
pulling 75357d685f23: 100% ▕██████████████████▏   28 B                         [K
pulling 832dd9e00a68: 100% ▕██████████████████▏  11 KB                         [K
pulling 52d2a7aa3a38: 100% ▕██████████████████▏   23 B                         [K[?25h[?2026l[?2026h[?25l[A[A[A[A[A[1Gpulling manifest [K
pulling a99b7f834d75: 100% ▕██████████████████▏ 6.0 GB                         [K
pulling a242d8dfdc8f: 100% ▕██████████████████▏  487 B                         [K
pulling 75357d685f23: 100% ▕██████████████████▏   28 B                         [K
pulling 832dd9e00a68: 100% ▕██████████████████▏  11 KB                         [K
pulling 52d2a7aa3a38: 100% ▕██████████████████▏   23 B                         [K[?25h[?2026l[?2026h[?25l[A[A[A[A[A[1Gpulling manifest [K
pulling a99b7f834d75: 100% ▕██████████████████▏ 6.0 GB                         [K
pulling a242d8dfdc8f: 100% ▕██████████████████▏  487 B                         [K
pulling 75357d685f23: 100% ▕██████████████████▏   28 B                         [K
pulling 832dd9e00a68: 100% ▕██████████████████▏  11 KB                         [K
pulling 52d2a7aa3a38: 100% ▕██████████████████▏   23 B                         [K[?25h[?2026l[?2026h[?25l[A[A[A[A[A[1Gpulling manifest [K
pulling a99b7f834d75: 100% ▕██████████████████▏ 6.0 GB                         [K
pulling a242d8dfdc8f: 100% ▕██████████████████▏  487 B                         [K
pulling 75357d685f23: 100% ▕██████████████████▏   28 B                         [K
pulling 832dd9e00a68: 100% ▕██████████████████▏  11 KB                         [K
pulling 52d2a7aa3a38: 100% ▕██████████████████▏   23 B                         [K
pulling 83b9da835d9f: 100% ▕██████████████████▏  567 B                         [K[?25h[?2026l[?2026h[?25l[A[A[A[A[A[A[1Gpulling manifest [K
pulling a99b7f834d75: 100% ▕██████████████████▏ 6.0 GB                         [K
pulling a242d8dfdc8f: 100% ▕██████████████████▏  487 B                         [K
pulling 75357d685f23: 100% ▕██████████████████▏   28 B                         [K
pulling 832dd9e00a68: 100% ▕██████████████████▏  11 KB                         [K
pulling 52d2a7aa3a38: 100% ▕██████████████████▏   23 B                         [K
pulling 83b9da835d9f: 100% ▕██████████████████▏  567 B                         [K[?25h[?2026l[?2026h[?25l[A[A[A[A[A[A[1Gpulling manifest [K
pulling a99b7f834d75: 100% ▕██████████████████▏ 6.0 GB                         [K
pulling a242d8dfdc8f: 100% ▕██████████████████▏  487 B                         [K
pulling 75357d685f23: 100% ▕██████████████████▏   28 B                         [K
pulling 832dd9e00a68: 100% ▕██████████████████▏  11 KB                         [K
pulling 52d2a7aa3a38: 100% ▕██████████████████▏   23 B                         [K
pulling 83b9da835d9f: 100% ▕██████████████████▏  567 B                         [K[?25h[?2026l[?2026h[?25l[A[A[A[A[A[A[1Gpulling manifest [K
pulling a99b7f834d75: 100% ▕██████████████████▏ 6.0 GB                         [K
pulling a242d8dfdc8f: 100% ▕██████████████████▏  487 B                         [K
pulling 75357d685f23: 100% ▕██████████████████▏   28 B                         [K
pulling 832dd9e00a68: 100% ▕██████████████████▏  11 KB                         [K
pulling 52d2a7aa3a38: 100% ▕██████████████████▏   23 B                         [K
pulling 83b9da835d9f: 100% ▕██████████████████▏  567 B                         [K[?25h[?2026l[?2026h[?25l[A[A[A[A[A[A[1Gpulling manifest [K
pulling a99b7f834d75: 100% ▕██████████████████▏ 6.0 GB                         [K
pulling a242d8dfdc8f: 100% ▕██████████████████▏  487 B                         [K
pulling 75357d685f23: 100% ▕██████████████████▏   28 B                         [K
pulling 832dd9e00a68: 100% ▕██████████████████▏  11 KB                         [K
pulling 52d2a7aa3a38: 100% ▕██████████████████▏   23 B                         [K
pulling 83b9da835d9f: 100% ▕██████████████████▏  567 B                         [K[?25h[?2026l[?2026h[?25l[A[A[A[A[A[A[1Gpulling manifest [K
pulling a99b7f834d75: 100% ▕██████████████████▏ 6.0 GB                         [K
pulling a242d8dfdc8f: 100% ▕██████████████████▏  487 B                         [K
pulling 75357d685f23: 100% ▕██████████████████▏   28 B                         [K
pulling 832dd9e00a68: 100% ▕██████████████████▏  11 KB                         [K
pulling 52d2a7aa3a38: 100% ▕██████████████████▏   23 B                         [K
pulling 83b9da835d9f: 100% ▕██████████████████▏  567 B                         [K[?25h[?2026l[?2026h[?25l[A[A[A[A[A[A[1Gpulling manifest [K
pulling a99b7f834d75: 100% ▕██████████████████▏ 6.0 GB                         [K
pulling a242d8dfdc8f: 100% ▕██████████████████▏  487 B                         [K
pulling 75357d685f23: 100% ▕██████████████████▏   28 B                         [K
pulling 832dd9e00a68: 100% ▕██████████████████▏  11 KB                         [K
pulling 52d2a7aa3a38: 100% ▕██████████████████▏   23 B                         [K
pulling 83b9da835d9f: 100% ▕██████████████████▏  567 B                         [K[?25h[?2026l[?2026h[?25l[A[A[A[A[A[A[1Gpulling manifest [K
pulling a99b7f834d75: 100% ▕██████████████████▏ 6.0 GB                         [K
pulling a242d8dfdc8f: 100% ▕██████████████████▏  487 B                         [K
pulling 75357d685f23: 100% ▕██████████████████▏   28 B                         [K
pulling 832dd9e00a68: 100% ▕██████████████████▏  11 KB                         [K
pulling 52d2a7aa3a38: 100% ▕██████████████████▏   23 B                         [K
pulling 83b9da835d9f: 100% ▕██████████████████▏  567 B                         [K[?25h[?2026l[?2026h[?25l[A[A[A[A[A[A[1Gpulling manifest [K
pulling a99b7f834d75: 100% ▕██████████████████▏ 6.0 GB                         [K
pulling a242d8dfdc8f: 100% ▕██████████████████▏  487 B                         [K
pulling 75357d685f23: 100% ▕██████████████████▏   28 B                         [K
pulling 832dd9e00a68: 100% ▕██████████████████▏  11 KB                         [K
pulling 52d2a7aa3a38: 100% ▕██████████████████▏   23 B                         [K
pulling 83b9da835d9f: 100% ▕██████████████████▏  567 B                         [K
verifying sha256 digest ⠋ [K[?25h[?2026l[?2026h[?25l[A[A[A[A[A[A[A[1Gpulling manifest [K
pulling a99b7f834d75: 100% ▕██████████████████▏ 6.0 GB                         [K
pulling a242d8dfdc8f: 100% ▕██████████████████▏  487 B                         [K
pulling 75357d685f23: 100% ▕██████████████████▏   28 B                         [K
pulling 832dd9e00a68: 100% ▕██████████████████▏  11 KB                         [K
pulling 52d2a7aa3a38: 100% ▕██████████████████▏   23 B                         [K
pulling 83b9da835d9f: 100% ▕██████████████████▏  567 B                         [K
verifying sha256 digest ⠙ [K[?25h[?2026l[?2026h[?25l[A[A[A[A[A[A[A[1Gpulling manifest [K
pulling a99b7f834d75: 100% ▕██████████████████▏ 6.0 GB                         [K
pulling a242d8dfdc8f: 100% ▕██████████████████▏  487 B                         [K
pulling 75357d685f23: 100% ▕██████████████████▏   28 B                         [K
pulling 832dd9e00a68: 100% ▕██████████████████▏  11 KB                         [K
pulling 52d2a7aa3a38: 100% ▕██████████████████▏   23 B                         [K
pulling 83b9da835d9f: 100% ▕██████████████████▏  567 B                         [K
verifying sha256 digest ⠹ [K[?25h[?2026l[?2026h[?25l[A[A[A[A[A[A[A[1Gpulling manifest [K
pulling a99b7f834d75: 100% ▕██████████████████▏ 6.0 GB                         [K
pulling a242d8dfdc8f: 100% ▕██████████████████▏  487 B                         [K
pulling 75357d685f23: 100% ▕██████████████████▏   28 B                         [K
pulling 832dd9e00a68: 100% ▕██████████████████▏  11 KB                         [K
pulling 52d2a7aa3a38: 100% ▕██████████████████▏   23 B                         [K
pulling 83b9da835d9f: 100% ▕██████████████████▏  567 B                         [K
verifying sha256 digest ⠸ [K[?25h[?2026l[?2026h[?25l[A[A[A[A[A[A[A[1Gpulling manifest [K
pulling a99b7f834d75: 100% ▕██████████████████▏ 6.0 GB                         [K
pulling a242d8dfdc8f: 100% ▕██████████████████▏  487 B                         [K
pulling 75357d685f23: 100% ▕██████████████████▏   28 B                         [K
pulling 832dd9e00a68: 100% ▕██████████████████▏  11 KB                         [K
pulling 52d2a7aa3a38: 100% ▕██████████████████▏   23 B                         [K
pulling 83b9da835d9f: 100% ▕██████████████████▏  567 B                         [K
verifying sha256 digest ⠼ [K[?25h[?2026l[?2026h[?25l[A[A[A[A[A[A[A[1Gpulling manifest [K
pulling a99b7f834d75: 100% ▕██████████████████▏ 6.0 GB                         [K
pulling a242d8dfdc8f: 100% ▕██████████████████▏  487 B                         [K
pulling 75357d685f23: 100% ▕██████████████████▏   28 B                         [K
pulling 832dd9e00a68: 100% ▕██████████████████▏  11 KB                         [K
pulling 52d2a7aa3a38: 100% ▕██████████████████▏   23 B                         [K
pulling 83b9da835d9f: 100% ▕██████████████████▏  567 B                         [K
verifying sha256 digest ⠴ [K[?25h[?2026l[?2026h[?25l[A[A[A[A[A[A[A[1Gpulling manifest [K
pulling a99b7f834d75: 100% ▕██████████████████▏ 6.0 GB                         [K
pulling a242d8dfdc8f: 100% ▕██████████████████▏  487 B                         [K
pulling 75357d685f23: 100% ▕██████████████████▏   28 B                         [K
pulling 832dd9e00a68: 100% ▕██████████████████▏  11 KB                         [K
pulling 52d2a7aa3a38: 100% ▕██████████████████▏   23 B                         [K
pulling 83b9da835d9f: 100% ▕██████████████████▏  567 B                         [K
verifying sha256 digest ⠦ [K[?25h[?2026l[?2026h[?25l[A[A[A[A[A[A[A[1Gpulling manifest [K
pulling a99b7f834d75: 100% ▕██████████████████▏ 6.0 GB                         [K
pulling a242d8dfdc8f: 100% ▕██████████████████▏  487 B                         [K
pulling 75357d685f23: 100% ▕██████████████████▏   28 B                         [K
pulling 832dd9e00a68: 100% ▕██████████████████▏  11 KB                         [K
pulling 52d2a7aa3a38: 100% ▕██████████████████▏   23 B                         [K
pulling 83b9da835d9f: 100% ▕██████████████████▏  567 B                         [K
verifying sha256 digest ⠧ [K[?25h[?2026l[?2026h[?25l[A[A[A[A[A[A[A[1Gpulling manifest [K
pulling a99b7f834d75: 100% ▕██████████████████▏ 6.0 GB                         [K
pulling a242d8dfdc8f: 100% ▕██████████████████▏  487 B                         [K
pulling 75357d685f23: 100% ▕██████████████████▏   28 B                         [K
pulling 832dd9e00a68: 100% ▕██████████████████▏  11 KB                         [K
pulling 52d2a7aa3a38: 100% ▕██████████████████▏   23 B                         [K
pulling 83b9da835d9f: 100% ▕██████████████████▏  567 B                         [K
verifying sha256 digest ⠇ [K[?25h[?2026l[?2026h[?25l[A[A[A[A[A[A[A[1Gpulling manifest [K
pulling a99b7f834d75: 100% ▕██████████████████▏ 6.0 GB                         [K
pulling a242d8dfdc8f: 100% ▕██████████████████▏  487 B                         [K
pulling 75357d685f23: 100% ▕██████████████████▏   28 B                         [K
pulling 832dd9e00a68: 100% ▕██████████████████▏  11 KB                         [K
pulling 52d2a7aa3a38: 100% ▕██████████████████▏   23 B                         [K
pulling 83b9da835d9f: 100% ▕██████████████████▏  567 B                         [K
verifying sha256 digest ⠏ [K[?25h[?2026l[?2026h[?25l[A[A[A[A[A[A[A[1Gpulling manifest [K
pulling a99b7f834d75: 100% ▕██████████████████▏ 6.0 GB                         [K
pulling a242d8dfdc8f: 100% ▕██████████████████▏  487 B                         [K
pulling 75357d685f23: 100% ▕██████████████████▏   28 B                         [K
pulling 832dd9e00a68: 100% ▕██████████████████▏  11 KB                         [K
pulling 52d2a7aa3a38: 100% ▕██████████████████▏   23 B                         [K
pulling 83b9da835d9f: 100% ▕██████████████████▏  567 B                         [K
verifying sha256 digest ⠋ [K[?25h[?2026l[?2026h[?25l[A[A[A[A[A[A[A[1Gpulling manifest [K
pulling a99b7f834d75: 100% ▕██████████████████▏ 6.0 GB                         [K
pulling a242d8dfdc8f: 100% ▕██████████████████▏  487 B                         [K
pulling 75357d685f23: 100% ▕██████████████████▏   28 B                         [K
pulling 832dd9e00a68: 100% ▕██████████████████▏  11 KB                         [K
pulling 52d2a7aa3a38: 100% ▕██████████████████▏   23 B                         [K
pulling 83b9da835d9f: 100% ▕██████████████████▏  567 B                         [K
verifying sha256 digest ⠙ [K[?25h[?2026l[?2026h[?25l[A[A[A[A[A[A[A[1Gpulling manifest [K
pulling a99b7f834d75: 100% ▕██████████████████▏ 6.0 GB                         [K
pulling a242d8dfdc8f: 100% ▕██████████████████▏  487 B                         [K
pulling 75357d685f23: 100% ▕██████████████████▏   28 B                         [K
pulling 832dd9e00a68: 100% ▕██████████████████▏  11 KB                         [K
pulling 52d2a7aa3a38: 100% ▕██████████████████▏   23 B                         [K
pulling 83b9da835d9f: 100% ▕██████████████████▏  567 B                         [K
verifying sha256 digest ⠹ [K[?25h[?2026l[?2026h[?25l[A[A[A[A[A[A[A[1Gpulling manifest [K
pulling a99b7f834d75: 100% ▕██████████████████▏ 6.0 GB                         [K
pulling a242d8dfdc8f: 100% ▕██████████████████▏  487 B                         [K
pulling 75357d685f23: 100% ▕██████████████████▏   28 B                         [K
pulling 832dd9e00a68: 100% ▕██████████████████▏  11 KB                         [K
pulling 52d2a7aa3a38: 100% ▕██████████████████▏   23 B                         [K
pulling 83b9da835d9f: 100% ▕██████████████████▏  567 B                         [K
verifying sha256 digest ⠸ [K[?25h[?2026l[?2026h[?25l[A[A[A[A[A[A[A[1Gpulling manifest [K
pulling a99b7f834d75: 100% ▕██████████████████▏ 6.0 GB                         [K
pulling a242d8dfdc8f: 100% ▕██████████████████▏  487 B                         [K
pulling 75357d685f23: 100% ▕██████████████████▏   28 B                         [K
pulling 832dd9e00a68: 100% ▕██████████████████▏  11 KB                         [K
pulling 52d2a7aa3a38: 100% ▕██████████████████▏   23 B                         [K
pulling 83b9da835d9f: 100% ▕██████████████████▏  567 B                         [K
verifying sha256 digest ⠼ [K[?25h[?2026l[?2026h[?25l[A[A[A[A[A[A[A[1Gpulling manifest [K
pulling a99b7f834d75: 100% ▕██████████████████▏ 6.0 GB                         [K
pulling a242d8dfdc8f: 100% ▕██████████████████▏  487 B                         [K
pulling 75357d685f23: 100% ▕██████████████████▏   28 B                         [K
pulling 832dd9e00a68: 100% ▕██████████████████▏  11 KB                         [K
pulling 52d2a7aa3a38: 100% ▕██████████████████▏   23 B                         [K
pulling 83b9da835d9f: 100% ▕██████████████████▏  567 B                         [K
verifying sha256 digest ⠴ [K[?25h[?2026l[?2026h[?25l[A[A[A[A[A[A[A[1Gpulling manifest [K
pulling a99b7f834d75: 100% ▕██████████████████▏ 6.0 GB                         [K
pulling a242d8dfdc8f: 100% ▕██████████████████▏  487 B                         [K
pulling 75357d685f23: 100% ▕██████████████████▏   28 B                         [K
pulling 832dd9e00a68: 100% ▕██████████████████▏  11 KB                         [K
pulling 52d2a7aa3a38: 100% ▕██████████████████▏   23 B                         [K
pulling 83b9da835d9f: 100% ▕██████████████████▏  567 B                         [K
verifying sha256 digest ⠦ [K[?25h[?2026l[?2026h[?25l[A[A[A[A[A[A[A[1Gpulling manifest [K
pulling a99b7f834d75: 100% ▕██████████████████▏ 6.0 GB                         [K
pulling a242d8dfdc8f: 100% ▕██████████████████▏  487 B                         [K
pulling 75357d685f23: 100% ▕██████████████████▏   28 B                         [K
pulling 832dd9e00a68: 100% ▕██████████████████▏  11 KB                         [K
pulling 52d2a7aa3a38: 100% ▕██████████████████▏   23 B                         [K
pulling 83b9da835d9f: 100% ▕██████████████████▏  567 B                         [K
verifying sha256 digest ⠧ [K[?25h[?2026l[?2026h[?25l[A[A[A[A[A[A[A[1Gpulling manifest [K
pulling a99b7f834d75: 100% ▕██████████████████▏ 6.0 GB                         [K
pulling a242d8dfdc8f: 100% ▕██████████████████▏  487 B                         [K
pulling 75357d685f23: 100% ▕██████████████████▏   28 B                         [K
pulling 832dd9e00a68: 100% ▕██████████████████▏  11 KB                         [K
pulling 52d2a7aa3a38: 100% ▕██████████████████▏   23 B                         [K
pulling 83b9da835d9f: 100% ▕██████████████████▏  567 B                         [K
verifying sha256 digest ⠇ [K[?25h[?2026l[?2026h[?25l[A[A[A[A[A[A[A[1Gpulling manifest [K
pulling a99b7f834d75: 100% ▕██████████████████▏ 6.0 GB                         [K
pulling a242d8dfdc8f: 100% ▕██████████████████▏  487 B                         [K
pulling 75357d685f23: 100% ▕██████████████████▏   28 B                         [K
pulling 832dd9e00a68: 100% ▕██████████████████▏  11 KB                         [K
pulling 52d2a7aa3a38: 100% ▕██████████████████▏   23 B                         [K
pulling 83b9da835d9f: 100% ▕██████████████████▏  567 B                         [K
verifying sha256 digest ⠏ [K[?25h[?2026l[?2026h[?25l[A[A[A[A[A[A[A[1Gpulling manifest [K
pulling a99b7f834d75: 100% ▕██████████████████▏ 6.0 GB                         [K
pulling a242d8dfdc8f: 100% ▕██████████████████▏  487 B                         [K
pulling 75357d685f23: 100% ▕██████████████████▏   28 B                         [K
pulling 832dd9e00a68: 100% ▕██████████████████▏  11 KB                         [K
pulling 52d2a7aa3a38: 100% ▕██████████████████▏   23 B                         [K
pulling 83b9da835d9f: 100% ▕██████████████████▏  567 B                         [K
verifying sha256 digest ⠋ [K[?25h[?2026l[?2026h[?25l[A[A[A[A[A[A[A[1Gpulling manifest [K
pulling a99b7f834d75: 100% ▕██████████████████▏ 6.0 GB                         [K
pulling a242d8dfdc8f: 100% ▕██████████████████▏  487 B                         [K
pulling 75357d685f23: 100% ▕██████████████████▏   28 B                         [K
pulling 832dd9e00a68: 100% ▕██████████████████▏  11 KB                         [K
pulling 52d2a7aa3a38: 100% ▕██████████████████▏   23 B                         [K
pulling 83b9da835d9f: 100% ▕██████████████████▏  567 B                         [K
verifying sha256 digest ⠙ [K[?25h[?2026l[?2026h[?25l[A[A[A[A[A[A[A[1Gpulling manifest [K
pulling a99b7f834d75: 100% ▕██████████████████▏ 6.0 GB                         [K
pulling a242d8dfdc8f: 100% ▕██████████████████▏  487 B                         [K
pulling 75357d685f23: 100% ▕██████████████████▏   28 B                         [K
pulling 832dd9e00a68: 100% ▕██████████████████▏  11 KB                         [K
pulling 52d2a7aa3a38: 100% ▕██████████████████▏   23 B                         [K
pulling 83b9da835d9f: 100% ▕██████████████████▏  567 B                         [K
verifying sha256 digest ⠹ [K[?25h[?2026l[?2026h[?25l[A[A[A[A[A[A[A[1Gpulling manifest [K
pulling a99b7f834d75: 100% ▕██████████████████▏ 6.0 GB                         [K
pulling a242d8dfdc8f: 100% ▕██████████████████▏  487 B                         [K
pulling 75357d685f23: 100% ▕██████████████████▏   28 B                         [K
pulling 832dd9e00a68: 100% ▕██████████████████▏  11 KB                         [K
pulling 52d2a7aa3a38: 100% ▕██████████████████▏   23 B                         [K
pulling 83b9da835d9f: 100% ▕██████████████████▏  567 B                         [K
verifying sha256 digest ⠸ [K[?25h[?2026l[?2026h[?25l[A[A[A[A[A[A[A[1Gpulling manifest [K
pulling a99b7f834d75: 100% ▕██████████████████▏ 6.0 GB                         [K
pulling a242d8dfdc8f: 100% ▕██████████████████▏  487 B                         [K
pulling 75357d685f23: 100% ▕██████████████████▏   28 B                         [K
pulling 832dd9e00a68: 100% ▕██████████████████▏  11 KB                         [K
pulling 52d2a7aa3a38: 100% ▕██████████████████▏   23 B                         [K
pulling 83b9da835d9f: 100% ▕██████████████████▏  567 B                         [K
verifying sha256 digest ⠼ [K[?25h[?2026l[?2026h[?25l[A[A[A[A[A[A[A[1Gpulling manifest [K
pulling a99b7f834d75: 100% ▕██████████████████▏ 6.0 GB                         [K
pulling a242d8dfdc8f: 100% ▕██████████████████▏  487 B                         [K
pulling 75357d685f23: 100% ▕██████████████████▏   28 B                         [K
pulling 832dd9e00a68: 100% ▕██████████████████▏  11 KB                         [K
pulling 52d2a7aa3a38: 100% ▕██████████████████▏   23 B                         [K
pulling 83b9da835d9f: 100% ▕██████████████████▏  567 B                         [K
verifying sha256 digest ⠴ [K[?25h[?2026l[?2026h[?25l[A[A[A[A[A[A[A[1Gpulling manifest [K
pulling a99b7f834d75: 100% ▕██████████████████▏ 6.0 GB                         [K
pulling a242d8dfdc8f: 100% ▕██████████████████▏  487 B                         [K
pulling 75357d685f23: 100% ▕██████████████████▏   28 B                         [K
pulling 832dd9e00a68: 100% ▕██████████████████▏  11 KB                         [K
pulling 52d2a7aa3a38: 100% ▕██████████████████▏   23 B                         [K
pulling 83b9da835d9f: 100% ▕██████████████████▏  567 B                         [K
verifying sha256 digest ⠦ [K[?25h[?2026l[?2026h[?25l[A[A[A[A[A[A[A[1Gpulling manifest [K
pulling a99b7f834d75: 100% ▕██████████████████▏ 6.0 GB                         [K
pulling a242d8dfdc8f: 100% ▕██████████████████▏  487 B                         [K
pulling 75357d685f23: 100% ▕██████████████████▏   28 B                         [K
pulling 832dd9e00a68: 100% ▕██████████████████▏  11 KB                         [K
pulling 52d2a7aa3a38: 100% ▕██████████████████▏   23 B                         [K
pulling 83b9da835d9f: 100% ▕██████████████████▏  567 B                         [K
verifying sha256 digest ⠧ [K[?25h[?2026l[?2026h[?25l[A[A[A[A[A[A[A[1Gpulling manifest [K
pulling a99b7f834d75: 100% ▕██████████████████▏ 6.0 GB                         [K
pulling a242d8dfdc8f: 100% ▕██████████████████▏  487 B                         [K
pulling 75357d685f23: 100% ▕██████████████████▏   28 B                         [K
pulling 832dd9e00a68: 100% ▕██████████████████▏  11 KB                         [K
pulling 52d2a7aa3a38: 100% ▕██████████████████▏   23 B                         [K
pulling 83b9da835d9f: 100% ▕██████████████████▏  567 B                         [K
verifying sha256 digest ⠇ [K[?25h[?2026l[?2026h[?25l[A[A[A[A[A[A[A[1Gpulling manifest [K
pulling a99b7f834d75: 100% ▕██████████████████▏ 6.0 GB                         [K
pulling a242d8dfdc8f: 100% ▕██████████████████▏  487 B                         [K
pulling 75357d685f23: 100% ▕██████████████████▏   28 B                         [K
pulling 832dd9e00a68: 100% ▕██████████████████▏  11 KB                         [K
pulling 52d2a7aa3a38: 100% ▕██████████████████▏   23 B                         [K
pulling 83b9da835d9f: 100% ▕██████████████████▏  567 B                         [K
verifying sha256 digest ⠏ [K[?25h[?2026l[?2026h[?25l[A[A[A[A[A[A[A[1Gpulling manifest [K
pulling a99b7f834d75: 100% ▕██████████████████▏ 6.0 GB                         [K
pulling a242d8dfdc8f: 100% ▕██████████████████▏  487 B                         [K
pulling 75357d685f23: 100% ▕██████████████████▏   28 B                         [K
pulling 832dd9e00a68: 100% ▕██████████████████▏  11 KB                         [K
pulling 52d2a7aa3a38: 100% ▕██████████████████▏   23 B                         [K
pulling 83b9da835d9f: 100% ▕██████████████████▏  567 B                         [K
verifying sha256 digest ⠋ [K[?25h[?2026l[?2026h[?25l[A[A[A[A[A[A[A[1Gpulling manifest [K
pulling a99b7f834d75: 100% ▕██████████████████▏ 6.0 GB                         [K
pulling a242d8dfdc8f: 100% ▕██████████████████▏  487 B                         [K
pulling 75357d685f23: 100% ▕██████████████████▏   28 B                         [K
pulling 832dd9e00a68: 100% ▕██████████████████▏  11 KB                         [K
pulling 52d2a7aa3a38: 100% ▕██████████████████▏   23 B                         [K
pulling 83b9da835d9f: 100% ▕██████████████████▏  567 B                         [K
verifying sha256 digest ⠙ [K[?25h[?2026l[?2026h[?25l[A[A[A[A[A[A[A[1Gpulling manifest [K
pulling a99b7f834d75: 100% ▕██████████████████▏ 6.0 GB                         [K
pulling a242d8dfdc8f: 100% ▕██████████████████▏  487 B                         [K
pulling 75357d685f23: 100% ▕██████████████████▏   28 B                         [K
pulling 832dd9e00a68: 100% ▕██████████████████▏  11 KB                         [K
pulling 52d2a7aa3a38: 100% ▕██████████████████▏   23 B                         [K
pulling 83b9da835d9f: 100% ▕██████████████████▏  567 B                         [K
verifying sha256 digest ⠹ [K[?25h[?2026l[?2026h[?25l[A[A[A[A[A[A[A[1Gpulling manifest [K
pulling a99b7f834d75: 100% ▕██████████████████▏ 6.0 GB                         [K
pulling a242d8dfdc8f: 100% ▕██████████████████▏  487 B                         [K
pulling 75357d685f23: 100% ▕██████████████████▏   28 B                         [K
pulling 832dd9e00a68: 100% ▕██████████████████▏  11 KB                         [K
pulling 52d2a7aa3a38: 100% ▕██████████████████▏   23 B                         [K
pulling 83b9da835d9f: 100% ▕██████████████████▏  567 B                         [K
verifying sha256 digest ⠸ [K[?25h[?2026l[?2026h[?25l[A[A[A[A[A[A[A[1Gpulling manifest [K
pulling a99b7f834d75: 100% ▕██████████████████▏ 6.0 GB                         [K
pulling a242d8dfdc8f: 100% ▕██████████████████▏  487 B                         [K
pulling 75357d685f23: 100% ▕██████████████████▏   28 B                         [K
pulling 832dd9e00a68: 100% ▕██████████████████▏  11 KB                         [K
pulling 52d2a7aa3a38: 100% ▕██████████████████▏   23 B                         [K
pulling 83b9da835d9f: 100% ▕██████████████████▏  567 B                         [K
verifying sha256 digest ⠼ [K[?25h[?2026l[?2026h[?25l[A[A[A[A[A[A[A[1Gpulling manifest [K
pulling a99b7f834d75: 100% ▕██████████████████▏ 6.0 GB                         [K
pulling a242d8dfdc8f: 100% ▕██████████████████▏  487 B                         [K
pulling 75357d685f23: 100% ▕██████████████████▏   28 B                         [K
pulling 832dd9e00a68: 100% ▕██████████████████▏  11 KB                         [K
pulling 52d2a7aa3a38: 100% ▕██████████████████▏   23 B                         [K
pulling 83b9da835d9f: 100% ▕██████████████████▏  567 B                         [K
verifying sha256 digest ⠴ [K[?25h[?2026l[?2026h[?25l[A[A[A[A[A[A[A[1Gpulling manifest [K
pulling a99b7f834d75: 100% ▕██████████████████▏ 6.0 GB                         [K
pulling a242d8dfdc8f: 100% ▕██████████████████▏  487 B                         [K
pulling 75357d685f23: 100% ▕██████████████████▏   28 B                         [K
pulling 832dd9e00a68: 100% ▕██████████████████▏  11 KB                         [K
pulling 52d2a7aa3a38: 100% ▕██████████████████▏   23 B                         [K
pulling 83b9da835d9f: 100% ▕██████████████████▏  567 B                         [K
verifying sha256 digest ⠦ [K[?25h[?2026l[?2026h[?25l[A[A[A[A[A[A[A[1Gpulling manifest [K
pulling a99b7f834d75: 100% ▕██████████████████▏ 6.0 GB                         [K
pulling a242d8dfdc8f: 100% ▕██████████████████▏  487 B                         [K
pulling 75357d685f23: 100% ▕██████████████████▏   28 B                         [K
pulling 832dd9e00a68: 100% ▕██████████████████▏  11 KB                         [K
pulling 52d2a7aa3a38: 100% ▕██████████████████▏   23 B                         [K
pulling 83b9da835d9f: 100% ▕██████████████████▏  567 B                         [K
verifying sha256 digest ⠧ [K[?25h[?2026l[?2026h[?25l[A[A[A[A[A[A[A[1Gpulling manifest [K
pulling a99b7f834d75: 100% ▕██████████████████▏ 6.0 GB                         [K
pulling a242d8dfdc8f: 100% ▕██████████████████▏  487 B                         [K
pulling 75357d685f23: 100% ▕██████████████████▏   28 B                         [K
pulling 832dd9e00a68: 100% ▕██████████████████▏  11 KB                         [K
pulling 52d2a7aa3a38: 100% ▕██████████████████▏   23 B                         [K
pulling 83b9da835d9f: 100% ▕██████████████████▏  567 B                         [K
verifying sha256 digest [K
writing manifest [K
success [K[?25h[?2026l
