item_id,category,relation,ground_truth_label,model_name,raw_response,parsed_label,is_parseable,is_correct,latency_seconds,error
vsr_9485d38b9222,projective_spatial,at the left side of,1,jetson-qwen2.5vl:3b-q4_K_M,NO,0,True,0,117.07,
vsr_4f766f327ec1,projective_spatial,below,0,jetson-qwen2.5vl:3b-q4_K_M,NO,0,True,1,6.639,
vsr_ea588cf96340,projective_spatial,on top of,1,jetson-qwen2.5vl:3b-q4_K_M,YES,1,True,1,6.964,
vsr_d54fa4355813,projective_spatial,left of,0,jetson-qwen2.5vl:3b-q4_K_M,NO,0,True,1,6.788,
vsr_def7af0790c0,projective_spatial,in front of,0,jetson-qwen2.5vl:3b-q4_K_M,NO,0,True,1,6.484,
vsr_5e48ee558fb4,projective_spatial,beneath,1,jetson-qwen2.5vl:3b-q4_K_M,YES,1,True,1,6.68,
vsr_9a864f559f21,projective_spatial,facing away from,0,jetson-qwen2.5vl:3b-q4_K_M,NO,0,True,1,7.066,
vsr_540f6dfdaf99,projective_spatial,facing,0,jetson-qwen2.5vl:3b-q4_K_M,NO,0,True,1,6.602,
vsr_7bcc792840bc,projective_spatial,left of,0,jetson-qwen2.5vl:3b-q4_K_M,YES,1,True,0,6.553,
vsr_c606c0728d6f,projective_spatial,above,0,jetson-qwen2.5vl:3b-q4_K_M,NO,0,True,1,6.433,
vsr_f9fdd1b333c9,projective_spatial,at the left side of,1,jetson-qwen2.5vl:3b-q4_K_M,YES,1,True,1,5.473,
vsr_f927269a5a00,projective_spatial,left of,1,jetson-qwen2.5vl:3b-q4_K_M,YES,1,True,1,6.489,
vsr_48778df73537,projective_spatial,on top of,1,jetson-qwen2.5vl:3b-q4_K_M,NO,0,True,0,6.564,
vsr_416323603977,projective_spatial,in front of,0,jetson-qwen2.5vl:3b-q4_K_M,NO,0,True,1,6.509,
vsr_4fc245e83d1d,projective_spatial,at the right side of,1,jetson-qwen2.5vl:3b-q4_K_M,YES,1,True,1,6.733,
vsr_28bdb9649e98,projective_spatial,on top of,1,jetson-qwen2.5vl:3b-q4_K_M,NO,0,True,0,5.464,
vsr_72fb3814d433,projective_spatial,facing,0,jetson-qwen2.5vl:3b-q4_K_M,NO,0,True,1,6.5,
vsr_10be92fd41c6,projective_spatial,in front of,1,jetson-qwen2.5vl:3b-q4_K_M,YES,1,True,1,6.64,
vsr_bc90a61fae6e,projective_spatial,in front of,1,jetson-qwen2.5vl:3b-q4_K_M,YES,1,True,1,6.754,
vsr_c71d8f04f4fe,projective_spatial,at the left side of,1,jetson-qwen2.5vl:3b-q4_K_M,YES,1,True,1,6.78,
vsr_f86dcedc6bba,projective_spatial,under,1,jetson-qwen2.5vl:3b-q4_K_M,YES,1,True,1,6.453,
vsr_fa6fc39e3468,projective_spatial,in front of,1,jetson-qwen2.5vl:3b-q4_K_M,YES,1,True,1,6.687,
vsr_2ac51bb49376,projective_spatial,at the right side of,0,jetson-qwen2.5vl:3b-q4_K_M,NO,0,True,1,6.675,
vsr_dd906b9fe0da,projective_spatial,on top of,0,jetson-qwen2.5vl:3b-q4_K_M,NO,0,True,1,6.737,
vsr_56a11ada28a7,projective_spatial,behind,1,jetson-qwen2.5vl:3b-q4_K_M,YES,1,True,1,6.756,
vsr_86a74c465cd2,projective_spatial,left of,1,jetson-qwen2.5vl:3b-q4_K_M,YES,1,True,1,6.63,
vsr_c10501048830,projective_spatial,behind,0,jetson-qwen2.5vl:3b-q4_K_M,NO,0,True,1,6.724,
vsr_50ecfb59feae,projective_spatial,on top of,1,jetson-qwen2.5vl:3b-q4_K_M,YES,1,True,1,6.998,
vsr_8bb651042b0d,projective_spatial,at the left side of,0,jetson-qwen2.5vl:3b-q4_K_M,NO,0,True,1,6.471,
vsr_16290cabc3e8,projective_spatial,under,0,jetson-qwen2.5vl:3b-q4_K_M,NO,0,True,1,6.66,
vsr_bec0bc966d5e,projective_spatial,at the left side of,1,jetson-qwen2.5vl:3b-q4_K_M,YES,1,True,1,5.385,
vsr_ed8962def028,projective_spatial,parallel to,1,jetson-qwen2.5vl:3b-q4_K_M,NO,0,True,0,6.992,
vsr_884e57578bda,projective_spatial,under,0,jetson-qwen2.5vl:3b-q4_K_M,NO,0,True,1,6.751,
vsr_e541dafb416d,projective_spatial,over,0,jetson-qwen2.5vl:3b-q4_K_M,NO,0,True,1,7.002,
vsr_00a74ea1db61,projective_spatial,at the right side of,0,jetson-qwen2.5vl:3b-q4_K_M,NO,0,True,1,6.508,
vsr_8589b57134dc,projective_spatial,facing,0,jetson-qwen2.5vl:3b-q4_K_M,NO,0,True,1,6.501,
vsr_2c41745c5011,projective_spatial,across from,1,jetson-qwen2.5vl:3b-q4_K_M,NO,0,True,0,6.836,
vsr_829d02a97db8,projective_spatial,facing,1,jetson-qwen2.5vl:3b-q4_K_M,YES,1,True,1,6.433,
vsr_80c81dc97766,projective_spatial,at the left side of,0,jetson-qwen2.5vl:3b-q4_K_M,NO,0,True,1,6.732,
vsr_8f4262491b00,projective_spatial,behind,1,jetson-qwen2.5vl:3b-q4_K_M,YES,1,True,1,6.951,
vsr_bc6e93608a9d,projective_spatial,at the right side of,1,jetson-qwen2.5vl:3b-q4_K_M,YES,1,True,1,6.447,
vsr_342d3b3c0718,projective_spatial,in front of,0,jetson-qwen2.5vl:3b-q4_K_M,NO,0,True,1,6.599,
vsr_5553dd6b37a8,projective_spatial,in front of,0,jetson-qwen2.5vl:3b-q4_K_M,NO,0,True,1,6.664,
vsr_15d8070d62a9,projective_spatial,in front of,1,jetson-qwen2.5vl:3b-q4_K_M,NO,0,True,0,6.858,
vsr_e787509b6975,projective_spatial,at the right side of,0,jetson-qwen2.5vl:3b-q4_K_M,NO,0,True,1,6.488,
vsr_ef403de80dfd,projective_spatial,right of,1,jetson-qwen2.5vl:3b-q4_K_M,YES,1,True,1,6.9,
vsr_dbc405834b49,projective_spatial,in front of,1,jetson-qwen2.5vl:3b-q4_K_M,YES,1,True,1,6.722,
vsr_bbf6e038dc07,projective_spatial,under,0,jetson-qwen2.5vl:3b-q4_K_M,NO,0,True,1,6.62,
vsr_d7a7354bd2d8,projective_spatial,behind,0,jetson-qwen2.5vl:3b-q4_K_M,NO,0,True,1,6.995,
vsr_48ae0d54ff29,projective_spatial,on top of,1,jetson-qwen2.5vl:3b-q4_K_M,YES,1,True,1,6.62,
vsr_16653618f24f,projective_spatial,above,0,jetson-qwen2.5vl:3b-q4_K_M,NO,0,True,1,6.746,
vsr_f5ffc1a0a5a0,projective_spatial,across from,1,jetson-qwen2.5vl:3b-q4_K_M,YES,1,True,1,6.787,
vsr_9efb1b33943d,projective_spatial,at the left side of,0,jetson-qwen2.5vl:3b-q4_K_M,NO,0,True,1,6.579,
vsr_fe8b4fe59148,projective_spatial,in front of,0,jetson-qwen2.5vl:3b-q4_K_M,NO,0,True,1,6.505,
vsr_c9a3c8458a95,projective_spatial,facing,0,jetson-qwen2.5vl:3b-q4_K_M,NO,0,True,1,6.647,
vsr_2095d6a920db,projective_spatial,under,1,jetson-qwen2.5vl:3b-q4_K_M,YES,1,True,1,6.651,
vsr_9f25dc37dbc3,projective_spatial,on top of,0,jetson-qwen2.5vl:3b-q4_K_M,NO,0,True,1,6.867,
vsr_3a3c38fb0896,projective_spatial,in front of,1,jetson-qwen2.5vl:3b-q4_K_M,NO,0,True,0,6.927,
vsr_52670a74ff2d,projective_spatial,in front of,0,jetson-qwen2.5vl:3b-q4_K_M,NO,0,True,1,6.945,
vsr_94ee7f244e91,projective_spatial,right of,0,jetson-qwen2.5vl:3b-q4_K_M,NO,0,True,1,6.748,
vsr_07b4afd114a2,projective_spatial,on top of,1,jetson-qwen2.5vl:3b-q4_K_M,YES,1,True,1,6.974,
vsr_cc2e2cbc90eb,projective_spatial,facing away from,0,jetson-qwen2.5vl:3b-q4_K_M,NO,0,True,1,6.526,
vsr_9e1144856907,projective_spatial,in front of,1,jetson-qwen2.5vl:3b-q4_K_M,YES,1,True,1,6.74,
vsr_7a539c99d198,projective_spatial,behind,0,jetson-qwen2.5vl:3b-q4_K_M,NO,0,True,1,7.39,
vsr_6c9ed4a7b8ef,projective_spatial,at the right side of,1,jetson-qwen2.5vl:3b-q4_K_M,YES,1,True,1,6.853,
vsr_1bff26ecb61d,projective_spatial,at the right side of,0,jetson-qwen2.5vl:3b-q4_K_M,NO,0,True,1,6.818,
vsr_b3145180e40a,projective_spatial,under,1,jetson-qwen2.5vl:3b-q4_K_M,YES,1,True,1,7.473,
vsr_27ed8c739e82,projective_spatial,at the right side of,1,jetson-qwen2.5vl:3b-q4_K_M,YES,1,True,1,6.986,
vsr_027ba36e9c1d,projective_spatial,in front of,0,jetson-qwen2.5vl:3b-q4_K_M,NO,0,True,1,6.818,
vsr_c12ea68fefeb,projective_spatial,at the left side of,0,jetson-qwen2.5vl:3b-q4_K_M,YES,1,True,0,6.694,
vsr_e9f247a86eea,projective_spatial,in front of,1,jetson-qwen2.5vl:3b-q4_K_M,YES,1,True,1,6.882,
vsr_6a44db833c72,projective_spatial,in front of,1,jetson-qwen2.5vl:3b-q4_K_M,YES,1,True,1,6.887,
vsr_6f63252de15f,projective_spatial,under,0,jetson-qwen2.5vl:3b-q4_K_M,NO,0,True,1,7.082,
vsr_daf4e4951919,projective_spatial,facing,0,jetson-qwen2.5vl:3b-q4_K_M,NO,0,True,1,5.779,
vsr_c241530d1cd3,projective_spatial,over,1,jetson-qwen2.5vl:3b-q4_K_M,YES,1,True,1,6.995,
vsr_43d118f85653,projective_spatial,facing,0,jetson-qwen2.5vl:3b-q4_K_M,NO,0,True,1,6.733,
vsr_062e361832df,projective_spatial,beneath,0,jetson-qwen2.5vl:3b-q4_K_M,NO,0,True,1,7.098,
vsr_f284d432f45c,projective_spatial,on top of,0,jetson-qwen2.5vl:3b-q4_K_M,NO,0,True,1,7.48,
vsr_67037896734f,projective_spatial,over,0,jetson-qwen2.5vl:3b-q4_K_M,NO,0,True,1,7.013,
vsr_2b1bac1d6310,projective_spatial,in front of,0,jetson-qwen2.5vl:3b-q4_K_M,NO,0,True,1,7.053,
vsr_b3b11bb9b1dd,projective_spatial,right of,1,jetson-qwen2.5vl:3b-q4_K_M,NO,0,True,0,6.73,
vsr_f0b3de7a56a0,projective_spatial,behind,1,jetson-qwen2.5vl:3b-q4_K_M,YES,1,True,1,7.018,
vsr_e6b7236cf5dc,projective_spatial,behind,0,jetson-qwen2.5vl:3b-q4_K_M,NO,0,True,1,7.213,
vsr_ee6c4f887198,projective_spatial,at the left side of,1,jetson-qwen2.5vl:3b-q4_K_M,YES,1,True,1,7.322,
vsr_14d5bb541327,projective_spatial,under,0,jetson-qwen2.5vl:3b-q4_K_M,NO,0,True,1,7.457,
vsr_430a59faed62,projective_spatial,on top of,0,jetson-qwen2.5vl:3b-q4_K_M,NO,0,True,1,7.851,
vsr_e56c1b13c5de,projective_spatial,over,1,jetson-qwen2.5vl:3b-q4_K_M,NO,0,True,0,8.421,
vsr_f7f6ec6a0bca,projective_spatial,at the back of,0,jetson-qwen2.5vl:3b-q4_K_M,NO,0,True,1,9.344,
vsr_bfca452619d8,projective_spatial,in front of,0,jetson-qwen2.5vl:3b-q4_K_M,YES,1,True,0,11.318,
vsr_318e0e0996e4,projective_spatial,behind,0,jetson-qwen2.5vl:3b-q4_K_M,NO,0,True,1,10.968,
vsr_7a8c1d0ba540,projective_spatial,behind,0,jetson-qwen2.5vl:3b-q4_K_M,NO,0,True,1,13.134,
vsr_00e12c629a5a,projective_spatial,at the right side of,0,jetson-qwen2.5vl:3b-q4_K_M,,,False,,4.775,RemoteProtocolError: Server disconnected without sending a response.
vsr_a80dede6fff7,projective_spatial,at the right side of,0,jetson-qwen2.5vl:3b-q4_K_M,,,False,,0.071,"ConnectionError: Failed to connect to Ollama. Please check that Ollama is downloaded, running and accessible. https://ollama.com/download"
vsr_364965cd6de8,projective_spatial,behind,0,jetson-qwen2.5vl:3b-q4_K_M,,,False,,0.007,"ConnectionError: Failed to connect to Ollama. Please check that Ollama is downloaded, running and accessible. https://ollama.com/download"
vsr_dc3c20ba0e1f,projective_spatial,behind,0,jetson-qwen2.5vl:3b-q4_K_M,,,False,,0.005,"ConnectionError: Failed to connect to Ollama. Please check that Ollama is downloaded, running and accessible. https://ollama.com/download"
vsr_e946f5e8acd1,projective_spatial,at the left side of,0,jetson-qwen2.5vl:3b-q4_K_M,,,False,,0.01,"ConnectionError: Failed to connect to Ollama. Please check that Ollama is downloaded, running and accessible. https://ollama.com/download"
vsr_d76a1691f58e,projective_spatial,at the right side of,0,jetson-qwen2.5vl:3b-q4_K_M,,,False,,0.01,"ConnectionError: Failed to connect to Ollama. Please check that Ollama is downloaded, running and accessible. https://ollama.com/download"
vsr_4177119d1c1c,projective_spatial,behind,1,jetson-qwen2.5vl:3b-q4_K_M,,,False,,0.007,"ConnectionError: Failed to connect to Ollama. Please check that Ollama is downloaded, running and accessible. https://ollama.com/download"
vsr_9d13fd69bf09,projective_spatial,across from,1,jetson-qwen2.5vl:3b-q4_K_M,,,False,,0.007,"ConnectionError: Failed to connect to Ollama. Please check that Ollama is downloaded, running and accessible. https://ollama.com/download"
vsr_289ce5c3f9c9,projective_spatial,behind,0,jetson-qwen2.5vl:3b-q4_K_M,,,False,,0.015,"ConnectionError: Failed to connect to Ollama. Please check that Ollama is downloaded, running and accessible. https://ollama.com/download"
vsr_00e12c629a5a,projective_spatial,at the right side of,0,jetson-qwen2.5vl:3b-q4_K_M,NO,0,True,1,118.504,
vsr_a80dede6fff7,projective_spatial,at the right side of,0,jetson-qwen2.5vl:3b-q4_K_M,NO,0,True,1,6.845,
vsr_364965cd6de8,projective_spatial,behind,0,jetson-qwen2.5vl:3b-q4_K_M,NO,0,True,1,6.486,
vsr_dc3c20ba0e1f,projective_spatial,behind,0,jetson-qwen2.5vl:3b-q4_K_M,NO,0,True,1,6.718,
vsr_e946f5e8acd1,projective_spatial,at the left side of,0,jetson-qwen2.5vl:3b-q4_K_M,NO,0,True,1,6.591,
vsr_d76a1691f58e,projective_spatial,at the right side of,0,jetson-qwen2.5vl:3b-q4_K_M,YES,1,True,0,6.484,
vsr_4177119d1c1c,projective_spatial,behind,1,jetson-qwen2.5vl:3b-q4_K_M,YES,1,True,1,6.698,
vsr_9d13fd69bf09,projective_spatial,across from,1,jetson-qwen2.5vl:3b-q4_K_M,YES,1,True,1,6.689,
vsr_289ce5c3f9c9,projective_spatial,behind,0,jetson-qwen2.5vl:3b-q4_K_M,NO,0,True,1,5.461,
vsr_a9f1e2ef95aa,projective_spatial,under,1,jetson-qwen2.5vl:3b-q4_K_M,NO,0,True,0,115.634,
vsr_55454651c7da,projective_spatial,left of,0,jetson-qwen2.5vl:3b-q4_K_M,YES,1,True,0,5.634,
vsr_76ead372da6b,projective_spatial,behind,1,jetson-qwen2.5vl:3b-q4_K_M,YES,1,True,1,6.572,
vsr_cce47d1b7f0e,projective_spatial,at the left side of,0,jetson-qwen2.5vl:3b-q4_K_M,NO,0,True,1,6.441,
vsr_d2224c3a5d9e,projective_spatial,perpendicular to,1,jetson-qwen2.5vl:3b-q4_K_M,NO,0,True,0,6.698,
vsr_b9c260225970,projective_spatial,in front of,0,jetson-qwen2.5vl:3b-q4_K_M,NO,0,True,1,6.524,
vsr_c38b6946e62d,projective_spatial,on top of,0,jetson-qwen2.5vl:3b-q4_K_M,NO,0,True,1,6.723,
vsr_beb129814c87,projective_spatial,in front of,1,jetson-qwen2.5vl:3b-q4_K_M,YES,1,True,1,5.402,
vsr_70e26f1ead6f,projective_spatial,at the right side of,0,jetson-qwen2.5vl:3b-q4_K_M,NO,0,True,1,6.445,
vsr_f6c8fc7f9e9d,projective_spatial,in front of,0,jetson-qwen2.5vl:3b-q4_K_M,NO,0,True,1,6.64,
vsr_a971101b6305,projective_spatial,at the left side of,0,jetson-qwen2.5vl:3b-q4_K_M,NO,0,True,1,5.46,
vsr_6dae73d2b55f,projective_spatial,on top of,1,jetson-qwen2.5vl:3b-q4_K_M,YES,1,True,1,6.61,
vsr_e97cc8ae536c,projective_spatial,above,1,jetson-qwen2.5vl:3b-q4_K_M,YES,1,True,1,7.139,
vsr_6cb7f79d6325,projective_spatial,facing away from,0,jetson-qwen2.5vl:3b-q4_K_M,NO,0,True,1,6.538,
vsr_985a3225d9e9,projective_spatial,in front of,0,jetson-qwen2.5vl:3b-q4_K_M,NO,0,True,1,6.499,
vsr_9db8113d57fb,projective_spatial,above,0,jetson-qwen2.5vl:3b-q4_K_M,NO,0,True,1,6.72,
vsr_eea4ebdf6ae4,projective_spatial,at the right side of,0,jetson-qwen2.5vl:3b-q4_K_M,NO,0,True,1,6.521,
vsr_cd7c58043ff6,projective_spatial,behind,0,jetson-qwen2.5vl:3b-q4_K_M,NO,0,True,1,6.496,
vsr_e1d5fd058db2,projective_spatial,across from,0,jetson-qwen2.5vl:3b-q4_K_M,NO,0,True,1,6.701,
vsr_5823a07dc38c,projective_spatial,behind,0,jetson-qwen2.5vl:3b-q4_K_M,NO,0,True,1,6.482,
vsr_3cdf23a6e80c,projective_spatial,at the right side of,1,jetson-qwen2.5vl:3b-q4_K_M,YES,1,True,1,6.745,
vsr_d43d90c2f4ef,projective_spatial,under,0,jetson-qwen2.5vl:3b-q4_K_M,NO,0,True,1,6.515,
vsr_7522d571bab2,projective_spatial,facing,1,jetson-qwen2.5vl:3b-q4_K_M,YES,1,True,1,6.49,
vsr_8448420859c3,projective_spatial,behind,1,jetson-qwen2.5vl:3b-q4_K_M,YES,1,True,1,6.507,
vsr_8cb582fd8e3e,projective_spatial,facing,1,jetson-qwen2.5vl:3b-q4_K_M,YES,1,True,1,6.826,
vsr_dcf114630cf8,projective_spatial,under,0,jetson-qwen2.5vl:3b-q4_K_M,YES,1,True,0,6.75,
vsr_a45c90b71c40,projective_spatial,left of,1,jetson-qwen2.5vl:3b-q4_K_M,YES,1,True,1,6.676,
vsr_6d8725afa9f6,projective_spatial,behind,1,jetson-qwen2.5vl:3b-q4_K_M,YES,1,True,1,6.748,
vsr_09c299184902,projective_spatial,across from,0,jetson-qwen2.5vl:3b-q4_K_M,NO,0,True,1,5.441,
vsr_7b6f7a744fbf,projective_spatial,in front of,0,jetson-qwen2.5vl:3b-q4_K_M,NO,0,True,1,6.744,
vsr_e981d8563112,projective_spatial,under,0,jetson-qwen2.5vl:3b-q4_K_M,NO,0,True,1,6.451,
vsr_22a81d34f3df,projective_spatial,at the right side of,1,jetson-qwen2.5vl:3b-q4_K_M,YES,1,True,1,6.468,
vsr_ce8e887e7585,projective_spatial,under,1,jetson-qwen2.5vl:3b-q4_K_M,YES,1,True,1,6.456,
vsr_2a93df8c63e3,projective_spatial,across from,0,jetson-qwen2.5vl:3b-q4_K_M,NO,0,True,1,5.403,
vsr_a8b58ce4c42b,projective_spatial,in front of,0,jetson-qwen2.5vl:3b-q4_K_M,NO,0,True,1,6.715,
vsr_0d2b94101d48,projective_spatial,over,1,jetson-qwen2.5vl:3b-q4_K_M,YES,1,True,1,5.499,
vsr_1e3c2d4e57ea,projective_spatial,in front of,0,jetson-qwen2.5vl:3b-q4_K_M,NO,0,True,1,6.699,
vsr_3ffd7cdb36b0,projective_spatial,parallel to,0,jetson-qwen2.5vl:3b-q4_K_M,YES,1,True,0,6.707,
vsr_60702994182f,projective_spatial,on top of,0,jetson-qwen2.5vl:3b-q4_K_M,NO,0,True,1,6.773,
vsr_64b5209f0648,projective_spatial,across from,1,jetson-qwen2.5vl:3b-q4_K_M,YES,1,True,1,6.643,
vsr_e415a1048357,projective_spatial,at the left side of,1,jetson-qwen2.5vl:3b-q4_K_M,YES,1,True,1,6.741,
vsr_3bffa751ef77,projective_spatial,on top of,1,jetson-qwen2.5vl:3b-q4_K_M,YES,1,True,1,6.768,
vsr_66ab11d4f2d7,projective_spatial,left of,0,jetson-qwen2.5vl:3b-q4_K_M,NO,0,True,1,6.791,
vsr_29499d60ef9e,projective_spatial,perpendicular to,1,jetson-qwen2.5vl:3b-q4_K_M,NO,0,True,0,6.462,
vsr_3fcc2d764b12,projective_spatial,beneath,1,jetson-qwen2.5vl:3b-q4_K_M,YES,1,True,1,6.532,
vsr_12aa19813bfc,projective_spatial,under,0,jetson-qwen2.5vl:3b-q4_K_M,NO,0,True,1,6.851,
vsr_3cbdabd512a7,projective_spatial,above,0,jetson-qwen2.5vl:3b-q4_K_M,NO,0,True,1,6.899,
vsr_764642e7c707,projective_spatial,over,0,jetson-qwen2.5vl:3b-q4_K_M,YES,1,True,0,6.776,
vsr_d6cbdaacd5e7,projective_spatial,facing,1,jetson-qwen2.5vl:3b-q4_K_M,YES,1,True,1,7.036,
vsr_aba14d1c7558,projective_spatial,on top of,0,jetson-qwen2.5vl:3b-q4_K_M,YES,1,True,0,6.545,
vsr_22a38b865469,projective_spatial,in front of,0,jetson-qwen2.5vl:3b-q4_K_M,NO,0,True,1,6.777,
vsr_c6f118235244,projective_spatial,under,1,jetson-qwen2.5vl:3b-q4_K_M,YES,1,True,1,6.947,
vsr_8ebd4b93e773,projective_spatial,under,0,jetson-qwen2.5vl:3b-q4_K_M,NO,0,True,1,6.519,
vsr_db5a0fe65435,projective_spatial,above,1,jetson-qwen2.5vl:3b-q4_K_M,YES,1,True,1,6.513,
vsr_6b1d7e9ab70e,projective_spatial,left of,1,jetson-qwen2.5vl:3b-q4_K_M,YES,1,True,1,5.419,
vsr_f061e76ef97b,projective_spatial,on top of,1,jetson-qwen2.5vl:3b-q4_K_M,YES,1,True,1,5.513,
vsr_b39104fecbc0,projective_spatial,behind,1,jetson-qwen2.5vl:3b-q4_K_M,YES,1,True,1,6.453,
vsr_8d729c508879,projective_spatial,below,1,jetson-qwen2.5vl:3b-q4_K_M,YES,1,True,1,6.59,
vsr_ca40e8ff3192,projective_spatial,across from,0,jetson-qwen2.5vl:3b-q4_K_M,NO,0,True,1,6.784,
vsr_f4f0163d2b47,projective_spatial,above,0,jetson-qwen2.5vl:3b-q4_K_M,NO,0,True,1,6.744,
vsr_93cd1dcf2e20,projective_spatial,at the right side of,0,jetson-qwen2.5vl:3b-q4_K_M,YES,1,True,0,6.681,
vsr_dda6570d85ea,projective_spatial,in front of,1,jetson-qwen2.5vl:3b-q4_K_M,YES,1,True,1,6.576,
vsr_7ba4dd7bb793,projective_spatial,behind,0,jetson-qwen2.5vl:3b-q4_K_M,NO,0,True,1,6.852,
vsr_f01be3d25455,projective_spatial,under,1,jetson-qwen2.5vl:3b-q4_K_M,YES,1,True,1,7.024,
vsr_507f1eecf9f3,projective_spatial,behind,0,jetson-qwen2.5vl:3b-q4_K_M,NO,0,True,1,6.756,
vsr_59235557ec7e,projective_spatial,behind,1,jetson-qwen2.5vl:3b-q4_K_M,NO,0,True,0,6.673,
vsr_5965b03fd1a4,projective_spatial,behind,0,jetson-qwen2.5vl:3b-q4_K_M,NO,0,True,1,6.979,
vsr_a11f0a4c6cfb,projective_spatial,on top of,0,jetson-qwen2.5vl:3b-q4_K_M,NO,0,True,1,6.926,
vsr_737d97d70b8c,projective_spatial,left of,0,jetson-qwen2.5vl:3b-q4_K_M,NO,0,True,1,6.692,
vsr_b2eb923de310,projective_spatial,at the right side of,0,jetson-qwen2.5vl:3b-q4_K_M,NO,0,True,1,6.764,
vsr_aa7644dea865,projective_spatial,behind,0,jetson-qwen2.5vl:3b-q4_K_M,NO,0,True,1,7.089,
vsr_e18e17010684,projective_spatial,behind,0,jetson-qwen2.5vl:3b-q4_K_M,NO,0,True,1,7.01,
vsr_aeb5493258b1,projective_spatial,under,0,jetson-qwen2.5vl:3b-q4_K_M,NO,0,True,1,6.918,
vsr_e3fa96cb2217,projective_spatial,beneath,0,jetson-qwen2.5vl:3b-q4_K_M,YES,1,True,0,7.125,
vsr_95c91b4f6586,projective_spatial,parallel to,0,jetson-qwen2.5vl:3b-q4_K_M,NO,0,True,1,6.98,
vsr_283bb934b3f5,projective_spatial,in front of,1,jetson-qwen2.5vl:3b-q4_K_M,NO,0,True,0,6.816,
vsr_757de54d3cbd,projective_spatial,in front of,0,jetson-qwen2.5vl:3b-q4_K_M,YES,1,True,0,6.726,
vsr_8d89eaea2379,projective_spatial,facing away from,0,jetson-qwen2.5vl:3b-q4_K_M,YES,1,True,0,6.9,
vsr_e5d9d7205e04,projective_spatial,in front of,1,jetson-qwen2.5vl:3b-q4_K_M,NO,0,True,0,6.741,
vsr_d6fa27012b31,projective_spatial,facing,1,jetson-qwen2.5vl:3b-q4_K_M,NO,0,True,0,7.311,
vsr_259c1c4a2ca3,projective_spatial,in front of,1,jetson-qwen2.5vl:3b-q4_K_M,NO,0,True,0,6.99,
vsr_9f569588c70f,projective_spatial,behind,0,jetson-qwen2.5vl:3b-q4_K_M,NO,0,True,1,7.197,
vsr_8f9a5c27cb03,projective_spatial,perpendicular to,0,jetson-qwen2.5vl:3b-q4_K_M,NO,0,True,1,6.646,
vsr_4f03b7319937,projective_spatial,parallel to,0,jetson-qwen2.5vl:3b-q4_K_M,YES,1,True,0,7.347,
vsr_88ad53975127,projective_spatial,below,0,jetson-qwen2.5vl:3b-q4_K_M,NO,0,True,1,7.144,
vsr_77ea88c03b19,projective_spatial,perpendicular to,0,jetson-qwen2.5vl:3b-q4_K_M,NO,0,True,1,5.999,
vsr_619cc9c65737,projective_spatial,above,0,jetson-qwen2.5vl:3b-q4_K_M,NO,0,True,1,8.371,
vsr_24140763b89c,projective_spatial,on top of,1,jetson-qwen2.5vl:3b-q4_K_M,YES,1,True,1,8.989,
vsr_8cdd0b65aa25,projective_spatial,on top of,0,jetson-qwen2.5vl:3b-q4_K_M,NO,0,True,1,1.837,
vsr_329764e00d2e,projective_spatial,behind,1,jetson-qwen2.5vl:3b-q4_K_M,NO,0,True,0,9.595,
vsr_899e7fb56cf9,projective_spatial,facing away from,0,jetson-qwen2.5vl:3b-q4_K_M,NO,0,True,1,11.46,
vsr_2ab7f67c1890,projective_spatial,in front of,1,jetson-qwen2.5vl:3b-q4_K_M,NO,0,True,0,11.0,
vsr_f686195a0d02,projective_spatial,at the back of,0,jetson-qwen2.5vl:3b-q4_K_M,NO,0,True,1,10.622,
vsr_a351052bd878,projective_spatial,at the back of,0,jetson-qwen2.5vl:3b-q4_K_M,,,False,,4.393,RemoteProtocolError: Server disconnected without sending a response.
vsr_937f34d102bf,projective_spatial,beneath,0,jetson-qwen2.5vl:3b-q4_K_M,,,False,,0.065,"ConnectionError: Failed to connect to Ollama. Please check that Ollama is downloaded, running and accessible. https://ollama.com/download"
vsr_9a45f5d712ff,projective_spatial,in front of,0,jetson-qwen2.5vl:3b-q4_K_M,,,False,,0.008,"ConnectionError: Failed to connect to Ollama. Please check that Ollama is downloaded, running and accessible. https://ollama.com/download"
vsr_553dfd1e74f1,projective_spatial,in front of,1,jetson-qwen2.5vl:3b-q4_K_M,,,False,,0.006,"ConnectionError: Failed to connect to Ollama. Please check that Ollama is downloaded, running and accessible. https://ollama.com/download"
vsr_1fe28ef63a2f,projective_spatial,under,1,jetson-qwen2.5vl:3b-q4_K_M,,,False,,0.008,"ConnectionError: Failed to connect to Ollama. Please check that Ollama is downloaded, running and accessible. https://ollama.com/download"
vsr_b593821ca44b,projective_spatial,facing,1,jetson-qwen2.5vl:3b-q4_K_M,,,False,,0.005,"ConnectionError: Failed to connect to Ollama. Please check that Ollama is downloaded, running and accessible. https://ollama.com/download"
vsr_29733bfd1466,projective_spatial,behind,0,jetson-qwen2.5vl:3b-q4_K_M,,,False,,0.009,"ConnectionError: Failed to connect to Ollama. Please check that Ollama is downloaded, running and accessible. https://ollama.com/download"
vsr_a351052bd878,projective_spatial,at the back of,0,jetson-qwen2.5vl:3b-q4_K_M,NO,0,True,1,104.819,
vsr_937f34d102bf,projective_spatial,beneath,0,jetson-qwen2.5vl:3b-q4_K_M,NO,0,True,1,6.553,
vsr_9a45f5d712ff,projective_spatial,in front of,0,jetson-qwen2.5vl:3b-q4_K_M,YES,1,True,0,6.693,
vsr_553dfd1e74f1,projective_spatial,in front of,1,jetson-qwen2.5vl:3b-q4_K_M,YES,1,True,1,6.726,
vsr_1fe28ef63a2f,projective_spatial,under,1,jetson-qwen2.5vl:3b-q4_K_M,YES,1,True,1,6.555,
vsr_b593821ca44b,projective_spatial,facing,1,jetson-qwen2.5vl:3b-q4_K_M,YES,1,True,1,6.674,
vsr_29733bfd1466,projective_spatial,behind,0,jetson-qwen2.5vl:3b-q4_K_M,NO,0,True,1,6.809,
vsr_0dc94d34a974,projective_spatial,above,1,jetson-qwen2.5vl:3b-q4_K_M,YES,1,True,1,6.501,
vsr_af0b1c9683d6,projective_spatial,on top of,0,jetson-qwen2.5vl:3b-q4_K_M,NO,0,True,1,6.412,
vsr_f1c8b55a2e0d,projective_spatial,at the right side of,0,jetson-qwen2.5vl:3b-q4_K_M,NO,0,True,1,6.952,
vsr_91154ee3217f,projective_spatial,beneath,1,jetson-qwen2.5vl:3b-q4_K_M,YES,1,True,1,6.561,
vsr_ad5308f10422,projective_spatial,behind,0,jetson-qwen2.5vl:3b-q4_K_M,YES,1,True,0,6.723,
vsr_7611902bba04,projective_spatial,in front of,1,jetson-qwen2.5vl:3b-q4_K_M,YES,1,True,1,6.573,
vsr_cd6c75ba96e8,projective_spatial,below,0,jetson-qwen2.5vl:3b-q4_K_M,NO,0,True,1,6.682,
vsr_5f73339d6a81,projective_spatial,at the right side of,0,jetson-qwen2.5vl:3b-q4_K_M,NO,0,True,1,6.47,
vsr_0fb38841d631,projective_spatial,right of,1,jetson-qwen2.5vl:3b-q4_K_M,YES,1,True,1,7.048,
vsr_67002c3d76c0,projective_spatial,at the right side of,1,jetson-qwen2.5vl:3b-q4_K_M,YES,1,True,1,6.762,
vsr_ebe2917a2668,projective_spatial,under,1,jetson-qwen2.5vl:3b-q4_K_M,NO,0,True,0,6.455,
vsr_09ac4315aac4,projective_spatial,at the right side of,1,jetson-qwen2.5vl:3b-q4_K_M,YES,1,True,1,6.511,
vsr_87dd0b6d9f9a,projective_spatial,behind,1,jetson-qwen2.5vl:3b-q4_K_M,YES,1,True,1,6.737,
vsr_0ba512389fb2,projective_spatial,in front of,0,jetson-qwen2.5vl:3b-q4_K_M,NO,0,True,1,6.655,
vsr_19bebd17030b,projective_spatial,at the left side of,1,jetson-qwen2.5vl:3b-q4_K_M,NO,0,True,0,5.518,
vsr_bc08e40e0661,projective_spatial,at the left side of,0,jetson-qwen2.5vl:3b-q4_K_M,YES,1,True,0,6.442,
vsr_aa163c51c2ab,projective_spatial,facing away from,0,jetson-qwen2.5vl:3b-q4_K_M,NO,0,True,1,6.993,
vsr_9f3e4ee2fb9c,projective_spatial,ahead of,0,jetson-qwen2.5vl:3b-q4_K_M,NO,0,True,1,6.535,
vsr_75ab351a81a5,projective_spatial,in front of,1,jetson-qwen2.5vl:3b-q4_K_M,YES,1,True,1,6.412,
vsr_24261fc09bdc,projective_spatial,over,1,jetson-qwen2.5vl:3b-q4_K_M,YES,1,True,1,6.981,
vsr_0d28d735ce83,projective_spatial,at the left side of,1,jetson-qwen2.5vl:3b-q4_K_M,YES,1,True,1,5.571,
vsr_d46e192bb817,projective_spatial,in front of,0,jetson-qwen2.5vl:3b-q4_K_M,NO,0,True,1,6.656,
vsr_b5137cb6cee9,projective_spatial,at the right side of,1,jetson-qwen2.5vl:3b-q4_K_M,NO,0,True,0,6.544,
vsr_c7a39d3dc9f5,projective_spatial,at the left side of,0,jetson-qwen2.5vl:3b-q4_K_M,NO,0,True,1,6.753,
vsr_5a7dfe340fa6,projective_spatial,across from,1,jetson-qwen2.5vl:3b-q4_K_M,NO,0,True,0,6.554,
vsr_f24ecf5464d4,projective_spatial,under,1,jetson-qwen2.5vl:3b-q4_K_M,YES,1,True,1,6.462,
vsr_075718196fc5,projective_spatial,under,1,jetson-qwen2.5vl:3b-q4_K_M,NO,0,True,0,6.971,
vsr_a2763683d43e,projective_spatial,parallel to,0,jetson-qwen2.5vl:3b-q4_K_M,YES,1,True,0,6.671,
vsr_a84a5e5f7f41,projective_spatial,at the right side of,1,jetson-qwen2.5vl:3b-q4_K_M,YES,1,True,1,6.725,
vsr_be398f824e69,projective_spatial,at the left side of,0,jetson-qwen2.5vl:3b-q4_K_M,NO,0,True,1,6.439,
vsr_68894f67bde3,projective_spatial,under,1,jetson-qwen2.5vl:3b-q4_K_M,NO,0,True,0,6.652,
vsr_5f9c39f1d69a,projective_spatial,beneath,0,jetson-qwen2.5vl:3b-q4_K_M,NO,0,True,1,6.506,
vsr_8189b876cf2f,projective_spatial,behind,0,jetson-qwen2.5vl:3b-q4_K_M,NO,0,True,1,6.777,
vsr_10726bbd3b08,projective_spatial,on top of,1,jetson-qwen2.5vl:3b-q4_K_M,YES,1,True,1,5.542,
vsr_0ebb9ffcc69f,projective_spatial,in front of,1,jetson-qwen2.5vl:3b-q4_K_M,NO,0,True,0,6.769,
vsr_a3f21118b344,projective_spatial,left of,1,jetson-qwen2.5vl:3b-q4_K_M,NO,0,True,0,6.632,
vsr_5213926144f2,projective_spatial,left of,1,jetson-qwen2.5vl:3b-q4_K_M,YES,1,True,1,5.489,
vsr_83905111fa70,projective_spatial,perpendicular to,0,jetson-qwen2.5vl:3b-q4_K_M,NO,0,True,1,6.755,
vsr_0319f627b5f0,projective_spatial,behind,0,jetson-qwen2.5vl:3b-q4_K_M,NO,0,True,1,6.788,
vsr_bd4af7ee5387,projective_spatial,parallel to,0,jetson-qwen2.5vl:3b-q4_K_M,YES,1,True,0,6.52,
vsr_aea610dd373d,projective_spatial,behind,1,jetson-qwen2.5vl:3b-q4_K_M,NO,0,True,0,6.666,
vsr_0525be3d7874,projective_spatial,over,1,jetson-qwen2.5vl:3b-q4_K_M,YES,1,True,1,6.534,
vsr_1eacc5bf8a35,projective_spatial,at the right side of,0,jetson-qwen2.5vl:3b-q4_K_M,NO,0,True,1,6.771,
vsr_00bc2ae8029a,projective_spatial,facing,0,jetson-qwen2.5vl:3b-q4_K_M,YES,1,True,0,6.498,
vsr_c31471537b65,projective_spatial,facing away from,1,jetson-qwen2.5vl:3b-q4_K_M,NO,0,True,0,6.525,
vsr_f393514c47dd,projective_spatial,behind,0,jetson-qwen2.5vl:3b-q4_K_M,NO,0,True,1,6.983,
vsr_61ce6a02b18b,projective_spatial,in front of,1,jetson-qwen2.5vl:3b-q4_K_M,YES,1,True,1,6.594,
vsr_5187b245b977,projective_spatial,at the right side of,1,jetson-qwen2.5vl:3b-q4_K_M,NO,0,True,0,6.63,
vsr_8f80d4939c28,projective_spatial,at the left side of,1,jetson-qwen2.5vl:3b-q4_K_M,NO,0,True,0,6.587,
vsr_b1ec6a1eb047,projective_spatial,left of,1,jetson-qwen2.5vl:3b-q4_K_M,YES,1,True,1,6.683,
vsr_abfd16ec85fb,projective_spatial,under,1,jetson-qwen2.5vl:3b-q4_K_M,NO,0,True,0,6.925,
vsr_04cd4d16e434,projective_spatial,on top of,0,jetson-qwen2.5vl:3b-q4_K_M,NO,0,True,1,7.057,
vsr_c1436a070734,projective_spatial,facing,1,jetson-qwen2.5vl:3b-q4_K_M,YES,1,True,1,6.97,
vsr_489c86b957f7,projective_spatial,at the left side of,1,jetson-qwen2.5vl:3b-q4_K_M,NO,0,True,0,7.239,
vsr_8087dd22653d,projective_spatial,behind,0,jetson-qwen2.5vl:3b-q4_K_M,NO,0,True,1,6.829,
vsr_4577312d8811,projective_spatial,behind,1,jetson-qwen2.5vl:3b-q4_K_M,YES,1,True,1,5.487,
vsr_3eacb2b569c5,projective_spatial,behind,1,jetson-qwen2.5vl:3b-q4_K_M,NO,0,True,0,6.997,
vsr_cc6da8e77411,projective_spatial,on top of,1,jetson-qwen2.5vl:3b-q4_K_M,YES,1,True,1,6.996,
vsr_bc418f89371e,projective_spatial,left of,1,jetson-qwen2.5vl:3b-q4_K_M,YES,1,True,1,7.274,
vsr_1b628d9930d8,projective_spatial,facing away from,0,jetson-qwen2.5vl:3b-q4_K_M,NO,0,True,1,6.923,
vsr_b15f2d44024a,projective_spatial,behind,1,jetson-qwen2.5vl:3b-q4_K_M,YES,1,True,1,7.091,
vsr_fe7c2696c8a1,projective_spatial,parallel to,1,jetson-qwen2.5vl:3b-q4_K_M,YES,1,True,1,5.582,
vsr_780a98de55aa,projective_spatial,opposite to,1,jetson-qwen2.5vl:3b-q4_K_M,NO,0,True,0,7.02,
vsr_7af6cbacfac3,projective_spatial,at the left side of,1,jetson-qwen2.5vl:3b-q4_K_M,YES,1,True,1,7.17,
vsr_79c630ed2c07,projective_spatial,above,1,jetson-qwen2.5vl:3b-q4_K_M,YES,1,True,1,6.776,
vsr_d3b9d9b8399d,projective_spatial,at the left side of,0,jetson-qwen2.5vl:3b-q4_K_M,NO,0,True,1,6.963,
vsr_2940ce46992c,projective_spatial,under,1,jetson-qwen2.5vl:3b-q4_K_M,NO,0,True,0,6.988,
vsr_2b394b8226e2,projective_spatial,behind,1,jetson-qwen2.5vl:3b-q4_K_M,YES,1,True,1,8.032,
vsr_d455a5c6f1b4,projective_spatial,below,0,jetson-qwen2.5vl:3b-q4_K_M,NO,0,True,1,7.146,
vsr_e533ea3572eb,projective_spatial,in front of,1,jetson-qwen2.5vl:3b-q4_K_M,YES,1,True,1,7.026,
vsr_3efa82efa05e,projective_spatial,behind,0,jetson-qwen2.5vl:3b-q4_K_M,NO,0,True,1,7.099,
vsr_bff8470c1b92,projective_spatial,above,1,jetson-qwen2.5vl:3b-q4_K_M,NO,0,True,0,7.211,
vsr_e63d0bcc4025,projective_spatial,behind,0,jetson-qwen2.5vl:3b-q4_K_M,YES,1,True,0,6.866,
vsr_67eba1a6a572,projective_spatial,under,1,jetson-qwen2.5vl:3b-q4_K_M,NO,0,True,0,7.624,
vsr_44f64fc34de5,projective_spatial,left of,1,jetson-qwen2.5vl:3b-q4_K_M,NO,0,True,0,8.695,
vsr_f562a12a9082,projective_spatial,toward,0,jetson-qwen2.5vl:3b-q4_K_M,NO,0,True,1,8.604,
vsr_6a7b6ebf7646,projective_spatial,above,0,jetson-qwen2.5vl:3b-q4_K_M,NO,0,True,1,8.644,
vsr_a3ffc5f46296,projective_spatial,facing away from,0,jetson-qwen2.5vl:3b-q4_K_M,NO,0,True,1,9.144,
vsr_64e52ebe4613,projective_spatial,across from,0,jetson-qwen2.5vl:3b-q4_K_M,NO,0,True,1,10.486,
vsr_bcd6de4b2765,projective_spatial,under,1,jetson-qwen2.5vl:3b-q4_K_M,YES,1,True,1,10.619,
vsr_e76cbe6931fc,projective_spatial,facing away from,1,jetson-qwen2.5vl:3b-q4_K_M,,,False,,107.114,ResponseError: an error was encountered while running the model: unexpected EOF (status code: 500)
vsr_93309e3ab9fe,projective_spatial,at the right side of,1,jetson-qwen2.5vl:3b-q4_K_M,,,False,,52.63,"ResponseError: llama-server startup failed after projector CPU offload retry: llama-server process has terminated: exit status 1: cudaMalloc failed: out of memory
alloc_tensor_range: failed to allocate CUDA0 buffer of size 1923820544
error loading model: unable to allocate CUDA0 buffer (status code: 500)"
vsr_622d284e6fe7,projective_spatial,above,1,jetson-qwen2.5vl:3b-q4_K_M,,,False,,25.399,"ResponseError: llama-server startup failed after projector CPU offload retry: llama-server process has terminated: exit status 1: cudaMalloc failed: out of memory
alloc_tensor_range: failed to allocate CUDA0 buffer of size 1923820544
error loading model: unable to allocate CUDA0 buffer (status code: 500)"
vsr_1e406802b166,projective_spatial,over,0,jetson-qwen2.5vl:3b-q4_K_M,,,False,,17.852,"ResponseError: llama-server startup failed after projector CPU offload retry: llama-server process has terminated: cudaMalloc failed: out of memory
alloc_tensor_range: failed to allocate CUDA0 buffer of size 80243712: cudaMalloc failed: out of memory
alloc_tensor_range: failed to allocate CUDA0 buffer of size 80243712 (status code: 500)"
vsr_5806499b8a2b,projective_spatial,under,1,jetson-qwen2.5vl:3b-q4_K_M,NO,0,True,0,99.221,
vsr_6dcfe27f843a,projective_spatial,at the right side of,1,jetson-qwen2.5vl:3b-q4_K_M,YES,1,True,1,59.235,
vsr_2016ba96e8d2,projective_spatial,on top of,1,jetson-qwen2.5vl:3b-q4_K_M,YES,1,True,1,58.329,
vsr_3e03f672c0fb,projective_spatial,behind,1,jetson-qwen2.5vl:3b-q4_K_M,YES,1,True,1,57.103,
vsr_ef2a677835e6,projective_spatial,below,0,jetson-qwen2.5vl:3b-q4_K_M,NO,0,True,1,58.364,
vsr_e9e6e05a6cdf,projective_spatial,across from,0,jetson-qwen2.5vl:3b-q4_K_M,NO,0,True,1,59.233,
vsr_686094b56063,projective_spatial,behind,1,jetson-qwen2.5vl:3b-q4_K_M,YES,1,True,1,60.58,
vsr_66b2e056637b,projective_spatial,facing away from,1,jetson-qwen2.5vl:3b-q4_K_M,NO,0,True,0,58.876,
vsr_3e1be589b60c,projective_spatial,at the left side of,0,jetson-qwen2.5vl:3b-q4_K_M,NO,0,True,1,56.969,
vsr_75413be72b6d,projective_spatial,beneath,0,jetson-qwen2.5vl:3b-q4_K_M,YES,1,True,0,58.482,
vsr_a89c20ff11f1,projective_spatial,at the right side of,0,jetson-qwen2.5vl:3b-q4_K_M,NO,0,True,1,60.284,
vsr_58e54eed650e,projective_spatial,on top of,0,jetson-qwen2.5vl:3b-q4_K_M,NO,0,True,1,59.792,
vsr_874bda59ae25,projective_spatial,under,0,jetson-qwen2.5vl:3b-q4_K_M,NO,0,True,1,60.245,
vsr_043c9484bcfb,projective_spatial,facing away from,0,jetson-qwen2.5vl:3b-q4_K_M,YES,1,True,0,59.371,
vsr_1ebeb527c978,projective_spatial,in front of,0,jetson-qwen2.5vl:3b-q4_K_M,NO,0,True,1,59.795,
vsr_d1d48834ec3c,projective_spatial,behind,1,jetson-qwen2.5vl:3b-q4_K_M,YES,1,True,1,58.34,
vsr_597d7076c0ca,projective_spatial,facing away from,1,jetson-qwen2.5vl:3b-q4_K_M,NO,0,True,0,59.226,
vsr_354818436536,projective_spatial,under,1,jetson-qwen2.5vl:3b-q4_K_M,YES,1,True,1,57.126,
vsr_5c5590792508,projective_spatial,under,1,jetson-qwen2.5vl:3b-q4_K_M,YES,1,True,1,56.959,
vsr_60bd4c7c7f24,projective_spatial,at the back of,0,jetson-qwen2.5vl:3b-q4_K_M,NO,0,True,1,58.919,
vsr_071f1ffc488e,projective_spatial,in front of,1,jetson-qwen2.5vl:3b-q4_K_M,YES,1,True,1,57.167,
vsr_47a618de4607,projective_spatial,in front of,1,jetson-qwen2.5vl:3b-q4_K_M,YES,1,True,1,59.427,
vsr_afec237ed3b8,projective_spatial,facing,0,jetson-qwen2.5vl:3b-q4_K_M,NO,0,True,1,59.809,
vsr_558fea726540,projective_spatial,beneath,0,jetson-qwen2.5vl:3b-q4_K_M,NO,0,True,1,60.087,
vsr_737853d71d37,projective_spatial,on top of,0,jetson-qwen2.5vl:3b-q4_K_M,NO,0,True,1,58.121,
vsr_a8abfedd02d2,projective_spatial,perpendicular to,1,jetson-qwen2.5vl:3b-q4_K_M,NO,0,True,0,58.392,
vsr_a1e2e0a04ecc,projective_spatial,below,0,jetson-qwen2.5vl:3b-q4_K_M,NO,0,True,1,58.354,
vsr_87fb9e837b78,projective_spatial,behind,0,jetson-qwen2.5vl:3b-q4_K_M,NO,0,True,1,58.388,
vsr_15929ada25a2,projective_spatial,at the back of,0,jetson-qwen2.5vl:3b-q4_K_M,NO,0,True,1,57.88,
vsr_22d2100ccbc8,projective_spatial,at the right side of,0,jetson-qwen2.5vl:3b-q4_K_M,NO,0,True,1,61.538,
vsr_72336c818aee,projective_spatial,behind,0,jetson-qwen2.5vl:3b-q4_K_M,NO,0,True,1,58.716,
vsr_cc2d0585f331,projective_spatial,at the right side of,1,jetson-qwen2.5vl:3b-q4_K_M,YES,1,True,1,57.746,
vsr_328e5db25dd2,projective_spatial,under,1,jetson-qwen2.5vl:3b-q4_K_M,NO,0,True,0,58.266,
vsr_3fac2874da85,projective_spatial,below,1,jetson-qwen2.5vl:3b-q4_K_M,YES,1,True,1,57.888,
vsr_b5252fbccab3,projective_spatial,above,1,jetson-qwen2.5vl:3b-q4_K_M,NO,0,True,0,58.17,
vsr_9e7ea8730d32,projective_spatial,in front of,1,jetson-qwen2.5vl:3b-q4_K_M,YES,1,True,1,59.728,
vsr_0c82ea760497,projective_spatial,in front of,0,jetson-qwen2.5vl:3b-q4_K_M,NO,0,True,1,59.47,
vsr_1fba5e8cc17c,projective_spatial,left of,0,jetson-qwen2.5vl:3b-q4_K_M,YES,1,True,0,58.878,
vsr_f9771e6d1e6b,projective_spatial,facing,1,jetson-qwen2.5vl:3b-q4_K_M,NO,0,True,0,58.102,
vsr_936b5cecb6de,projective_spatial,at the right side of,0,jetson-qwen2.5vl:3b-q4_K_M,NO,0,True,1,59.608,
vsr_bb1468eb2923,projective_spatial,beneath,1,jetson-qwen2.5vl:3b-q4_K_M,YES,1,True,1,58.936,
vsr_d9e114994cb5,projective_spatial,at the left side of,0,jetson-qwen2.5vl:3b-q4_K_M,NO,0,True,1,59.338,
vsr_6c3cf17228ec,projective_spatial,at the right side of,0,jetson-qwen2.5vl:3b-q4_K_M,NO,0,True,1,58.577,
vsr_d2f4f6784e7d,projective_spatial,at the left side of,0,jetson-qwen2.5vl:3b-q4_K_M,NO,0,True,1,59.533,
vsr_e22fdb3d8908,projective_spatial,behind,1,jetson-qwen2.5vl:3b-q4_K_M,YES,1,True,1,58.111,
vsr_bc6913134031,projective_spatial,on top of,1,jetson-qwen2.5vl:3b-q4_K_M,NO,0,True,0,58.115,
vsr_ab213416961b,projective_spatial,under,0,jetson-qwen2.5vl:3b-q4_K_M,YES,1,True,0,57.561,
vsr_54a6a93a1864,projective_spatial,under,1,jetson-qwen2.5vl:3b-q4_K_M,YES,1,True,1,57.934,
vsr_a951fefb9778,projective_spatial,perpendicular to,1,jetson-qwen2.5vl:3b-q4_K_M,NO,0,True,0,59.544,
vsr_182d3d4987ed,projective_spatial,in front of,1,jetson-qwen2.5vl:3b-q4_K_M,YES,1,True,1,57.659,
vsr_46dd8f3c4c7a,projective_spatial,at the right side of,1,jetson-qwen2.5vl:3b-q4_K_M,YES,1,True,1,57.661,
vsr_bc3e1a88cf02,projective_spatial,behind,0,jetson-qwen2.5vl:3b-q4_K_M,NO,0,True,1,56.654,
vsr_20a99b9df471,projective_spatial,under,0,jetson-qwen2.5vl:3b-q4_K_M,NO,0,True,1,61.83,
vsr_90f2325c286b,projective_spatial,left of,0,jetson-qwen2.5vl:3b-q4_K_M,NO,0,True,1,60.233,
vsr_2a3e33262a21,projective_spatial,in front of,0,jetson-qwen2.5vl:3b-q4_K_M,NO,0,True,1,59.895,
vsr_c42adf0a353f,projective_spatial,beneath,0,jetson-qwen2.5vl:3b-q4_K_M,NO,0,True,1,58.59,
vsr_574c4a241877,projective_spatial,under,0,jetson-qwen2.5vl:3b-q4_K_M,YES,1,True,0,59.819,
vsr_dccde6bce01e,projective_spatial,at the left side of,1,jetson-qwen2.5vl:3b-q4_K_M,YES,1,True,1,60.525,
vsr_9ab16c75f6e6,projective_spatial,below,1,jetson-qwen2.5vl:3b-q4_K_M,YES,1,True,1,58.419,
vsr_bc33c65b6e19,projective_spatial,on top of,0,jetson-qwen2.5vl:3b-q4_K_M,NO,0,True,1,57.661,
vsr_691964a1bd0f,projective_spatial,under,1,jetson-qwen2.5vl:3b-q4_K_M,YES,1,True,1,59.532,
vsr_1cc3e35b9d98,projective_spatial,under,0,jetson-qwen2.5vl:3b-q4_K_M,NO,0,True,1,59.753,
vsr_cade277a5808,projective_spatial,parallel to,0,jetson-qwen2.5vl:3b-q4_K_M,NO,0,True,1,59.874,
vsr_24b7f37fc46c,projective_spatial,facing,1,jetson-qwen2.5vl:3b-q4_K_M,YES,1,True,1,58.859,
vsr_ee8d88a5176a,projective_spatial,facing away from,0,jetson-qwen2.5vl:3b-q4_K_M,NO,0,True,1,59.491,
vsr_f6c11003d3d6,projective_spatial,under,0,jetson-qwen2.5vl:3b-q4_K_M,NO,0,True,1,59.437,
vsr_b908502ca292,projective_spatial,in front of,1,jetson-qwen2.5vl:3b-q4_K_M,YES,1,True,1,57.744,
vsr_d6eb2459046c,projective_spatial,opposite to,0,jetson-qwen2.5vl:3b-q4_K_M,YES,1,True,0,58.861,
vsr_4112d90c57b5,projective_spatial,on top of,1,jetson-qwen2.5vl:3b-q4_K_M,YES,1,True,1,59.255,
vsr_c35c821c15ab,projective_spatial,at the right side of,1,jetson-qwen2.5vl:3b-q4_K_M,YES,1,True,1,57.826,
vsr_1ab343d9b390,projective_spatial,below,0,jetson-qwen2.5vl:3b-q4_K_M,NO,0,True,1,58.608,
vsr_d1b6e5f123f9,projective_spatial,under,0,jetson-qwen2.5vl:3b-q4_K_M,NO,0,True,1,61.442,
vsr_8e7e6765a007,projective_spatial,behind,1,jetson-qwen2.5vl:3b-q4_K_M,YES,1,True,1,60.552,
vsr_538b39dcbfdb,projective_spatial,left of,1,jetson-qwen2.5vl:3b-q4_K_M,YES,1,True,1,59.168,
vsr_220cd18e02a2,projective_spatial,perpendicular to,0,jetson-qwen2.5vl:3b-q4_K_M,YES,1,True,0,58.323,
vsr_cda93592131e,projective_spatial,across from,0,jetson-qwen2.5vl:3b-q4_K_M,NO,0,True,1,60.155,
vsr_e76cbe6931fc,projective_spatial,facing away from,1,jetson-qwen2.5vl:3b-q4_K_M,,,False,,116.522,"ResponseError: an error was encountered while running the model: CUDA error: out of memory
CUDA error (status code: 500)"
vsr_93309e3ab9fe,projective_spatial,at the right side of,1,jetson-qwen2.5vl:3b-q4_K_M,,,False,,120.11,ReadTimeout: timed out
vsr_622d284e6fe7,projective_spatial,above,1,jetson-qwen2.5vl:3b-q4_K_M,,,False,,42.066,"ResponseError: llama-server startup failed after projector CPU offload retry: llama-server process has terminated: exit status 1: cudaMalloc failed: out of memory
alloc_tensor_range: failed to allocate CUDA0 buffer of size 1923820544
error loading model: unable to allocate CUDA0 buffer (status code: 500)"
vsr_1e406802b166,projective_spatial,over,0,jetson-qwen2.5vl:3b-q4_K_M,,,False,,13.748,"ResponseError: llama-server startup failed after projector CPU offload retry: llama-server process has terminated: exit status 1: cudaMalloc failed: out of memory
alloc_tensor_range: failed to allocate CUDA0 buffer of size 1923820544
error loading model: unable to allocate CUDA0 buffer (status code: 500)"
vsr_e76cbe6931fc,projective_spatial,facing away from,1,jetson-qwen2.5vl:3b-q4_K_M,,,False,,107.565,ResponseError: an error was encountered while running the model: unexpected EOF (status code: 500)
vsr_93309e3ab9fe,projective_spatial,at the right side of,1,jetson-qwen2.5vl:3b-q4_K_M,,,False,,104.822,"ResponseError: llama-server startup failed after projector CPU offload retry: llama-server process has terminated: exit status 1: cudaMalloc failed: out of memory
alloc_tensor_range: failed to allocate CUDA0 buffer of size 1923820544
error loading model: unable to allocate CUDA0 buffer (status code: 500)"
vsr_622d284e6fe7,projective_spatial,above,1,jetson-qwen2.5vl:3b-q4_K_M,,,False,,50.755,"ResponseError: llama-server startup failed after projector CPU offload retry: llama-server process has terminated: exit status 1: cudaMalloc failed: out of memory
alloc_tensor_range: failed to allocate CUDA0 buffer of size 1923820544
error loading model: unable to allocate CUDA0 buffer (status code: 500)"
vsr_1e406802b166,projective_spatial,over,0,jetson-qwen2.5vl:3b-q4_K_M,,,False,,21.782,"ResponseError: llama-server startup failed after projector CPU offload retry: llama-server process has terminated: exit status 1: cudaMalloc failed: out of memory
alloc_tensor_range: failed to allocate CUDA0 buffer of size 1923820544
error loading model: unable to allocate CUDA0 buffer (status code: 500)"
vsr_f38ff846298a,projective_spatial,above,0,jetson-qwen2.5vl:3b-q4_K_M,,,False,,21.322,"ResponseError: llama-server startup failed after projector CPU offload retry: llama-server process has terminated: exit status 1: cudaMalloc failed: out of memory
alloc_tensor_range: failed to allocate CUDA0 buffer of size 1923820544
error loading model: unable to allocate CUDA0 buffer (status code: 500)"
vsr_afb384ec23b7,projective_spatial,right of,0,jetson-qwen2.5vl:3b-q4_K_M,,,False,,14.899,"ResponseError: llama-server startup failed after projector CPU offload retry: llama-server reported out-of-memory during startup: cudaMalloc failed: out of memory
alloc_tensor_range: failed to allocate CUDA0 buffer of size 80243712
llama_init_from_model: failed to initialize the context: failed to allocate buffer for kv cache (status code: 500)"
vsr_08ffc88bbf7e,projective_spatial,in front of,0,jetson-qwen2.5vl:3b-q4_K_M,,,False,,14.124,"ResponseError: llama-server startup failed after projector CPU offload retry: llama-server reported out-of-memory during startup: cudaMalloc failed: out of memory
ggml_gallocr_reserve_n_impl: failed to allocate CUDA0 buffer of size 84508800
graph_reserve: failed to allocate compute buffers
llama_init_from_model: failed to initialize the context: failed to allocate compute pp buffers (status code: 500)"
vsr_ef9af0fecc9a,projective_spatial,at the left side of,0,jetson-qwen2.5vl:3b-q4_K_M,NO,0,True,1,92.867,
vsr_2271e1e2ca48,projective_spatial,below,1,jetson-qwen2.5vl:3b-q4_K_M,NO,0,True,0,60.675,
vsr_720f96868300,projective_spatial,above,1,jetson-qwen2.5vl:3b-q4_K_M,YES,1,True,1,60.867,
vsr_46d72b0b7d90,projective_spatial,at the right side of,0,jetson-qwen2.5vl:3b-q4_K_M,NO,0,True,1,58.304,
vsr_ed23b41a095f,projective_spatial,behind,1,jetson-qwen2.5vl:3b-q4_K_M,YES,1,True,1,56.868,
vsr_9422518d5e93,projective_spatial,on top of,1,jetson-qwen2.5vl:3b-q4_K_M,YES,1,True,1,56.813,
vsr_d36905500b87,projective_spatial,over,1,jetson-qwen2.5vl:3b-q4_K_M,NO,0,True,0,59.894,
vsr_bda3d1789fe5,projective_spatial,below,1,jetson-qwen2.5vl:3b-q4_K_M,YES,1,True,1,59.769,
vsr_30b7f213bcac,projective_spatial,at the left side of,0,jetson-qwen2.5vl:3b-q4_K_M,NO,0,True,1,59.976,
vsr_1273d9f38736,projective_spatial,perpendicular to,0,jetson-qwen2.5vl:3b-q4_K_M,NO,0,True,1,60.053,
vsr_4c277639dc0c,projective_spatial,behind,0,jetson-qwen2.5vl:3b-q4_K_M,NO,0,True,1,60.045,
vsr_17aaeba24bf9,projective_spatial,in front of,1,jetson-qwen2.5vl:3b-q4_K_M,NO,0,True,0,60.378,
vsr_9b4fb8240e37,projective_spatial,facing,0,jetson-qwen2.5vl:3b-q4_K_M,YES,1,True,0,58.595,
vsr_de734ea91c5c,projective_spatial,above,0,jetson-qwen2.5vl:3b-q4_K_M,NO,0,True,1,60.006,
vsr_df7037f4b5a5,projective_spatial,under,1,jetson-qwen2.5vl:3b-q4_K_M,YES,1,True,1,59.606,
vsr_5c7f5bc5f201,projective_spatial,under,0,jetson-qwen2.5vl:3b-q4_K_M,NO,0,True,1,59.533,
vsr_2e649561b897,projective_spatial,behind,0,jetson-qwen2.5vl:3b-q4_K_M,NO,0,True,1,58.149,
vsr_80da90fd6182,projective_spatial,facing away from,0,jetson-qwen2.5vl:3b-q4_K_M,NO,0,True,1,58.148,
vsr_2397425162af,projective_spatial,behind,0,jetson-qwen2.5vl:3b-q4_K_M,NO,0,True,1,59.879,
vsr_5f3285139e6f,projective_spatial,under,0,jetson-qwen2.5vl:3b-q4_K_M,NO,0,True,1,59.387,
vsr_163e3f9ca1d7,projective_spatial,facing away from,0,jetson-qwen2.5vl:3b-q4_K_M,NO,0,True,1,57.903,
vsr_f8b7dd35f192,projective_spatial,right of,1,jetson-qwen2.5vl:3b-q4_K_M,YES,1,True,1,58.099,
vsr_354f550a4743,projective_spatial,behind,1,jetson-qwen2.5vl:3b-q4_K_M,YES,1,True,1,58.786,
vsr_8d52c8ba3606,projective_spatial,beneath,1,jetson-qwen2.5vl:3b-q4_K_M,YES,1,True,1,58.216,
vsr_9a729bf74e11,projective_spatial,behind,0,jetson-qwen2.5vl:3b-q4_K_M,NO,0,True,1,59.472,
vsr_d14344c4a28e,projective_spatial,facing,1,jetson-qwen2.5vl:3b-q4_K_M,NO,0,True,0,59.637,
vsr_7c8acd247710,projective_spatial,on top of,0,jetson-qwen2.5vl:3b-q4_K_M,NO,0,True,1,59.627,
vsr_27bf6236ca98,projective_spatial,in front of,1,jetson-qwen2.5vl:3b-q4_K_M,YES,1,True,1,58.226,
vsr_aceef2581c79,projective_spatial,left of,1,jetson-qwen2.5vl:3b-q4_K_M,NO,0,True,0,57.932,
vsr_5b7106ef528d,projective_spatial,on top of,0,jetson-qwen2.5vl:3b-q4_K_M,YES,1,True,0,58.178,
vsr_e77e3a9d648c,projective_spatial,at the left side of,0,jetson-qwen2.5vl:3b-q4_K_M,NO,0,True,1,57.937,
vsr_da08d9234132,projective_spatial,above,0,jetson-qwen2.5vl:3b-q4_K_M,NO,0,True,1,57.964,
vsr_eb0c1588d8a4,projective_spatial,at the right side of,0,jetson-qwen2.5vl:3b-q4_K_M,NO,0,True,1,60.045,
vsr_4e6ba6991601,projective_spatial,on top of,1,jetson-qwen2.5vl:3b-q4_K_M,YES,1,True,1,59.572,
vsr_209ab5b92c75,projective_spatial,on top of,1,jetson-qwen2.5vl:3b-q4_K_M,YES,1,True,1,59.298,
vsr_3d3fce2b10f0,projective_spatial,perpendicular to,0,jetson-qwen2.5vl:3b-q4_K_M,NO,0,True,1,59.696,
vsr_fdcbdb891b26,projective_spatial,in front of,1,jetson-qwen2.5vl:3b-q4_K_M,YES,1,True,1,60.289,
vsr_f38ff846298a,projective_spatial,above,0,jetson-qwen2.5vl:3b-q4_K_M,NO,0,True,1,109.947,
vsr_afb384ec23b7,projective_spatial,right of,0,jetson-qwen2.5vl:3b-q4_K_M,NO,0,True,1,57.528,
vsr_08ffc88bbf7e,projective_spatial,in front of,0,jetson-qwen2.5vl:3b-q4_K_M,NO,0,True,1,57.397,
vsr_707cfa398c08,projective_spatial,behind,0,jetson-qwen2.5vl:3b-q4_K_M,NO,0,True,1,59.069,
vsr_58dba9d9338b,projective_spatial,at the left side of,1,jetson-qwen2.5vl:3b-q4_K_M,NO,0,True,0,57.335,
vsr_78fd30e45686,projective_spatial,under,0,jetson-qwen2.5vl:3b-q4_K_M,NO,0,True,1,58.528,
vsr_faa4fec380d2,projective_spatial,under,1,jetson-qwen2.5vl:3b-q4_K_M,YES,1,True,1,57.514,
vsr_18488e06e6eb,projective_spatial,at the right side of,1,jetson-qwen2.5vl:3b-q4_K_M,YES,1,True,1,59.044,
vsr_6c016def6d89,projective_spatial,under,0,jetson-qwen2.5vl:3b-q4_K_M,NO,0,True,1,59.094,
vsr_0137ff026306,projective_spatial,in front of,0,jetson-qwen2.5vl:3b-q4_K_M,NO,0,True,1,57.23,
vsr_6d3164f5b6b0,projective_spatial,beneath,0,jetson-qwen2.5vl:3b-q4_K_M,NO,0,True,1,59.356,
vsr_f278a63b8e3a,projective_spatial,on top of,0,jetson-qwen2.5vl:3b-q4_K_M,NO,0,True,1,57.428,
vsr_e239821d3f54,projective_spatial,under,0,jetson-qwen2.5vl:3b-q4_K_M,NO,0,True,1,57.506,
vsr_0f906097ea8e,projective_spatial,perpendicular to,1,jetson-qwen2.5vl:3b-q4_K_M,NO,0,True,0,59.649,
vsr_7397e2462b6a,projective_spatial,parallel to,0,jetson-qwen2.5vl:3b-q4_K_M,NO,0,True,1,59.058,
vsr_893d01916f09,projective_spatial,behind,1,jetson-qwen2.5vl:3b-q4_K_M,YES,1,True,1,59.452,
vsr_466511e16566,projective_spatial,on top of,0,jetson-qwen2.5vl:3b-q4_K_M,NO,0,True,1,57.282,
vsr_18e56d1ad51c,projective_spatial,above,0,jetson-qwen2.5vl:3b-q4_K_M,YES,1,True,0,57.221,
vsr_7273e02dbbce,projective_spatial,under,0,jetson-qwen2.5vl:3b-q4_K_M,YES,1,True,0,59.211,
vsr_729d3dac27f6,projective_spatial,under,0,jetson-qwen2.5vl:3b-q4_K_M,NO,0,True,1,57.567,
vsr_9bc8262b396e,projective_spatial,ahead of,0,jetson-qwen2.5vl:3b-q4_K_M,NO,0,True,1,57.466,
vsr_d9c49da380a5,projective_spatial,in front of,1,jetson-qwen2.5vl:3b-q4_K_M,YES,1,True,1,56.419,
vsr_5397000b6862,projective_spatial,on top of,1,jetson-qwen2.5vl:3b-q4_K_M,YES,1,True,1,56.711,
vsr_4250b8e648a3,projective_spatial,behind,1,jetson-qwen2.5vl:3b-q4_K_M,YES,1,True,1,57.737,
vsr_69aa83061c4d,projective_spatial,over,0,jetson-qwen2.5vl:3b-q4_K_M,NO,0,True,1,57.685,
vsr_db5b985c30e7,projective_spatial,under,1,jetson-qwen2.5vl:3b-q4_K_M,YES,1,True,1,57.527,
vsr_3a8e46d28094,projective_spatial,across from,0,jetson-qwen2.5vl:3b-q4_K_M,NO,0,True,1,61.578,
vsr_8b934d45e8fd,projective_spatial,beneath,0,jetson-qwen2.5vl:3b-q4_K_M,YES,1,True,0,59.06,
vsr_2c20eac6befd,projective_spatial,below,1,jetson-qwen2.5vl:3b-q4_K_M,YES,1,True,1,57.342,
vsr_d7c6aec226c7,projective_spatial,beneath,1,jetson-qwen2.5vl:3b-q4_K_M,NO,0,True,0,57.284,
vsr_16c16570a96d,projective_spatial,behind,1,jetson-qwen2.5vl:3b-q4_K_M,NO,0,True,0,57.149,
vsr_f999972998ee,projective_spatial,facing,0,jetson-qwen2.5vl:3b-q4_K_M,YES,1,True,0,57.297,
vsr_01b988fb65ae,projective_spatial,at the right side of,0,jetson-qwen2.5vl:3b-q4_K_M,NO,0,True,1,57.431,
vsr_e3e5eb925a44,projective_spatial,in front of,1,jetson-qwen2.5vl:3b-q4_K_M,YES,1,True,1,57.165,
vsr_03f870c076e7,projective_spatial,on top of,1,jetson-qwen2.5vl:3b-q4_K_M,YES,1,True,1,57.305,
vsr_c4f907a1fdfc,projective_spatial,behind,1,jetson-qwen2.5vl:3b-q4_K_M,YES,1,True,1,58.521,
vsr_c60de660fce4,projective_spatial,behind,0,jetson-qwen2.5vl:3b-q4_K_M,YES,1,True,0,57.319,
vsr_aae41bbb1ae6,projective_spatial,above,1,jetson-qwen2.5vl:3b-q4_K_M,NO,0,True,0,58.238,
vsr_1832ed064dc9,projective_spatial,parallel to,1,jetson-qwen2.5vl:3b-q4_K_M,YES,1,True,1,58.903,
vsr_ede79335a13a,projective_spatial,on top of,0,jetson-qwen2.5vl:3b-q4_K_M,YES,1,True,0,57.226,
vsr_8ce887a86ecb,projective_spatial,above,1,jetson-qwen2.5vl:3b-q4_K_M,YES,1,True,1,58.953,
vsr_a6e67abb3da3,projective_spatial,above,1,jetson-qwen2.5vl:3b-q4_K_M,YES,1,True,1,57.423,
vsr_c1dd39b0224f,projective_spatial,under,0,jetson-qwen2.5vl:3b-q4_K_M,NO,0,True,1,58.916,
vsr_cb46a97185a4,projective_spatial,beneath,1,jetson-qwen2.5vl:3b-q4_K_M,YES,1,True,1,111.473,
vsr_a2856f203d7f,projective_spatial,in front of,1,jetson-qwen2.5vl:3b-q4_K_M,YES,1,True,1,59.649,
vsr_29d4d75273be,projective_spatial,in front of,0,jetson-qwen2.5vl:3b-q4_K_M,YES,1,True,0,57.759,
vsr_10db2b06f640,projective_spatial,behind,1,jetson-qwen2.5vl:3b-q4_K_M,YES,1,True,1,59.432,
vsr_950020b7167e,projective_spatial,at the left side of,0,jetson-qwen2.5vl:3b-q4_K_M,NO,0,True,1,58.176,
vsr_650210041ed2,projective_spatial,over,0,jetson-qwen2.5vl:3b-q4_K_M,NO,0,True,1,57.668,
vsr_a14fcdf0f0c3,projective_spatial,facing,0,jetson-qwen2.5vl:3b-q4_K_M,NO,0,True,1,59.311,
vsr_9d77aa956992,projective_spatial,behind,1,jetson-qwen2.5vl:3b-q4_K_M,YES,1,True,1,57.529,
vsr_64b411ad3ab4,projective_spatial,at the back of,1,jetson-qwen2.5vl:3b-q4_K_M,NO,0,True,0,57.858,
vsr_aa706a4f4cc5,projective_spatial,behind,1,jetson-qwen2.5vl:3b-q4_K_M,YES,1,True,1,57.565,
vsr_aec0b0ea07c5,projective_spatial,above,1,jetson-qwen2.5vl:3b-q4_K_M,NO,0,True,0,57.612,
vsr_242cde435d92,projective_spatial,beneath,1,jetson-qwen2.5vl:3b-q4_K_M,YES,1,True,1,60.032,
vsr_a2f4adac6076,projective_spatial,right of,1,jetson-qwen2.5vl:3b-q4_K_M,YES,1,True,1,57.617,
vsr_0a67658ca532,projective_spatial,facing,1,jetson-qwen2.5vl:3b-q4_K_M,YES,1,True,1,57.547,
vsr_b7af8db1f411,projective_spatial,beneath,1,jetson-qwen2.5vl:3b-q4_K_M,NO,0,True,0,59.311,
vsr_cbec534ec63b,projective_spatial,facing,1,jetson-qwen2.5vl:3b-q4_K_M,YES,1,True,1,59.307,
vsr_f8686925fcb7,projective_spatial,in front of,1,jetson-qwen2.5vl:3b-q4_K_M,YES,1,True,1,59.269,
vsr_312a5c3d9ad3,projective_spatial,across from,1,jetson-qwen2.5vl:3b-q4_K_M,NO,0,True,0,57.324,
vsr_6bb5c52ad459,projective_spatial,left of,0,jetson-qwen2.5vl:3b-q4_K_M,YES,1,True,0,56.175,
vsr_8c733925c42c,projective_spatial,beneath,1,jetson-qwen2.5vl:3b-q4_K_M,YES,1,True,1,57.599,
vsr_af30578efe8f,projective_spatial,below,1,jetson-qwen2.5vl:3b-q4_K_M,YES,1,True,1,59.563,
vsr_228e542ef8a5,projective_spatial,in front of,0,jetson-qwen2.5vl:3b-q4_K_M,NO,0,True,1,57.76,
vsr_8c39449d3227,projective_spatial,beneath,1,jetson-qwen2.5vl:3b-q4_K_M,YES,1,True,1,58.126,
vsr_bf642d621935,projective_spatial,at the right side of,0,jetson-qwen2.5vl:3b-q4_K_M,NO,0,True,1,59.093,
vsr_9783fe7ae934,projective_spatial,left of,0,jetson-qwen2.5vl:3b-q4_K_M,NO,0,True,1,57.638,
vsr_448b2b067d0a,projective_spatial,under,0,jetson-qwen2.5vl:3b-q4_K_M,NO,0,True,1,57.892,
vsr_0e2e90561153,projective_spatial,in front of,1,jetson-qwen2.5vl:3b-q4_K_M,YES,1,True,1,57.73,
vsr_406b52fc95cc,projective_spatial,facing away from,0,jetson-qwen2.5vl:3b-q4_K_M,YES,1,True,0,57.799,
vsr_7ba02d0021d4,projective_spatial,under,0,jetson-qwen2.5vl:3b-q4_K_M,YES,1,True,0,57.467,
vsr_eaee638a3588,projective_spatial,behind,0,jetson-qwen2.5vl:3b-q4_K_M,NO,0,True,1,57.566,
vsr_7cecc0998206,projective_spatial,ahead of,1,jetson-qwen2.5vl:3b-q4_K_M,YES,1,True,1,57.383,
vsr_8d9326dc68e9,projective_spatial,at the right side of,0,jetson-qwen2.5vl:3b-q4_K_M,YES,1,True,0,59.413,
vsr_b08ea4df5d0a,projective_spatial,at the left side of,1,jetson-qwen2.5vl:3b-q4_K_M,NO,0,True,0,58.423,
vsr_63598eb29d9a,projective_spatial,in front of,0,jetson-qwen2.5vl:3b-q4_K_M,YES,1,True,0,59.518,
vsr_fe40057560fb,projective_spatial,perpendicular to,0,jetson-qwen2.5vl:3b-q4_K_M,NO,0,True,1,59.202,
vsr_7df0be85f0d7,projective_spatial,at the left side of,1,jetson-qwen2.5vl:3b-q4_K_M,YES,1,True,1,57.507,
vsr_8e0c58f6705a,projective_spatial,above,0,jetson-qwen2.5vl:3b-q4_K_M,NO,0,True,1,57.67,
vsr_a54f45c7786f,projective_spatial,in front of,0,jetson-qwen2.5vl:3b-q4_K_M,NO,0,True,1,57.673,
vsr_39d7f29554a6,projective_spatial,facing away from,0,jetson-qwen2.5vl:3b-q4_K_M,NO,0,True,1,58.369,
vsr_fb7e7adae7ed,projective_spatial,left of,1,jetson-qwen2.5vl:3b-q4_K_M,YES,1,True,1,57.926,
vsr_748295a8115d,projective_spatial,on top of,0,jetson-qwen2.5vl:3b-q4_K_M,NO,0,True,1,58.67,
vsr_0984d135bc79,projective_spatial,under,0,jetson-qwen2.5vl:3b-q4_K_M,NO,0,True,1,59.547,
vsr_95049d1776d2,projective_spatial,opposite to,1,jetson-qwen2.5vl:3b-q4_K_M,NO,0,True,0,59.329,
vsr_b870cc716b68,projective_spatial,left of,1,jetson-qwen2.5vl:3b-q4_K_M,YES,1,True,1,58.427,
vsr_74db789637ac,projective_spatial,under,1,jetson-qwen2.5vl:3b-q4_K_M,YES,1,True,1,58.527,
vsr_eb8fc018ba8f,projective_spatial,left of,1,jetson-qwen2.5vl:3b-q4_K_M,NO,0,True,0,57.799,
vsr_888a9f1cb1d7,projective_spatial,behind,1,jetson-qwen2.5vl:3b-q4_K_M,YES,1,True,1,57.553,
vsr_dea20464e99a,projective_spatial,below,1,jetson-qwen2.5vl:3b-q4_K_M,YES,1,True,1,57.242,
vsr_5451dfb4eca0,projective_spatial,at the left side of,1,jetson-qwen2.5vl:3b-q4_K_M,NO,0,True,0,57.392,
vsr_5b5ab5579a0f,projective_spatial,at the left side of,1,jetson-qwen2.5vl:3b-q4_K_M,NO,0,True,0,57.23,
vsr_e44edb30381d,projective_spatial,in front of,1,jetson-qwen2.5vl:3b-q4_K_M,YES,1,True,1,57.058,
vsr_de1a518ef280,projective_spatial,at the back of,0,jetson-qwen2.5vl:3b-q4_K_M,YES,1,True,0,57.573,
vsr_d1e09429daff,projective_spatial,in front of,0,jetson-qwen2.5vl:3b-q4_K_M,NO,0,True,1,59.1,
vsr_17cee62bb2f4,projective_spatial,at the right side of,0,jetson-qwen2.5vl:3b-q4_K_M,NO,0,True,1,60.478,
vsr_9883d874c9aa,projective_spatial,parallel to,1,jetson-qwen2.5vl:3b-q4_K_M,YES,1,True,1,58.432,
vsr_bbbbb598330c,projective_spatial,at the left side of,0,jetson-qwen2.5vl:3b-q4_K_M,YES,1,True,0,60.233,
vsr_9d117ba283d3,projective_spatial,under,1,jetson-qwen2.5vl:3b-q4_K_M,NO,0,True,0,57.282,
vsr_4f19decf8860,projective_spatial,beneath,0,jetson-qwen2.5vl:3b-q4_K_M,NO,0,True,1,58.575,
vsr_4b0b4b48deaa,projective_spatial,right of,1,jetson-qwen2.5vl:3b-q4_K_M,YES,1,True,1,57.166,
vsr_1d10801ac9a6,projective_spatial,right of,1,jetson-qwen2.5vl:3b-q4_K_M,NO,0,True,0,57.602,
vsr_ee4c26665bc7,projective_spatial,at the back of,0,jetson-qwen2.5vl:3b-q4_K_M,NO,0,True,1,59.146,
vsr_1fb0fdeae696,projective_spatial,in front of,0,jetson-qwen2.5vl:3b-q4_K_M,NO,0,True,1,57.409,
vsr_0dcf4ea3b575,projective_spatial,below,0,jetson-qwen2.5vl:3b-q4_K_M,NO,0,True,1,57.911,
vsr_7b90ed4c3c9a,projective_spatial,in front of,1,jetson-qwen2.5vl:3b-q4_K_M,YES,1,True,1,58.678,
vsr_b24d5d69526b,projective_spatial,on top of,1,jetson-qwen2.5vl:3b-q4_K_M,YES,1,True,1,57.306,
vsr_de39c805c10b,projective_spatial,at the left side of,1,jetson-qwen2.5vl:3b-q4_K_M,YES,1,True,1,57.887,
vsr_6cee1da1940e,projective_spatial,behind,1,jetson-qwen2.5vl:3b-q4_K_M,YES,1,True,1,57.995,
vsr_e8cdbc5b6c43,projective_spatial,behind,0,jetson-qwen2.5vl:3b-q4_K_M,NO,0,True,1,58.723,
vsr_86c0d9b0e263,projective_spatial,at the right side of,1,jetson-qwen2.5vl:3b-q4_K_M,NO,0,True,0,58.545,
vsr_a486695000be,projective_spatial,at the right side of,0,jetson-qwen2.5vl:3b-q4_K_M,YES,1,True,0,57.766,
vsr_37741ca34462,projective_spatial,ahead of,0,jetson-qwen2.5vl:3b-q4_K_M,NO,0,True,1,1.168,
vsr_609e282b05eb,projective_spatial,in front of,0,jetson-qwen2.5vl:3b-q4_K_M,NO,0,True,1,59.655,
vsr_149c2cf5537b,projective_spatial,beneath,1,jetson-qwen2.5vl:3b-q4_K_M,YES,1,True,1,56.907,
vsr_172f117f63ee,projective_spatial,above,1,jetson-qwen2.5vl:3b-q4_K_M,YES,1,True,1,59.241,
vsr_4f0e9266eeab,projective_spatial,under,1,jetson-qwen2.5vl:3b-q4_K_M,NO,0,True,0,57.085,
vsr_f5c2caeec394,projective_spatial,at the right side of,0,jetson-qwen2.5vl:3b-q4_K_M,NO,0,True,1,56.799,
vsr_6dfb24ac782c,projective_spatial,behind,1,jetson-qwen2.5vl:3b-q4_K_M,YES,1,True,1,59.136,
vsr_d629426c487a,projective_spatial,in front of,1,jetson-qwen2.5vl:3b-q4_K_M,YES,1,True,1,57.203,
vsr_30c44d824d2e,projective_spatial,at the back of,1,jetson-qwen2.5vl:3b-q4_K_M,YES,1,True,1,59.242,
vsr_bda3be351e83,projective_spatial,above,1,jetson-qwen2.5vl:3b-q4_K_M,YES,1,True,1,58.515,
vsr_d020d6d9c9ca,projective_spatial,above,0,jetson-qwen2.5vl:3b-q4_K_M,NO,0,True,1,109.966,
vsr_db06b0797f71,projective_spatial,in front of,1,jetson-qwen2.5vl:3b-q4_K_M,YES,1,True,1,57.473,
vsr_790d040ba14d,projective_spatial,left of,0,jetson-qwen2.5vl:3b-q4_K_M,YES,1,True,0,58.905,
vsr_eb3d26c5a393,projective_spatial,above,1,jetson-qwen2.5vl:3b-q4_K_M,YES,1,True,1,57.668,
vsr_dcf947c79df6,projective_spatial,in front of,1,jetson-qwen2.5vl:3b-q4_K_M,NO,0,True,0,57.846,
vsr_9d73aa253e6a,projective_spatial,facing,1,jetson-qwen2.5vl:3b-q4_K_M,YES,1,True,1,62.678,
vsr_bdfbd724b416,projective_spatial,in front of,1,jetson-qwen2.5vl:3b-q4_K_M,NO,0,True,0,57.539,
vsr_94d1cd953d11,projective_spatial,at the left side of,1,jetson-qwen2.5vl:3b-q4_K_M,NO,0,True,0,56.175,
vsr_f8c8d9ea2b66,projective_spatial,under,1,jetson-qwen2.5vl:3b-q4_K_M,NO,0,True,0,58.55,
vsr_8390eb309f25,projective_spatial,on top of,0,jetson-qwen2.5vl:3b-q4_K_M,NO,0,True,1,57.479,
vsr_daf8202c2a8f,projective_spatial,left of,0,jetson-qwen2.5vl:3b-q4_K_M,YES,1,True,0,57.509,
vsr_9e2c43567ed7,projective_spatial,behind,1,jetson-qwen2.5vl:3b-q4_K_M,YES,1,True,1,57.065,
vsr_1a219c36f443,projective_spatial,across from,1,jetson-qwen2.5vl:3b-q4_K_M,YES,1,True,1,57.485,
vsr_84624d76e782,projective_spatial,behind,0,jetson-qwen2.5vl:3b-q4_K_M,NO,0,True,1,56.382,
vsr_89b7c55aa0ba,projective_spatial,opposite to,1,jetson-qwen2.5vl:3b-q4_K_M,NO,0,True,0,57.5,
vsr_9bef53b2f7da,projective_spatial,above,0,jetson-qwen2.5vl:3b-q4_K_M,NO,0,True,1,59.037,
vsr_b3594d8f1d4e,projective_spatial,on top of,0,jetson-qwen2.5vl:3b-q4_K_M,NO,0,True,1,56.641,
vsr_e4012a72ba83,projective_spatial,right of,0,jetson-qwen2.5vl:3b-q4_K_M,NO,0,True,1,58.611,
vsr_5120a396876d,projective_spatial,across from,1,jetson-qwen2.5vl:3b-q4_K_M,NO,0,True,0,56.548,
vsr_4a4d95fc639e,projective_spatial,at the right side of,1,jetson-qwen2.5vl:3b-q4_K_M,YES,1,True,1,57.56,
vsr_a2d7828c3cba,projective_spatial,on top of,1,jetson-qwen2.5vl:3b-q4_K_M,YES,1,True,1,60.236,
vsr_70dea806b017,projective_spatial,at the right side of,0,jetson-qwen2.5vl:3b-q4_K_M,NO,0,True,1,57.419,
vsr_607fe3cec90c,projective_spatial,facing,1,jetson-qwen2.5vl:3b-q4_K_M,YES,1,True,1,57.482,
vsr_0c7c9ccaff07,projective_spatial,in front of,0,jetson-qwen2.5vl:3b-q4_K_M,YES,1,True,0,60.108,
vsr_df322564bfb4,projective_spatial,below,0,jetson-qwen2.5vl:3b-q4_K_M,NO,0,True,1,57.94,
vsr_62c607d6472b,projective_spatial,on top of,1,jetson-qwen2.5vl:3b-q4_K_M,YES,1,True,1,57.463,
vsr_fd4f6f6484aa,projective_spatial,left of,0,jetson-qwen2.5vl:3b-q4_K_M,NO,0,True,1,59.212,
vsr_a8e7d3416763,projective_spatial,across from,1,jetson-qwen2.5vl:3b-q4_K_M,NO,0,True,0,58.146,
vsr_64e8659dc1ca,projective_spatial,below,0,jetson-qwen2.5vl:3b-q4_K_M,NO,0,True,1,59.209,
vsr_78ed1f645531,projective_spatial,at the right side of,1,jetson-qwen2.5vl:3b-q4_K_M,YES,1,True,1,57.041,
vsr_73ca048769e7,projective_spatial,behind,0,jetson-qwen2.5vl:3b-q4_K_M,NO,0,True,1,57.617,
vsr_4c0cdeeb2314,projective_spatial,below,1,jetson-qwen2.5vl:3b-q4_K_M,YES,1,True,1,57.192,
vsr_d5377188a931,projective_spatial,at the right side of,0,jetson-qwen2.5vl:3b-q4_K_M,NO,0,True,1,57.084,
vsr_76a8ac20f738,projective_spatial,in front of,0,jetson-qwen2.5vl:3b-q4_K_M,NO,0,True,1,58.967,
vsr_7c116f1950d4,projective_spatial,under,0,jetson-qwen2.5vl:3b-q4_K_M,NO,0,True,1,58.3,
vsr_9a94bf744e2c,projective_spatial,facing,1,jetson-qwen2.5vl:3b-q4_K_M,YES,1,True,1,58.245,
vsr_a51609968bc3,projective_spatial,behind,1,jetson-qwen2.5vl:3b-q4_K_M,NO,0,True,0,57.584,
vsr_dc2eb7bdce92,projective_spatial,on top of,0,jetson-qwen2.5vl:3b-q4_K_M,NO,0,True,1,59.594,
vsr_e6026b620a32,projective_spatial,behind,1,jetson-qwen2.5vl:3b-q4_K_M,YES,1,True,1,57.507,
vsr_eb209e097210,projective_spatial,facing away from,1,jetson-qwen2.5vl:3b-q4_K_M,NO,0,True,0,57.026,
vsr_5d46750b1a0c,projective_spatial,at the right side of,1,jetson-qwen2.5vl:3b-q4_K_M,YES,1,True,1,57.418,
vsr_864903723a8e,projective_spatial,in front of,0,jetson-qwen2.5vl:3b-q4_K_M,YES,1,True,0,57.346,
vsr_a7fd086d1de5,projective_spatial,behind,0,jetson-qwen2.5vl:3b-q4_K_M,NO,0,True,1,57.015,
vsr_5d6a35b68e87,projective_spatial,at the back of,0,jetson-qwen2.5vl:3b-q4_K_M,NO,0,True,1,59.791,
vsr_523080de8c75,projective_spatial,above,1,jetson-qwen2.5vl:3b-q4_K_M,YES,1,True,1,57.023,
vsr_69690fcac941,projective_spatial,in front of,1,jetson-qwen2.5vl:3b-q4_K_M,YES,1,True,1,58.164,
vsr_8aea76b635a5,projective_spatial,at the right side of,0,jetson-qwen2.5vl:3b-q4_K_M,YES,1,True,0,57.434,
vsr_0d011b55d550,projective_spatial,in front of,1,jetson-qwen2.5vl:3b-q4_K_M,YES,1,True,1,56.469,
vsr_3937fd84ff23,projective_spatial,facing,1,jetson-qwen2.5vl:3b-q4_K_M,NO,0,True,0,57.276,
vsr_c16557e6064e,projective_spatial,in front of,0,jetson-qwen2.5vl:3b-q4_K_M,NO,0,True,1,57.505,
vsr_44a4871fdea7,projective_spatial,facing,0,jetson-qwen2.5vl:3b-q4_K_M,NO,0,True,1,57.391,
vsr_c7a8263ea76b,projective_spatial,at the left side of,1,jetson-qwen2.5vl:3b-q4_K_M,NO,0,True,0,57.081,
vsr_984c0dd6087d,projective_spatial,behind,0,jetson-qwen2.5vl:3b-q4_K_M,NO,0,True,1,58.404,
vsr_ed2898fa685e,projective_spatial,at the left side of,0,jetson-qwen2.5vl:3b-q4_K_M,NO,0,True,1,58.404,
vsr_25c837c506b5,projective_spatial,behind,1,jetson-qwen2.5vl:3b-q4_K_M,YES,1,True,1,57.102,
vsr_84a4947a963f,projective_spatial,at the right side of,1,jetson-qwen2.5vl:3b-q4_K_M,NO,0,True,0,59.317,
vsr_d1451c787ee0,projective_spatial,in front of,0,jetson-qwen2.5vl:3b-q4_K_M,NO,0,True,1,57.339,
vsr_c9e83f7b6ba3,projective_spatial,at the right side of,0,jetson-qwen2.5vl:3b-q4_K_M,NO,0,True,1,57.344,
vsr_e8e600b7ee30,projective_spatial,at the left side of,0,jetson-qwen2.5vl:3b-q4_K_M,NO,0,True,1,57.973,
vsr_413dcbd10619,projective_spatial,in front of,1,jetson-qwen2.5vl:3b-q4_K_M,YES,1,True,1,57.324,
vsr_241e47f3f55a,projective_spatial,under,0,jetson-qwen2.5vl:3b-q4_K_M,NO,0,True,1,59.146,
vsr_efbfc1c05509,projective_spatial,in front of,1,jetson-qwen2.5vl:3b-q4_K_M,NO,0,True,0,57.234,
vsr_5c46f12a6556,projective_spatial,on top of,0,jetson-qwen2.5vl:3b-q4_K_M,NO,0,True,1,56.079,
vsr_5a86ae1efa2f,projective_spatial,beneath,1,jetson-qwen2.5vl:3b-q4_K_M,YES,1,True,1,57.631,
vsr_2d67cec357bb,projective_spatial,on top of,1,jetson-qwen2.5vl:3b-q4_K_M,YES,1,True,1,58.4,
vsr_1665bfb34566,projective_spatial,on top of,0,jetson-qwen2.5vl:3b-q4_K_M,YES,1,True,0,57.18,
vsr_807811219a7b,projective_spatial,behind,1,jetson-qwen2.5vl:3b-q4_K_M,YES,1,True,1,57.256,
vsr_852c9afd7744,projective_spatial,behind,1,jetson-qwen2.5vl:3b-q4_K_M,YES,1,True,1,59.048,
vsr_f5ce29242e15,projective_spatial,at the left side of,0,jetson-qwen2.5vl:3b-q4_K_M,NO,0,True,1,58.772,
vsr_62b5df7dcb37,projective_spatial,beneath,1,jetson-qwen2.5vl:3b-q4_K_M,YES,1,True,1,57.426,
vsr_f010f4c872c9,projective_spatial,under,0,jetson-qwen2.5vl:3b-q4_K_M,NO,0,True,1,57.061,
vsr_95aa598199f5,projective_spatial,in front of,0,jetson-qwen2.5vl:3b-q4_K_M,NO,0,True,1,55.966,
vsr_983ff76c7dd0,projective_spatial,behind,1,jetson-qwen2.5vl:3b-q4_K_M,YES,1,True,1,58.858,
vsr_25bad9592217,projective_spatial,in front of,1,jetson-qwen2.5vl:3b-q4_K_M,NO,0,True,0,55.877,
vsr_bbd326dc2087,projective_spatial,in front of,0,jetson-qwen2.5vl:3b-q4_K_M,NO,0,True,1,59.133,
vsr_5c76a46634ee,projective_spatial,in front of,1,jetson-qwen2.5vl:3b-q4_K_M,YES,1,True,1,58.186,
vsr_4502c6a0354a,projective_spatial,at the back of,1,jetson-qwen2.5vl:3b-q4_K_M,NO,0,True,0,59.114,
vsr_7309b8d6e4bb,projective_spatial,at the right side of,1,jetson-qwen2.5vl:3b-q4_K_M,NO,0,True,0,57.144,
vsr_0cafbaefc366,projective_spatial,under,1,jetson-qwen2.5vl:3b-q4_K_M,YES,1,True,1,58.472,
vsr_2fbd33d0b286,projective_spatial,under,0,jetson-qwen2.5vl:3b-q4_K_M,NO,0,True,1,57.053,
vsr_d4f88f36bcde,projective_spatial,below,0,jetson-qwen2.5vl:3b-q4_K_M,YES,1,True,0,110.163,
vsr_a02770681339,projective_spatial,beneath,1,jetson-qwen2.5vl:3b-q4_K_M,YES,1,True,1,57.812,
vsr_7af84ecf1c90,projective_spatial,at the right side of,0,jetson-qwen2.5vl:3b-q4_K_M,NO,0,True,1,59.229,
vsr_f9a9ba98d8c8,projective_spatial,above,1,jetson-qwen2.5vl:3b-q4_K_M,YES,1,True,1,59.048,
vsr_9cbdd0b7cd88,projective_spatial,above,0,jetson-qwen2.5vl:3b-q4_K_M,NO,0,True,1,57.449,
vsr_d69dd5d07f66,projective_spatial,across from,0,jetson-qwen2.5vl:3b-q4_K_M,NO,0,True,1,58.964,
vsr_f0325ad87f82,projective_spatial,at the right side of,1,jetson-qwen2.5vl:3b-q4_K_M,YES,1,True,1,58.167,
vsr_fcaaff25ec0d,projective_spatial,facing,0,jetson-qwen2.5vl:3b-q4_K_M,YES,1,True,0,57.028,
vsr_761c453693f4,projective_spatial,left of,1,jetson-qwen2.5vl:3b-q4_K_M,NO,0,True,0,57.233,
vsr_425e0e0bfef5,projective_spatial,in front of,0,jetson-qwen2.5vl:3b-q4_K_M,NO,0,True,1,55.858,
vsr_20b8631ca425,projective_spatial,at the right side of,1,jetson-qwen2.5vl:3b-q4_K_M,YES,1,True,1,57.277,
vsr_f8f06e49e2d4,projective_spatial,under,1,jetson-qwen2.5vl:3b-q4_K_M,YES,1,True,1,58.022,
vsr_8b3a5ca3d556,projective_spatial,at the left side of,0,jetson-qwen2.5vl:3b-q4_K_M,NO,0,True,1,57.049,
vsr_81ab2b0f6a72,projective_spatial,below,1,jetson-qwen2.5vl:3b-q4_K_M,YES,1,True,1,57.472,
vsr_c3cce26b28ce,projective_spatial,at the right side of,0,jetson-qwen2.5vl:3b-q4_K_M,NO,0,True,1,58.066,
vsr_f31d53fae11a,projective_spatial,left of,0,jetson-qwen2.5vl:3b-q4_K_M,NO,0,True,1,57.141,
vsr_8ac628284f21,projective_spatial,at the right side of,0,jetson-qwen2.5vl:3b-q4_K_M,NO,0,True,1,57.188,
vsr_77c92cd6b47a,projective_spatial,at the right side of,1,jetson-qwen2.5vl:3b-q4_K_M,YES,1,True,1,56.72,
vsr_0a104a2ca26d,projective_spatial,at the back of,0,jetson-qwen2.5vl:3b-q4_K_M,NO,0,True,1,57.204,
vsr_e8949284798f,projective_spatial,below,0,jetson-qwen2.5vl:3b-q4_K_M,NO,0,True,1,57.337,
vsr_4b64790c1de8,projective_spatial,at the left side of,1,jetson-qwen2.5vl:3b-q4_K_M,NO,0,True,0,58.734,
vsr_c4b181d4310a,projective_spatial,at the right side of,0,jetson-qwen2.5vl:3b-q4_K_M,NO,0,True,1,58.786,
vsr_c590f3311998,projective_spatial,in front of,0,jetson-qwen2.5vl:3b-q4_K_M,YES,1,True,0,58.817,
vsr_176d66230541,projective_spatial,behind,1,jetson-qwen2.5vl:3b-q4_K_M,NO,0,True,0,57.084,
vsr_382649d6be41,projective_spatial,facing away from,0,jetson-qwen2.5vl:3b-q4_K_M,NO,0,True,1,57.221,
vsr_85ce07417d36,projective_spatial,in front of,1,jetson-qwen2.5vl:3b-q4_K_M,NO,0,True,0,56.925,
vsr_c268876fb77b,projective_spatial,on top of,0,jetson-qwen2.5vl:3b-q4_K_M,NO,0,True,1,55.677,
vsr_518485fe589c,projective_spatial,on top of,1,jetson-qwen2.5vl:3b-q4_K_M,YES,1,True,1,55.679,
vsr_cad36e9c8713,projective_spatial,right of,1,jetson-qwen2.5vl:3b-q4_K_M,YES,1,True,1,58.23,
vsr_696abdc146c7,projective_spatial,on top of,0,jetson-qwen2.5vl:3b-q4_K_M,NO,0,True,1,56.992,
vsr_8c24c9474927,projective_spatial,parallel to,0,jetson-qwen2.5vl:3b-q4_K_M,YES,1,True,0,59.028,
vsr_42fd2087f2c9,projective_spatial,under,0,jetson-qwen2.5vl:3b-q4_K_M,NO,0,True,1,57.989,
vsr_5b667eaa2f33,projective_spatial,facing,0,jetson-qwen2.5vl:3b-q4_K_M,NO,0,True,1,56.418,
vsr_212377f8661c,projective_spatial,facing away from,1,jetson-qwen2.5vl:3b-q4_K_M,NO,0,True,0,56.997,
vsr_71c430101c33,projective_spatial,below,0,jetson-qwen2.5vl:3b-q4_K_M,NO,0,True,1,57.362,
vsr_30b234f513b8,projective_spatial,at the left side of,1,jetson-qwen2.5vl:3b-q4_K_M,YES,1,True,1,57.149,
vsr_b7f8cf80281f,projective_spatial,on top of,1,jetson-qwen2.5vl:3b-q4_K_M,YES,1,True,1,56.846,
vsr_15039ba5aa8d,projective_spatial,behind,1,jetson-qwen2.5vl:3b-q4_K_M,NO,0,True,0,58.713,
vsr_9631811efec1,projective_spatial,at the left side of,0,jetson-qwen2.5vl:3b-q4_K_M,NO,0,True,1,56.795,
vsr_87308fb87549,projective_spatial,in front of,1,jetson-qwen2.5vl:3b-q4_K_M,NO,0,True,0,58.789,
vsr_7bd1dbf595bd,projective_spatial,above,0,jetson-qwen2.5vl:3b-q4_K_M,NO,0,True,1,58.852,
vsr_45d4cf739029,projective_spatial,on top of,0,jetson-qwen2.5vl:3b-q4_K_M,NO,0,True,1,56.844,
vsr_134a85811b2f,projective_spatial,facing,0,jetson-qwen2.5vl:3b-q4_K_M,NO,0,True,1,57.691,
vsr_1a1ebcd65343,projective_spatial,above,1,jetson-qwen2.5vl:3b-q4_K_M,YES,1,True,1,59.007,
vsr_61fd881df3d3,projective_spatial,on top of,0,jetson-qwen2.5vl:3b-q4_K_M,NO,0,True,1,58.783,
vsr_5a9d50f53478,projective_spatial,on top of,0,jetson-qwen2.5vl:3b-q4_K_M,NO,0,True,1,58.095,
vsr_1cbbb850835f,projective_spatial,on top of,1,jetson-qwen2.5vl:3b-q4_K_M,YES,1,True,1,57.32,
vsr_b92e831a9a6b,projective_spatial,in front of,1,jetson-qwen2.5vl:3b-q4_K_M,YES,1,True,1,57.086,
vsr_8ce6b6b68d0b,projective_spatial,behind,0,jetson-qwen2.5vl:3b-q4_K_M,NO,0,True,1,57.175,
vsr_a787d1fe88b4,projective_spatial,at the left side of,1,jetson-qwen2.5vl:3b-q4_K_M,NO,0,True,0,57.291,
vsr_674ff7038146,projective_spatial,on top of,1,jetson-qwen2.5vl:3b-q4_K_M,YES,1,True,1,58.046,
vsr_5568419ca233,projective_spatial,behind,1,jetson-qwen2.5vl:3b-q4_K_M,YES,1,True,1,57.411,
vsr_0137c7f36576,projective_spatial,at the right side of,1,jetson-qwen2.5vl:3b-q4_K_M,YES,1,True,1,55.698,
vsr_2810981e304f,projective_spatial,facing away from,1,jetson-qwen2.5vl:3b-q4_K_M,NO,0,True,0,59.251,
vsr_ae2903f7bcdf,projective_spatial,below,1,jetson-qwen2.5vl:3b-q4_K_M,YES,1,True,1,55.824,
vsr_6c6d6a6f4639,projective_spatial,below,1,jetson-qwen2.5vl:3b-q4_K_M,YES,1,True,1,58.905,
vsr_df2c849183d4,projective_spatial,above,1,jetson-qwen2.5vl:3b-q4_K_M,NO,0,True,0,57.076,
vsr_792d33cf08a9,projective_spatial,behind,1,jetson-qwen2.5vl:3b-q4_K_M,YES,1,True,1,57.377,
vsr_76bd4485b62e,projective_spatial,above,1,jetson-qwen2.5vl:3b-q4_K_M,NO,0,True,0,57.489,
vsr_6b51c5bd6425,projective_spatial,on top of,0,jetson-qwen2.5vl:3b-q4_K_M,NO,0,True,1,57.527,
vsr_cb1cf8fe1f89,projective_spatial,on top of,0,jetson-qwen2.5vl:3b-q4_K_M,NO,0,True,1,58.787,
vsr_63ec56ffc648,projective_spatial,above,1,jetson-qwen2.5vl:3b-q4_K_M,NO,0,True,0,57.151,
vsr_1afb80f2a553,projective_spatial,at the left side of,1,jetson-qwen2.5vl:3b-q4_K_M,YES,1,True,1,57.635,
vsr_64f2a707f9a8,projective_spatial,below,1,jetson-qwen2.5vl:3b-q4_K_M,YES,1,True,1,59.242,
vsr_977cf8a61d2a,projective_spatial,in front of,1,jetson-qwen2.5vl:3b-q4_K_M,YES,1,True,1,59.749,
vsr_80758b0ce9a0,projective_spatial,right of,0,jetson-qwen2.5vl:3b-q4_K_M,YES,1,True,0,56.935,
vsr_b17ccec7f2a3,projective_spatial,above,1,jetson-qwen2.5vl:3b-q4_K_M,YES,1,True,1,57.5,
vsr_16541fff623c,projective_spatial,facing,0,jetson-qwen2.5vl:3b-q4_K_M,NO,0,True,1,57.267,
vsr_cb967a254d2a,projective_spatial,toward,1,jetson-qwen2.5vl:3b-q4_K_M,NO,0,True,0,59.288,
vsr_7e6e1a2bfac0,projective_spatial,in front of,0,jetson-qwen2.5vl:3b-q4_K_M,YES,1,True,0,58.179,
vsr_5641b2e0a187,projective_spatial,on top of,1,jetson-qwen2.5vl:3b-q4_K_M,YES,1,True,1,57.278,
vsr_cd50024d0000,projective_spatial,in front of,0,jetson-qwen2.5vl:3b-q4_K_M,NO,0,True,1,58.064,
vsr_f35fa0fb1d30,projective_spatial,on top of,0,jetson-qwen2.5vl:3b-q4_K_M,NO,0,True,1,59.002,
vsr_095f8b3ed54d,projective_spatial,in front of,1,jetson-qwen2.5vl:3b-q4_K_M,NO,0,True,0,57.244,
vsr_33c3e61fa983,projective_spatial,right of,1,jetson-qwen2.5vl:3b-q4_K_M,YES,1,True,1,59.451,
vsr_22dde3bb36ba,projective_spatial,at the back of,1,jetson-qwen2.5vl:3b-q4_K_M,YES,1,True,1,59.523,
vsr_3b6d5798a361,projective_spatial,facing,1,jetson-qwen2.5vl:3b-q4_K_M,NO,0,True,0,57.284,
vsr_ba2e09e62444,projective_spatial,behind,0,jetson-qwen2.5vl:3b-q4_K_M,NO,0,True,1,56.908,
vsr_16d6eefc2a05,projective_spatial,in front of,0,jetson-qwen2.5vl:3b-q4_K_M,NO,0,True,1,57.59,
vsr_d94a62917461,projective_spatial,under,0,jetson-qwen2.5vl:3b-q4_K_M,NO,0,True,1,57.836,
vsr_f76f6de1392e,projective_spatial,behind,1,jetson-qwen2.5vl:3b-q4_K_M,YES,1,True,1,112.018,
vsr_34322092756c,projective_spatial,at the right side of,1,jetson-qwen2.5vl:3b-q4_K_M,NO,0,True,0,58.789,
vsr_69f3f8c19152,projective_spatial,under,0,jetson-qwen2.5vl:3b-q4_K_M,YES,1,True,0,57.43,
vsr_be4a1354bfeb,projective_spatial,across from,1,jetson-qwen2.5vl:3b-q4_K_M,NO,0,True,0,56.499,
vsr_ccf60904763e,projective_spatial,above,0,jetson-qwen2.5vl:3b-q4_K_M,NO,0,True,1,57.603,
vsr_6523359244ea,projective_spatial,left of,0,jetson-qwen2.5vl:3b-q4_K_M,NO,0,True,1,57.455,
vsr_c8bebc70532c,projective_spatial,on top of,1,jetson-qwen2.5vl:3b-q4_K_M,YES,1,True,1,57.604,
vsr_0b798c5b7388,projective_spatial,in front of,1,jetson-qwen2.5vl:3b-q4_K_M,NO,0,True,0,59.174,
vsr_448a2480914d,projective_spatial,across from,1,jetson-qwen2.5vl:3b-q4_K_M,YES,1,True,1,59.018,
vsr_a119673c4512,projective_spatial,on top of,1,jetson-qwen2.5vl:3b-q4_K_M,YES,1,True,1,57.151,
vsr_29650cd72ef8,projective_spatial,under,1,jetson-qwen2.5vl:3b-q4_K_M,NO,0,True,0,57.564,
vsr_4f55851845ad,projective_spatial,facing,0,jetson-qwen2.5vl:3b-q4_K_M,NO,0,True,1,57.495,
vsr_fd164864f03a,projective_spatial,left of,0,jetson-qwen2.5vl:3b-q4_K_M,NO,0,True,1,58.829,
vsr_67ce378b4371,projective_spatial,left of,0,jetson-qwen2.5vl:3b-q4_K_M,NO,0,True,1,58.249,
vsr_13519dbfc97a,projective_spatial,in front of,1,jetson-qwen2.5vl:3b-q4_K_M,YES,1,True,1,56.015,
vsr_179a6ac687a6,projective_spatial,above,0,jetson-qwen2.5vl:3b-q4_K_M,NO,0,True,1,57.649,
vsr_a0e0346e6ed6,projective_spatial,under,1,jetson-qwen2.5vl:3b-q4_K_M,YES,1,True,1,59.439,
vsr_02e5863b9b2c,projective_spatial,at the left side of,0,jetson-qwen2.5vl:3b-q4_K_M,NO,0,True,1,57.192,
vsr_8ff2d20d0bbb,projective_spatial,at the right side of,1,jetson-qwen2.5vl:3b-q4_K_M,YES,1,True,1,57.241,
vsr_d03fcb670f10,projective_spatial,at the back of,0,jetson-qwen2.5vl:3b-q4_K_M,NO,0,True,1,59.529,
vsr_d22ae1469292,projective_spatial,in front of,0,jetson-qwen2.5vl:3b-q4_K_M,YES,1,True,0,58.974,
vsr_2aabb15dbde0,projective_spatial,in front of,1,jetson-qwen2.5vl:3b-q4_K_M,YES,1,True,1,57.261,
vsr_12bba4e38fe6,projective_spatial,on top of,1,jetson-qwen2.5vl:3b-q4_K_M,YES,1,True,1,58.28,
vsr_04bdfee725f3,projective_spatial,at the left side of,0,jetson-qwen2.5vl:3b-q4_K_M,NO,0,True,1,64.071,
vsr_acacde239614,projective_spatial,at the right side of,1,jetson-qwen2.5vl:3b-q4_K_M,YES,1,True,1,63.711,
vsr_85c3f5e63230,projective_spatial,below,1,jetson-qwen2.5vl:3b-q4_K_M,YES,1,True,1,61.597,
vsr_738b1ad51833,projective_spatial,behind,0,jetson-qwen2.5vl:3b-q4_K_M,NO,0,True,1,62.451,
vsr_f20be046ba15,projective_spatial,left of,1,jetson-qwen2.5vl:3b-q4_K_M,YES,1,True,1,63.737,
vsr_7efebb0bb692,projective_spatial,at the left side of,1,jetson-qwen2.5vl:3b-q4_K_M,NO,0,True,0,62.569,
vsr_de9df45908d3,projective_spatial,above,0,jetson-qwen2.5vl:3b-q4_K_M,NO,0,True,1,62.305,
vsr_85cf0fbe8de3,projective_spatial,on top of,0,jetson-qwen2.5vl:3b-q4_K_M,NO,0,True,1,63.903,
vsr_9a00c05d005a,projective_spatial,on top of,0,jetson-qwen2.5vl:3b-q4_K_M,YES,1,True,0,64.858,
vsr_5dfe800336bf,projective_spatial,behind,0,jetson-qwen2.5vl:3b-q4_K_M,NO,0,True,1,64.172,
vsr_a5e02405a162,projective_spatial,on top of,1,jetson-qwen2.5vl:3b-q4_K_M,YES,1,True,1,62.765,
vsr_e9e84da9b4e7,projective_spatial,ahead of,0,jetson-qwen2.5vl:3b-q4_K_M,NO,0,True,1,62.308,
vsr_14240e2de809,projective_spatial,beneath,1,jetson-qwen2.5vl:3b-q4_K_M,YES,1,True,1,63.907,
vsr_a62eafa91e67,projective_spatial,behind,1,jetson-qwen2.5vl:3b-q4_K_M,NO,0,True,0,62.471,
vsr_61fdc612439e,projective_spatial,at the left side of,0,jetson-qwen2.5vl:3b-q4_K_M,NO,0,True,1,62.469,
vsr_18a071b768b3,projective_spatial,in front of,0,jetson-qwen2.5vl:3b-q4_K_M,NO,0,True,1,62.533,
vsr_44e0c756b858,projective_spatial,at the right side of,1,jetson-qwen2.5vl:3b-q4_K_M,YES,1,True,1,59.7,
vsr_b89c00b86568,projective_spatial,in front of,1,jetson-qwen2.5vl:3b-q4_K_M,YES,1,True,1,59.104,
vsr_a7139ea38776,projective_spatial,in front of,1,jetson-qwen2.5vl:3b-q4_K_M,YES,1,True,1,56.753,
vsr_738c606b62ae,projective_spatial,beneath,0,jetson-qwen2.5vl:3b-q4_K_M,NO,0,True,1,57.694,
vsr_1b6dee432563,projective_spatial,facing away from,0,jetson-qwen2.5vl:3b-q4_K_M,NO,0,True,1,57.137,
vsr_3037b3fec90d,projective_spatial,at the right side of,0,jetson-qwen2.5vl:3b-q4_K_M,NO,0,True,1,57.302,
vsr_13d4123f8f08,projective_spatial,below,1,jetson-qwen2.5vl:3b-q4_K_M,YES,1,True,1,58.17,
vsr_913ac91df9ef,projective_spatial,on top of,0,jetson-qwen2.5vl:3b-q4_K_M,NO,0,True,1,57.192,
vsr_c7851274a7f4,projective_spatial,behind,0,jetson-qwen2.5vl:3b-q4_K_M,NO,0,True,1,57.231,
vsr_858766811a1e,projective_spatial,above,1,jetson-qwen2.5vl:3b-q4_K_M,YES,1,True,1,57.565,
vsr_acf4b10c2587,projective_spatial,at the back of,1,jetson-qwen2.5vl:3b-q4_K_M,YES,1,True,1,55.649,
vsr_33397ed5f492,projective_spatial,perpendicular to,0,jetson-qwen2.5vl:3b-q4_K_M,NO,0,True,1,55.89,
vsr_8b1f20b80734,projective_spatial,at the left side of,1,jetson-qwen2.5vl:3b-q4_K_M,YES,1,True,1,58.801,
vsr_619c918efbce,projective_spatial,at the right side of,1,jetson-qwen2.5vl:3b-q4_K_M,YES,1,True,1,56.936,
vsr_a873d55f642f,projective_spatial,at the back of,1,jetson-qwen2.5vl:3b-q4_K_M,NO,0,True,0,58.177,
vsr_8389a06cdec2,projective_spatial,above,1,jetson-qwen2.5vl:3b-q4_K_M,YES,1,True,1,57.516,
vsr_0faa02d695e9,projective_spatial,behind,1,jetson-qwen2.5vl:3b-q4_K_M,YES,1,True,1,57.241,
vsr_f8f41654f696,projective_spatial,facing,1,jetson-qwen2.5vl:3b-q4_K_M,YES,1,True,1,58.65,
vsr_08c432a35904,projective_spatial,above,0,jetson-qwen2.5vl:3b-q4_K_M,NO,0,True,1,58.694,
vsr_f87c536cb752,projective_spatial,at the left side of,1,jetson-qwen2.5vl:3b-q4_K_M,YES,1,True,1,57.068,
vsr_6389c14806e1,projective_spatial,in front of,1,jetson-qwen2.5vl:3b-q4_K_M,YES,1,True,1,58.843,
vsr_c87e512a7e6f,projective_spatial,under,0,jetson-qwen2.5vl:3b-q4_K_M,NO,0,True,1,57.338,
vsr_823315081480,projective_spatial,in front of,0,jetson-qwen2.5vl:3b-q4_K_M,NO,0,True,1,59.023,
vsr_cf4345e49dc4,projective_spatial,facing away from,1,jetson-qwen2.5vl:3b-q4_K_M,NO,0,True,0,59.215,
vsr_ac829b2ab867,projective_spatial,above,0,jetson-qwen2.5vl:3b-q4_K_M,YES,1,True,0,57.61,
vsr_8c78339c1ac7,projective_spatial,in front of,1,jetson-qwen2.5vl:3b-q4_K_M,YES,1,True,1,57.293,
vsr_ed0acdf652a1,projective_spatial,on top of,0,jetson-qwen2.5vl:3b-q4_K_M,NO,0,True,1,57.158,
vsr_b5adab15f38a,projective_spatial,in front of,1,jetson-qwen2.5vl:3b-q4_K_M,YES,1,True,1,59.154,
vsr_dfe0a4baf0eb,projective_spatial,under,1,jetson-qwen2.5vl:3b-q4_K_M,YES,1,True,1,58.531,
vsr_8adc9feda1b5,projective_spatial,at the right side of,1,jetson-qwen2.5vl:3b-q4_K_M,YES,1,True,1,58.344,
vsr_2294f152a59e,projective_spatial,left of,0,jetson-qwen2.5vl:3b-q4_K_M,YES,1,True,0,57.988,
vsr_14e132a72de1,projective_spatial,on top of,0,jetson-qwen2.5vl:3b-q4_K_M,NO,0,True,1,59.125,
vsr_436be630eb33,projective_spatial,at the left side of,0,jetson-qwen2.5vl:3b-q4_K_M,NO,0,True,1,58.907,
vsr_d388b8cb9273,projective_spatial,on top of,0,jetson-qwen2.5vl:3b-q4_K_M,NO,0,True,1,57.385,
vsr_80a26e892bcf,projective_spatial,facing,0,jetson-qwen2.5vl:3b-q4_K_M,YES,1,True,0,57.71,
vsr_74d2dfdf9fc4,projective_spatial,in front of,1,jetson-qwen2.5vl:3b-q4_K_M,NO,0,True,0,56.241,
vsr_7a7b11512766,projective_spatial,facing away from,1,jetson-qwen2.5vl:3b-q4_K_M,NO,0,True,0,56.8,
vsr_6c15cbeb265c,projective_spatial,in front of,0,jetson-qwen2.5vl:3b-q4_K_M,NO,0,True,1,57.756,
vsr_a48457d54aeb,projective_spatial,under,1,jetson-qwen2.5vl:3b-q4_K_M,YES,1,True,1,57.764,
vsr_27890b157f9d,projective_spatial,on top of,1,jetson-qwen2.5vl:3b-q4_K_M,YES,1,True,1,58.232,
vsr_7a8532fc978f,projective_spatial,under,1,jetson-qwen2.5vl:3b-q4_K_M,YES,1,True,1,57.496,
vsr_609bc354d93e,projective_spatial,facing,0,jetson-qwen2.5vl:3b-q4_K_M,YES,1,True,0,111.937,
vsr_a5640cfdd49b,projective_spatial,above,0,jetson-qwen2.5vl:3b-q4_K_M,NO,0,True,1,59.096,
vsr_003f68f6d8f1,projective_spatial,below,1,jetson-qwen2.5vl:3b-q4_K_M,YES,1,True,1,57.616,
vsr_02ef802edb54,projective_spatial,behind,1,jetson-qwen2.5vl:3b-q4_K_M,YES,1,True,1,59.118,
vsr_6402dd4ee3e7,projective_spatial,below,1,jetson-qwen2.5vl:3b-q4_K_M,YES,1,True,1,57.681,
vsr_83e019ee8667,projective_spatial,in front of,0,jetson-qwen2.5vl:3b-q4_K_M,YES,1,True,0,59.022,
vsr_61f7abfa6bd6,projective_spatial,under,1,jetson-qwen2.5vl:3b-q4_K_M,NO,0,True,0,57.568,
vsr_46215b427cb3,projective_spatial,at the left side of,1,jetson-qwen2.5vl:3b-q4_K_M,NO,0,True,0,57.413,
vsr_3768b510b2a8,projective_spatial,beneath,0,jetson-qwen2.5vl:3b-q4_K_M,NO,0,True,1,59.461,
vsr_eb88be70ba86,projective_spatial,beneath,0,jetson-qwen2.5vl:3b-q4_K_M,NO,0,True,1,56.253,
vsr_6e382455c97d,projective_spatial,at the left side of,1,jetson-qwen2.5vl:3b-q4_K_M,YES,1,True,1,57.045,
vsr_507e456bda97,projective_spatial,above,1,jetson-qwen2.5vl:3b-q4_K_M,NO,0,True,0,57.139,
vsr_08105549edf4,projective_spatial,on top of,0,jetson-qwen2.5vl:3b-q4_K_M,NO,0,True,1,59.475,
vsr_1eafa7d7ffda,projective_spatial,on top of,0,jetson-qwen2.5vl:3b-q4_K_M,YES,1,True,0,58.87,
vsr_092a6d3e1a89,projective_spatial,under,1,jetson-qwen2.5vl:3b-q4_K_M,YES,1,True,1,57.524,
vsr_856bff03c156,projective_spatial,at the right side of,1,jetson-qwen2.5vl:3b-q4_K_M,YES,1,True,1,58.417,
vsr_864fe77af5be,projective_spatial,left of,1,jetson-qwen2.5vl:3b-q4_K_M,NO,0,True,0,59.326,
vsr_06fa874e7ed3,projective_spatial,facing,0,jetson-qwen2.5vl:3b-q4_K_M,NO,0,True,1,57.295,
vsr_530286dae1db,projective_spatial,beneath,1,jetson-qwen2.5vl:3b-q4_K_M,YES,1,True,1,58.99,
vsr_c6cf14f8938c,projective_spatial,at the right side of,1,jetson-qwen2.5vl:3b-q4_K_M,NO,0,True,0,57.493,
vsr_94ee72cc7fe3,projective_spatial,under,1,jetson-qwen2.5vl:3b-q4_K_M,YES,1,True,1,57.571,
vsr_f585af4b4974,projective_spatial,in front of,0,jetson-qwen2.5vl:3b-q4_K_M,NO,0,True,1,58.586,
vsr_e9840d5cec82,projective_spatial,facing away from,0,jetson-qwen2.5vl:3b-q4_K_M,NO,0,True,1,58.182,
vsr_efd6ae351d1a,projective_spatial,beneath,0,jetson-qwen2.5vl:3b-q4_K_M,NO,0,True,1,57.585,
vsr_a8d3e23851ae,projective_spatial,at the right side of,0,jetson-qwen2.5vl:3b-q4_K_M,NO,0,True,1,58.968,
vsr_743c5627fc5c,projective_spatial,below,1,jetson-qwen2.5vl:3b-q4_K_M,YES,1,True,1,59.386,
vsr_27779499d5a5,projective_spatial,beneath,1,jetson-qwen2.5vl:3b-q4_K_M,NO,0,True,0,59.473,
vsr_6b3087eb0c2f,projective_spatial,at the right side of,0,jetson-qwen2.5vl:3b-q4_K_M,NO,0,True,1,57.467,
vsr_cf9bb61c9214,projective_spatial,parallel to,0,jetson-qwen2.5vl:3b-q4_K_M,NO,0,True,1,59.023,
vsr_0c1b0cc6480d,projective_spatial,on top of,0,jetson-qwen2.5vl:3b-q4_K_M,NO,0,True,1,55.96,
vsr_3d2437a68d98,projective_spatial,under,0,jetson-qwen2.5vl:3b-q4_K_M,NO,0,True,1,57.551,
vsr_3f5a9271aef5,projective_spatial,below,0,jetson-qwen2.5vl:3b-q4_K_M,NO,0,True,1,60.02,
vsr_743c0401956c,projective_spatial,behind,0,jetson-qwen2.5vl:3b-q4_K_M,NO,0,True,1,59.262,
vsr_a5c72b777534,projective_spatial,above,1,jetson-qwen2.5vl:3b-q4_K_M,YES,1,True,1,59.047,
vsr_bfb2bb02de64,projective_spatial,above,1,jetson-qwen2.5vl:3b-q4_K_M,NO,0,True,0,57.415,
vsr_950d0e3c985e,projective_spatial,right of,0,jetson-qwen2.5vl:3b-q4_K_M,NO,0,True,1,57.106,
vsr_91fa0ee48512,projective_spatial,at the back of,1,jetson-qwen2.5vl:3b-q4_K_M,NO,0,True,0,56.847,
vsr_abc2ae032d99,projective_spatial,beneath,1,jetson-qwen2.5vl:3b-q4_K_M,YES,1,True,1,57.129,
vsr_a929b351e8e1,projective_spatial,under,0,jetson-qwen2.5vl:3b-q4_K_M,NO,0,True,1,58.585,
vsr_8401af65e3eb,projective_spatial,behind,1,jetson-qwen2.5vl:3b-q4_K_M,YES,1,True,1,56.814,
vsr_9ca724363353,projective_spatial,left of,1,jetson-qwen2.5vl:3b-q4_K_M,YES,1,True,1,57.143,
vsr_91858a3b8664,projective_spatial,in front of,0,jetson-qwen2.5vl:3b-q4_K_M,YES,1,True,0,57.745,
vsr_34d2958dbc33,projective_spatial,at the left side of,0,jetson-qwen2.5vl:3b-q4_K_M,NO,0,True,1,56.509,
vsr_1227cedd06be,projective_spatial,above,0,jetson-qwen2.5vl:3b-q4_K_M,NO,0,True,1,58.719,
vsr_49567937ae75,projective_spatial,facing,1,jetson-qwen2.5vl:3b-q4_K_M,YES,1,True,1,65.515,
vsr_edfde1233916,projective_spatial,left of,0,jetson-qwen2.5vl:3b-q4_K_M,NO,0,True,1,57.077,
vsr_63222f3a4081,projective_spatial,under,0,jetson-qwen2.5vl:3b-q4_K_M,NO,0,True,1,58.859,
vsr_761ba5f90b39,projective_spatial,at the right side of,0,jetson-qwen2.5vl:3b-q4_K_M,NO,0,True,1,57.871,
vsr_e872dab45ff9,projective_spatial,at the right side of,0,jetson-qwen2.5vl:3b-q4_K_M,NO,0,True,1,57.104,
vsr_b866896b567d,projective_spatial,at the right side of,1,jetson-qwen2.5vl:3b-q4_K_M,YES,1,True,1,58.182,
vsr_04a03b8ba45d,projective_spatial,on top of,1,jetson-qwen2.5vl:3b-q4_K_M,YES,1,True,1,56.949,
vsr_df94a7e5500f,projective_spatial,under,0,jetson-qwen2.5vl:3b-q4_K_M,NO,0,True,1,56.778,
vsr_b591ec6b160c,projective_spatial,above,1,jetson-qwen2.5vl:3b-q4_K_M,YES,1,True,1,57.283,
vsr_b698e2c54ad1,projective_spatial,over,0,jetson-qwen2.5vl:3b-q4_K_M,NO,0,True,1,57.277,
vsr_57c1ad0c1a60,projective_spatial,at the left side of,0,jetson-qwen2.5vl:3b-q4_K_M,NO,0,True,1,58.959,
vsr_cad26d90ec41,projective_spatial,above,1,jetson-qwen2.5vl:3b-q4_K_M,YES,1,True,1,55.793,
vsr_8c2306cec46c,projective_spatial,below,1,jetson-qwen2.5vl:3b-q4_K_M,NO,0,True,0,57.309,
vsr_5713825bf8c3,projective_spatial,in front of,0,jetson-qwen2.5vl:3b-q4_K_M,NO,0,True,1,59.191,
vsr_35bb9d631c65,projective_spatial,above,1,jetson-qwen2.5vl:3b-q4_K_M,YES,1,True,1,57.122,
vsr_9e1491e98686,projective_spatial,at the left side of,0,jetson-qwen2.5vl:3b-q4_K_M,NO,0,True,1,59.026,
vsr_7caf6cdcbaad,projective_spatial,beneath,1,jetson-qwen2.5vl:3b-q4_K_M,YES,1,True,1,58.43,
vsr_b498cbb6616b,projective_spatial,behind,0,jetson-qwen2.5vl:3b-q4_K_M,NO,0,True,1,56.933,
vsr_daf5beafa43a,projective_spatial,behind,0,jetson-qwen2.5vl:3b-q4_K_M,NO,0,True,1,57.213,
vsr_a7b64eae3a6b,projective_spatial,behind,1,jetson-qwen2.5vl:3b-q4_K_M,YES,1,True,1,57.632,
vsr_95faf336faa5,projective_spatial,above,0,jetson-qwen2.5vl:3b-q4_K_M,NO,0,True,1,57.3,
vsr_83a31d2d5ddb,projective_spatial,left of,1,jetson-qwen2.5vl:3b-q4_K_M,YES,1,True,1,57.175,
vsr_e38b14ff6770,projective_spatial,toward,1,jetson-qwen2.5vl:3b-q4_K_M,NO,0,True,0,57.946,
vsr_13ced4cd4370,projective_spatial,in front of,1,jetson-qwen2.5vl:3b-q4_K_M,YES,1,True,1,57.352,
vsr_112630080a56,projective_spatial,at the left side of,0,jetson-qwen2.5vl:3b-q4_K_M,NO,0,True,1,57.134,
vsr_53209825fbf2,projective_spatial,in front of,1,jetson-qwen2.5vl:3b-q4_K_M,YES,1,True,1,57.021,
vsr_50a471666610,projective_spatial,parallel to,0,jetson-qwen2.5vl:3b-q4_K_M,YES,1,True,0,56.921,
vsr_1f8f27d36c89,projective_spatial,behind,1,jetson-qwen2.5vl:3b-q4_K_M,NO,0,True,0,55.779,
vsr_9a5fe52037f3,projective_spatial,above,1,jetson-qwen2.5vl:3b-q4_K_M,YES,1,True,1,59.033,
vsr_f69d4cb9053e,projective_spatial,in front of,0,jetson-qwen2.5vl:3b-q4_K_M,NO,0,True,1,57.967,
vsr_d57bced87bfe,projective_spatial,in front of,0,jetson-qwen2.5vl:3b-q4_K_M,NO,0,True,1,55.802,
vsr_90ef408b3d1a,projective_spatial,toward,1,jetson-qwen2.5vl:3b-q4_K_M,NO,0,True,0,56.626,
vsr_7ecc8dc41da3,projective_spatial,on top of,1,jetson-qwen2.5vl:3b-q4_K_M,YES,1,True,1,56.968,
vsr_e6d2bb391cda,projective_spatial,on top of,0,jetson-qwen2.5vl:3b-q4_K_M,NO,0,True,1,57.455,
vsr_00829cd23117,projective_spatial,at the left side of,1,jetson-qwen2.5vl:3b-q4_K_M,NO,0,True,0,57.122,
vsr_d8fb293d0870,projective_spatial,on top of,1,jetson-qwen2.5vl:3b-q4_K_M,YES,1,True,1,58.908,
vsr_20679b9300bb,projective_spatial,behind,0,jetson-qwen2.5vl:3b-q4_K_M,NO,0,True,1,111.19,
vsr_cd474ce82f14,projective_spatial,in front of,0,jetson-qwen2.5vl:3b-q4_K_M,NO,0,True,1,57.605,
vsr_948e78cab04c,projective_spatial,at the right side of,1,jetson-qwen2.5vl:3b-q4_K_M,YES,1,True,1,58.336,
vsr_9136059dd825,projective_spatial,at the left side of,0,jetson-qwen2.5vl:3b-q4_K_M,NO,0,True,1,57.73,
vsr_7e60af095407,projective_spatial,in front of,0,jetson-qwen2.5vl:3b-q4_K_M,NO,0,True,1,58.853,
vsr_3569796e310e,projective_spatial,behind,0,jetson-qwen2.5vl:3b-q4_K_M,NO,0,True,1,57.391,
vsr_496447634c50,projective_spatial,at the left side of,1,jetson-qwen2.5vl:3b-q4_K_M,YES,1,True,1,57.481,
vsr_85e00e26dd73,projective_spatial,facing,0,jetson-qwen2.5vl:3b-q4_K_M,YES,1,True,0,58.708,
vsr_8526d44c5192,projective_spatial,at the left side of,1,jetson-qwen2.5vl:3b-q4_K_M,NO,0,True,0,57.66,
vsr_5fd32ac2fd7e,projective_spatial,facing away from,1,jetson-qwen2.5vl:3b-q4_K_M,NO,0,True,0,57.26,
vsr_d35a8c43ea78,projective_spatial,facing,0,jetson-qwen2.5vl:3b-q4_K_M,NO,0,True,1,57.608,
vsr_7141d17c8ee1,projective_spatial,under,0,jetson-qwen2.5vl:3b-q4_K_M,NO,0,True,1,57.521,
vsr_ab5c53501dfe,projective_spatial,parallel to,1,jetson-qwen2.5vl:3b-q4_K_M,YES,1,True,1,57.235,
vsr_17d02b2e1c0a,projective_spatial,right of,0,jetson-qwen2.5vl:3b-q4_K_M,NO,0,True,1,57.179,
vsr_ba70e4160e18,projective_spatial,under,1,jetson-qwen2.5vl:3b-q4_K_M,YES,1,True,1,57.334,
vsr_187baf73eabb,projective_spatial,beneath,1,jetson-qwen2.5vl:3b-q4_K_M,YES,1,True,1,57.478,
vsr_56ce5c4e9c51,projective_spatial,behind,1,jetson-qwen2.5vl:3b-q4_K_M,NO,0,True,0,58.154,
vsr_605eeb454180,projective_spatial,at the left side of,1,jetson-qwen2.5vl:3b-q4_K_M,YES,1,True,1,58.181,
vsr_c59f78bf3f40,projective_spatial,on top of,1,jetson-qwen2.5vl:3b-q4_K_M,NO,0,True,0,58.858,
vsr_166dad5eb575,projective_spatial,in front of,0,jetson-qwen2.5vl:3b-q4_K_M,NO,0,True,1,57.339,
vsr_187bc0b25626,projective_spatial,under,1,jetson-qwen2.5vl:3b-q4_K_M,YES,1,True,1,58.013,
vsr_9eb14a5cf08a,projective_spatial,at the left side of,1,jetson-qwen2.5vl:3b-q4_K_M,NO,0,True,0,57.47,
vsr_d96014f3e99c,projective_spatial,facing away from,1,jetson-qwen2.5vl:3b-q4_K_M,NO,0,True,0,59.001,
vsr_354b46558074,projective_spatial,behind,1,jetson-qwen2.5vl:3b-q4_K_M,YES,1,True,1,58.465,
vsr_a0e25496bd5d,projective_spatial,across from,0,jetson-qwen2.5vl:3b-q4_K_M,NO,0,True,1,57.516,
vsr_6e59bbbd5750,projective_spatial,in front of,0,jetson-qwen2.5vl:3b-q4_K_M,NO,0,True,1,57.32,
vsr_9a7714aa1438,projective_spatial,in front of,0,jetson-qwen2.5vl:3b-q4_K_M,YES,1,True,0,55.978,
vsr_dcd7cc338ef3,projective_spatial,behind,0,jetson-qwen2.5vl:3b-q4_K_M,NO,0,True,1,57.259,
vsr_6d3479983d77,projective_spatial,behind,0,jetson-qwen2.5vl:3b-q4_K_M,YES,1,True,0,58.985,
vsr_ada044871a37,projective_spatial,behind,1,jetson-qwen2.5vl:3b-q4_K_M,YES,1,True,1,56.622,
vsr_e89ea3ce109b,projective_spatial,at the right side of,1,jetson-qwen2.5vl:3b-q4_K_M,YES,1,True,1,59.122,
vsr_6147a9ee8625,projective_spatial,on top of,1,jetson-qwen2.5vl:3b-q4_K_M,YES,1,True,1,58.542,
vsr_502928fadfa9,projective_spatial,at the right side of,1,jetson-qwen2.5vl:3b-q4_K_M,YES,1,True,1,55.97,
vsr_10585b7c79c0,projective_spatial,left of,0,jetson-qwen2.5vl:3b-q4_K_M,YES,1,True,0,56.92,
vsr_1db3838bb93c,projective_spatial,at the right side of,0,jetson-qwen2.5vl:3b-q4_K_M,NO,0,True,1,59.574,
vsr_a6a088994aed,projective_spatial,right of,0,jetson-qwen2.5vl:3b-q4_K_M,NO,0,True,1,57.452,
vsr_eb43a18e3052,projective_spatial,below,1,jetson-qwen2.5vl:3b-q4_K_M,NO,0,True,0,58.587,
vsr_249f16501c1f,projective_spatial,under,0,jetson-qwen2.5vl:3b-q4_K_M,NO,0,True,1,57.534,
vsr_bd7a6cf36967,projective_spatial,beneath,1,jetson-qwen2.5vl:3b-q4_K_M,YES,1,True,1,57.492,
vsr_b92e41813f3f,projective_spatial,behind,1,jetson-qwen2.5vl:3b-q4_K_M,YES,1,True,1,56.899,
vsr_3db82147ccef,projective_spatial,in front of,0,jetson-qwen2.5vl:3b-q4_K_M,NO,0,True,1,57.463,
vsr_41c42faa0feb,projective_spatial,at the right side of,0,jetson-qwen2.5vl:3b-q4_K_M,NO,0,True,1,60.122,
vsr_5a1d5044af80,projective_spatial,right of,1,jetson-qwen2.5vl:3b-q4_K_M,YES,1,True,1,57.135,
vsr_a07ecdfb932d,projective_spatial,facing,0,jetson-qwen2.5vl:3b-q4_K_M,NO,0,True,1,57.447,
vsr_5d4523fc997a,projective_spatial,facing,1,jetson-qwen2.5vl:3b-q4_K_M,NO,0,True,0,57.282,
vsr_ffa6538f723f,projective_spatial,left of,1,jetson-qwen2.5vl:3b-q4_K_M,YES,1,True,1,57.418,
vsr_cee5051c14e9,projective_spatial,left of,1,jetson-qwen2.5vl:3b-q4_K_M,YES,1,True,1,60.229,
vsr_d5ad4f93d894,projective_spatial,toward,0,jetson-qwen2.5vl:3b-q4_K_M,NO,0,True,1,59.375,
vsr_a7b5545497ce,projective_spatial,in front of,0,jetson-qwen2.5vl:3b-q4_K_M,NO,0,True,1,1.177,
vsr_3a817a459bb3,projective_spatial,below,1,jetson-qwen2.5vl:3b-q4_K_M,YES,1,True,1,57.231,
vsr_49ca1323607a,projective_spatial,at the right side of,1,jetson-qwen2.5vl:3b-q4_K_M,YES,1,True,1,1.118,
vsr_3dc6e4027cc0,projective_spatial,across from,0,jetson-qwen2.5vl:3b-q4_K_M,NO,0,True,1,59.441,
vsr_410843825f37,projective_spatial,at the right side of,1,jetson-qwen2.5vl:3b-q4_K_M,NO,0,True,0,58.551,
vsr_ba6bd38f5a49,projective_spatial,across from,1,jetson-qwen2.5vl:3b-q4_K_M,YES,1,True,1,58.988,
vsr_475c1aa1ad61,projective_spatial,parallel to,0,jetson-qwen2.5vl:3b-q4_K_M,NO,0,True,1,57.545,
vsr_1e7600e374c6,projective_spatial,opposite to,0,jetson-qwen2.5vl:3b-q4_K_M,NO,0,True,1,57.386,
vsr_6e1d7d608fb2,projective_spatial,parallel to,1,jetson-qwen2.5vl:3b-q4_K_M,NO,0,True,0,59.585,
vsr_7b19a779bd3d,projective_spatial,at the left side of,0,jetson-qwen2.5vl:3b-q4_K_M,YES,1,True,0,57.625,
vsr_7a71d1008f34,projective_spatial,behind,0,jetson-qwen2.5vl:3b-q4_K_M,NO,0,True,1,57.607,
vsr_829f0bb37bb1,projective_spatial,at the left side of,0,jetson-qwen2.5vl:3b-q4_K_M,NO,0,True,1,57.509,
vsr_0e52139a4486,projective_spatial,in front of,0,jetson-qwen2.5vl:3b-q4_K_M,NO,0,True,1,1.113,
vsr_b5604a3aaf80,projective_spatial,behind,0,jetson-qwen2.5vl:3b-q4_K_M,NO,0,True,1,59.241,
vsr_bb3d456d97c1,projective_spatial,over,0,jetson-qwen2.5vl:3b-q4_K_M,NO,0,True,1,57.604,
vsr_f4308d68a366,projective_spatial,under,0,jetson-qwen2.5vl:3b-q4_K_M,NO,0,True,1,57.656,
vsr_2bb207392b0f,projective_spatial,behind,1,jetson-qwen2.5vl:3b-q4_K_M,NO,0,True,0,57.511,
vsr_2677e7a8ae0e,projective_spatial,at the right side of,0,jetson-qwen2.5vl:3b-q4_K_M,NO,0,True,1,57.702,
vsr_2edfe3f6742f,projective_spatial,above,1,jetson-qwen2.5vl:3b-q4_K_M,YES,1,True,1,56.972,
vsr_483d38dbaf27,projective_spatial,in front of,0,jetson-qwen2.5vl:3b-q4_K_M,NO,0,True,1,57.271,
vsr_6a65ff2c928b,projective_spatial,under,0,jetson-qwen2.5vl:3b-q4_K_M,NO,0,True,1,59.202,
vsr_e2de2619c104,projective_spatial,at the right side of,0,jetson-qwen2.5vl:3b-q4_K_M,NO,0,True,1,57.712,
vsr_9e79f890b20a,projective_spatial,under,0,jetson-qwen2.5vl:3b-q4_K_M,NO,0,True,1,57.473,
vsr_375400a9b239,projective_spatial,left of,1,jetson-qwen2.5vl:3b-q4_K_M,NO,0,True,0,57.245,
vsr_f76efc71073a,projective_spatial,under,0,jetson-qwen2.5vl:3b-q4_K_M,NO,0,True,1,58.853,
vsr_ad615be9cc09,projective_spatial,beneath,1,jetson-qwen2.5vl:3b-q4_K_M,YES,1,True,1,59.146,
vsr_a79d6adae61d,projective_spatial,on top of,1,jetson-qwen2.5vl:3b-q4_K_M,YES,1,True,1,57.561,
vsr_8c6d33367f30,projective_spatial,below,1,jetson-qwen2.5vl:3b-q4_K_M,YES,1,True,1,57.66,
vsr_12f9e3e11345,projective_spatial,on top of,1,jetson-qwen2.5vl:3b-q4_K_M,YES,1,True,1,58.327,
vsr_7a6bd2a36a0a,projective_spatial,in front of,1,jetson-qwen2.5vl:3b-q4_K_M,YES,1,True,1,55.977,
vsr_4cb37e12223a,projective_spatial,beneath,1,jetson-qwen2.5vl:3b-q4_K_M,YES,1,True,1,57.898,
vsr_b72c7cdd6226,projective_spatial,below,0,jetson-qwen2.5vl:3b-q4_K_M,NO,0,True,1,59.798,
vsr_75c03d55b1f0,projective_spatial,at the right side of,0,jetson-qwen2.5vl:3b-q4_K_M,NO,0,True,1,110.03,
vsr_a2dceba19de5,projective_spatial,at the right side of,1,jetson-qwen2.5vl:3b-q4_K_M,NO,0,True,0,58.142,
vsr_ad4af2c18733,projective_spatial,beneath,0,jetson-qwen2.5vl:3b-q4_K_M,NO,0,True,1,59.117,
vsr_460e62d628de,projective_spatial,at the right side of,1,jetson-qwen2.5vl:3b-q4_K_M,YES,1,True,1,58.695,
vsr_d54212578c55,projective_spatial,under,0,jetson-qwen2.5vl:3b-q4_K_M,NO,0,True,1,58.583,
vsr_25dcafd591d5,projective_spatial,on top of,1,jetson-qwen2.5vl:3b-q4_K_M,YES,1,True,1,58.494,
vsr_e6cfcc62b62e,projective_spatial,above,0,jetson-qwen2.5vl:3b-q4_K_M,NO,0,True,1,58.973,
vsr_19d2495df60f,projective_spatial,below,0,jetson-qwen2.5vl:3b-q4_K_M,NO,0,True,1,57.558,
vsr_57de9e6f879b,projective_spatial,on top of,0,jetson-qwen2.5vl:3b-q4_K_M,NO,0,True,1,57.704,
vsr_ff19105ce7ee,projective_spatial,parallel to,1,jetson-qwen2.5vl:3b-q4_K_M,YES,1,True,1,58.563,
vsr_a5e969fa99f5,projective_spatial,facing,0,jetson-qwen2.5vl:3b-q4_K_M,YES,1,True,0,57.419,
vsr_1c0660d02478,projective_spatial,over,1,jetson-qwen2.5vl:3b-q4_K_M,YES,1,True,1,60.359,
vsr_c0acfef59c1f,projective_spatial,at the right side of,0,jetson-qwen2.5vl:3b-q4_K_M,NO,0,True,1,57.377,
vsr_fce1a26f145e,projective_spatial,under,1,jetson-qwen2.5vl:3b-q4_K_M,NO,0,True,0,58.625,
vsr_8c61af19c93e,projective_spatial,behind,1,jetson-qwen2.5vl:3b-q4_K_M,NO,0,True,0,57.153,
vsr_cb03b05c3a42,projective_spatial,beneath,0,jetson-qwen2.5vl:3b-q4_K_M,NO,0,True,1,57.433,
vsr_98a0b0b2d489,projective_spatial,at the right side of,1,jetson-qwen2.5vl:3b-q4_K_M,NO,0,True,0,59.086,
vsr_53ab20ab8b10,projective_spatial,in front of,0,jetson-qwen2.5vl:3b-q4_K_M,NO,0,True,1,57.402,
vsr_ffabad87f771,projective_spatial,beneath,0,jetson-qwen2.5vl:3b-q4_K_M,NO,0,True,1,57.421,
vsr_b582affc8184,projective_spatial,at the left side of,1,jetson-qwen2.5vl:3b-q4_K_M,YES,1,True,1,56.748,
vsr_d1c5d0257630,projective_spatial,at the left side of,0,jetson-qwen2.5vl:3b-q4_K_M,NO,0,True,1,57.295,
vsr_534ef81a70cb,projective_spatial,facing,1,jetson-qwen2.5vl:3b-q4_K_M,NO,0,True,0,57.552,
vsr_e9ac30878b4f,projective_spatial,above,1,jetson-qwen2.5vl:3b-q4_K_M,YES,1,True,1,59.393,
vsr_f339854c7da7,projective_spatial,in front of,1,jetson-qwen2.5vl:3b-q4_K_M,YES,1,True,1,57.988,
vsr_a03acf1711c2,projective_spatial,at the right side of,1,jetson-qwen2.5vl:3b-q4_K_M,YES,1,True,1,59.149,
vsr_6bcd0971558a,projective_spatial,behind,1,jetson-qwen2.5vl:3b-q4_K_M,YES,1,True,1,57.224,
vsr_efc350a18b52,projective_spatial,right of,0,jetson-qwen2.5vl:3b-q4_K_M,NO,0,True,1,57.235,
vsr_9301090d92ec,projective_spatial,in front of,0,jetson-qwen2.5vl:3b-q4_K_M,NO,0,True,1,57.445,
vsr_e88efa0d3b40,projective_spatial,over,0,jetson-qwen2.5vl:3b-q4_K_M,NO,0,True,1,57.379,
vsr_c6eb5eb30931,projective_spatial,facing away from,0,jetson-qwen2.5vl:3b-q4_K_M,NO,0,True,1,58.614,
vsr_a7c6f62b7120,projective_spatial,under,1,jetson-qwen2.5vl:3b-q4_K_M,YES,1,True,1,59.252,
vsr_fd139939a4cf,projective_spatial,in front of,1,jetson-qwen2.5vl:3b-q4_K_M,YES,1,True,1,57.452,
vsr_03bed8bdef73,projective_spatial,over,0,jetson-qwen2.5vl:3b-q4_K_M,NO,0,True,1,57.576,
vsr_c9230780713a,projective_spatial,above,1,jetson-qwen2.5vl:3b-q4_K_M,YES,1,True,1,57.498,
vsr_3cf88fd13bbe,projective_spatial,ahead of,1,jetson-qwen2.5vl:3b-q4_K_M,NO,0,True,0,58.952,
vsr_759fe5b76cb4,projective_spatial,on top of,1,jetson-qwen2.5vl:3b-q4_K_M,YES,1,True,1,56.389,
vsr_460483f5a875,projective_spatial,on top of,0,jetson-qwen2.5vl:3b-q4_K_M,NO,0,True,1,57.29,
vsr_ad887843141c,projective_spatial,below,1,jetson-qwen2.5vl:3b-q4_K_M,YES,1,True,1,59.365,
vsr_e9ee666102e0,projective_spatial,facing,1,jetson-qwen2.5vl:3b-q4_K_M,YES,1,True,1,58.915,
vsr_a9cc83eb7813,projective_spatial,on top of,0,jetson-qwen2.5vl:3b-q4_K_M,NO,0,True,1,59.726,
vsr_894e5c909aee,projective_spatial,behind,0,jetson-qwen2.5vl:3b-q4_K_M,NO,0,True,1,57.517,
vsr_638946ea2934,projective_spatial,at the right side of,0,jetson-qwen2.5vl:3b-q4_K_M,NO,0,True,1,56.774,
vsr_68a1e18b7b83,projective_spatial,at the left side of,1,jetson-qwen2.5vl:3b-q4_K_M,YES,1,True,1,57.518,
vsr_bce86101c69d,projective_spatial,behind,0,jetson-qwen2.5vl:3b-q4_K_M,NO,0,True,1,57.508,
vsr_f774e901b650,projective_spatial,at the left side of,1,jetson-qwen2.5vl:3b-q4_K_M,YES,1,True,1,57.732,
vsr_4ff5a1d6faf0,projective_spatial,behind,1,jetson-qwen2.5vl:3b-q4_K_M,NO,0,True,0,59.235,
vsr_2652ca0bdff8,projective_spatial,below,1,jetson-qwen2.5vl:3b-q4_K_M,YES,1,True,1,57.538,
vsr_de18e0c221d7,projective_spatial,parallel to,1,jetson-qwen2.5vl:3b-q4_K_M,NO,0,True,0,59.075,
vsr_152d4aa4c021,projective_spatial,in front of,1,jetson-qwen2.5vl:3b-q4_K_M,YES,1,True,1,57.15,
vsr_f76a74352b85,projective_spatial,over,1,jetson-qwen2.5vl:3b-q4_K_M,NO,0,True,0,57.433,
vsr_a76d91e16ab8,projective_spatial,facing away from,1,jetson-qwen2.5vl:3b-q4_K_M,NO,0,True,0,59.078,
vsr_cdc1a76c359e,projective_spatial,at the left side of,0,jetson-qwen2.5vl:3b-q4_K_M,YES,1,True,0,57.133,
vsr_8d4348c5576f,projective_spatial,in front of,1,jetson-qwen2.5vl:3b-q4_K_M,YES,1,True,1,59.184,
vsr_37c16a5f8221,projective_spatial,below,1,jetson-qwen2.5vl:3b-q4_K_M,YES,1,True,1,59.776,
vsr_8aec6bdfa3aa,projective_spatial,parallel to,0,jetson-qwen2.5vl:3b-q4_K_M,YES,1,True,0,59.113,
vsr_7fb00a73672a,projective_spatial,facing away from,0,jetson-qwen2.5vl:3b-q4_K_M,NO,0,True,1,59.016,
vsr_b1d1bd1d1d25,projective_spatial,under,1,jetson-qwen2.5vl:3b-q4_K_M,YES,1,True,1,56.954,
vsr_56c850ae794e,projective_spatial,at the right side of,1,jetson-qwen2.5vl:3b-q4_K_M,YES,1,True,1,59.105,
vsr_248871629a76,projective_spatial,at the right side of,0,jetson-qwen2.5vl:3b-q4_K_M,NO,0,True,1,59.24,
vsr_caa108a48297,projective_spatial,beneath,0,jetson-qwen2.5vl:3b-q4_K_M,NO,0,True,1,57.413,
vsr_1dc8f7eaf7ae,projective_spatial,at the right side of,0,jetson-qwen2.5vl:3b-q4_K_M,NO,0,True,1,59.461,
vsr_6fe85754342e,projective_spatial,beneath,1,jetson-qwen2.5vl:3b-q4_K_M,YES,1,True,1,59.063,
vsr_246f8b8a3fff,projective_spatial,at the right side of,0,jetson-qwen2.5vl:3b-q4_K_M,NO,0,True,1,57.535,
vsr_65900406af98,projective_spatial,right of,0,jetson-qwen2.5vl:3b-q4_K_M,NO,0,True,1,57.389,
vsr_0bd27ab33fb1,projective_spatial,in front of,0,jetson-qwen2.5vl:3b-q4_K_M,YES,1,True,0,60.053,
vsr_bbfa46ea6c98,projective_spatial,below,1,jetson-qwen2.5vl:3b-q4_K_M,YES,1,True,1,57.644,
vsr_2caede6063b7,projective_spatial,at the right side of,1,jetson-qwen2.5vl:3b-q4_K_M,YES,1,True,1,59.72,
vsr_87eb8bc82a3e,projective_spatial,at the right side of,0,jetson-qwen2.5vl:3b-q4_K_M,NO,0,True,1,57.587,
vsr_b505e5f039b4,projective_spatial,in front of,0,jetson-qwen2.5vl:3b-q4_K_M,NO,0,True,1,1.146,
vsr_689187d22e69,projective_spatial,beneath,0,jetson-qwen2.5vl:3b-q4_K_M,YES,1,True,0,57.623,
vsr_13dd7943879b,projective_spatial,facing away from,0,jetson-qwen2.5vl:3b-q4_K_M,NO,0,True,1,57.517,
vsr_647a07a45d2a,projective_spatial,at the left side of,0,jetson-qwen2.5vl:3b-q4_K_M,NO,0,True,1,56.329,
vsr_9e25ebad73a1,projective_spatial,under,1,jetson-qwen2.5vl:3b-q4_K_M,NO,0,True,0,59.806,
vsr_48441b92b6d6,projective_spatial,beneath,0,jetson-qwen2.5vl:3b-q4_K_M,NO,0,True,1,56.143,
vsr_47649d9e5ab7,projective_spatial,facing away from,0,jetson-qwen2.5vl:3b-q4_K_M,NO,0,True,1,59.238,
vsr_c5d59eaa6ce7,projective_spatial,on top of,1,jetson-qwen2.5vl:3b-q4_K_M,YES,1,True,1,59.449,
vsr_67f9391c9222,projective_spatial,ahead of,1,jetson-qwen2.5vl:3b-q4_K_M,YES,1,True,1,59.377,
vsr_94b59db73f87,projective_spatial,below,0,jetson-qwen2.5vl:3b-q4_K_M,NO,0,True,1,57.492,
vsr_89f16524aea2,projective_spatial,on top of,1,jetson-qwen2.5vl:3b-q4_K_M,YES,1,True,1,59.145,
vsr_8c19ed811a7e,projective_spatial,beneath,0,jetson-qwen2.5vl:3b-q4_K_M,NO,0,True,1,59.242,
vsr_a794fb31bc11,topological_containment,part of,0,jetson-qwen2.5vl:3b-q4_K_M,NO,0,True,1,111.405,
vsr_cc01cf59192c,topological_containment,in,0,jetson-qwen2.5vl:3b-q4_K_M,NO,0,True,1,57.26,
vsr_46d2dc2242fd,topological_containment,in,1,jetson-qwen2.5vl:3b-q4_K_M,NO,0,True,0,57.503,
vsr_580c3d21c409,topological_containment,in,0,jetson-qwen2.5vl:3b-q4_K_M,NO,0,True,1,57.438,
vsr_fd5bf101753c,topological_containment,inside,0,jetson-qwen2.5vl:3b-q4_K_M,NO,0,True,1,59.297,
vsr_eb7bb0ef0d76,topological_containment,contains,1,jetson-qwen2.5vl:3b-q4_K_M,YES,1,True,1,57.539,
vsr_770194523b57,topological_containment,outside,1,jetson-qwen2.5vl:3b-q4_K_M,NO,0,True,0,57.716,
vsr_2bbecb77171c,topological_containment,consists of,0,jetson-qwen2.5vl:3b-q4_K_M,NO,0,True,1,59.103,
vsr_986182c87a4a,topological_containment,in,0,jetson-qwen2.5vl:3b-q4_K_M,YES,1,True,0,57.309,
vsr_7aefacdab65c,topological_containment,outside,0,jetson-qwen2.5vl:3b-q4_K_M,NO,0,True,1,58.614,
vsr_c3ef2d15121d,topological_containment,consists of,1,jetson-qwen2.5vl:3b-q4_K_M,YES,1,True,1,59.402,
vsr_a0633372809f,topological_containment,in,1,jetson-qwen2.5vl:3b-q4_K_M,YES,1,True,1,109.781,
vsr_bc0faa4e1823,topological_containment,contains,1,jetson-qwen2.5vl:3b-q4_K_M,YES,1,True,1,57.962,
vsr_4b5d1869388c,topological_containment,inside,1,jetson-qwen2.5vl:3b-q4_K_M,NO,0,True,0,59.117,
vsr_84f467445830,topological_containment,within,1,jetson-qwen2.5vl:3b-q4_K_M,YES,1,True,1,59.295,
vsr_7cbab0407027,topological_containment,at the edge of,1,jetson-qwen2.5vl:3b-q4_K_M,YES,1,True,1,57.477,
vsr_57bdd9973488,topological_containment,contains,0,jetson-qwen2.5vl:3b-q4_K_M,NO,0,True,1,57.387,
vsr_4881523ae6b7,topological_containment,inside,0,jetson-qwen2.5vl:3b-q4_K_M,NO,0,True,1,59.874,
vsr_c952d6f1ef23,topological_containment,in the middle of,0,jetson-qwen2.5vl:3b-q4_K_M,YES,1,True,0,57.305,
vsr_bb9c5ab2100e,topological_containment,surrounding,1,jetson-qwen2.5vl:3b-q4_K_M,YES,1,True,1,60.037,
vsr_fef3f37b4137,topological_containment,at the edge of,0,jetson-qwen2.5vl:3b-q4_K_M,NO,0,True,1,58.345,
vsr_0b88fb8c45d9,topological_containment,at the edge of,1,jetson-qwen2.5vl:3b-q4_K_M,YES,1,True,1,59.09,
vsr_e1f4e174f768,topological_containment,in,1,jetson-qwen2.5vl:3b-q4_K_M,YES,1,True,1,57.363,
vsr_0c46d506fb54,topological_containment,inside,0,jetson-qwen2.5vl:3b-q4_K_M,NO,0,True,1,57.278,
vsr_cdd69ca47955,topological_containment,contains,0,jetson-qwen2.5vl:3b-q4_K_M,NO,0,True,1,59.114,
vsr_f48a61b865f9,topological_containment,in the middle of,1,jetson-qwen2.5vl:3b-q4_K_M,YES,1,True,1,57.545,
vsr_196ee48d2f53,topological_containment,consists of,1,jetson-qwen2.5vl:3b-q4_K_M,NO,0,True,0,59.459,
vsr_faf53a03ca72,topological_containment,contains,1,jetson-qwen2.5vl:3b-q4_K_M,YES,1,True,1,59.051,
vsr_e50198a783ca,topological_containment,inside,0,jetson-qwen2.5vl:3b-q4_K_M,NO,0,True,1,59.023,
vsr_31ada6c12720,topological_containment,part of,0,jetson-qwen2.5vl:3b-q4_K_M,NO,0,True,1,57.382,
vsr_7e8755383119,topological_containment,outside,0,jetson-qwen2.5vl:3b-q4_K_M,NO,0,True,1,59.169,
vsr_4cded7b80f8c,topological_containment,inside,1,jetson-qwen2.5vl:3b-q4_K_M,YES,1,True,1,57.516,
vsr_b6dd08391d7a,topological_containment,within,0,jetson-qwen2.5vl:3b-q4_K_M,NO,0,True,1,59.005,
vsr_174c300a3c3c,topological_containment,consists of,0,jetson-qwen2.5vl:3b-q4_K_M,NO,0,True,1,57.497,
vsr_addb135a16b2,topological_containment,part of,0,jetson-qwen2.5vl:3b-q4_K_M,NO,0,True,1,58.713,
vsr_fbdf133eeecb,topological_containment,into,1,jetson-qwen2.5vl:3b-q4_K_M,YES,1,True,1,59.153,
vsr_4f0b6e698040,topological_containment,into,0,jetson-qwen2.5vl:3b-q4_K_M,YES,1,True,0,58.078,
vsr_06f34381ad48,topological_containment,has as a part,1,jetson-qwen2.5vl:3b-q4_K_M,YES,1,True,1,59.088,
vsr_019eec2400c3,topological_containment,contains,1,jetson-qwen2.5vl:3b-q4_K_M,YES,1,True,1,58.251,
vsr_ea6af9c64b6b,topological_containment,contains,0,jetson-qwen2.5vl:3b-q4_K_M,NO,0,True,1,58.337,
vsr_594ed130e6d6,topological_containment,at the edge of,0,jetson-qwen2.5vl:3b-q4_K_M,YES,1,True,0,57.281,
vsr_c23497aac5a6,topological_containment,contains,0,jetson-qwen2.5vl:3b-q4_K_M,YES,1,True,0,57.063,
vsr_303fa6d23a26,topological_containment,in,0,jetson-qwen2.5vl:3b-q4_K_M,NO,0,True,1,57.32,
vsr_981aad1077c9,topological_containment,inside,1,jetson-qwen2.5vl:3b-q4_K_M,NO,0,True,0,55.735,
vsr_88a76e1bc514,topological_containment,outside,1,jetson-qwen2.5vl:3b-q4_K_M,YES,1,True,1,58.645,
vsr_556569ed992c,topological_containment,inside,1,jetson-qwen2.5vl:3b-q4_K_M,YES,1,True,1,55.71,
vsr_901a2d16e09f,topological_containment,at the edge of,1,jetson-qwen2.5vl:3b-q4_K_M,NO,0,True,0,57.346,
vsr_d1e9627143d2,topological_containment,at the edge of,0,jetson-qwen2.5vl:3b-q4_K_M,NO,0,True,1,57.398,
vsr_3d989f13c29b,topological_containment,at the edge of,0,jetson-qwen2.5vl:3b-q4_K_M,NO,0,True,1,57.384,
vsr_7687264f8acb,topological_containment,contains,1,jetson-qwen2.5vl:3b-q4_K_M,YES,1,True,1,57.213,
vsr_a3d60dfed411,topological_containment,contains,0,jetson-qwen2.5vl:3b-q4_K_M,NO,0,True,1,56.946,
vsr_ef0470ae7fc8,topological_containment,contains,0,jetson-qwen2.5vl:3b-q4_K_M,NO,0,True,1,57.107,
vsr_10c60f272e52,topological_containment,has as a part,1,jetson-qwen2.5vl:3b-q4_K_M,YES,1,True,1,58.693,
vsr_3caf856abc29,topological_containment,at the edge of,0,jetson-qwen2.5vl:3b-q4_K_M,NO,0,True,1,58.585,
vsr_80e7624dd98d,topological_containment,contains,1,jetson-qwen2.5vl:3b-q4_K_M,YES,1,True,1,56.615,
vsr_7d1d72501a19,topological_containment,part of,1,jetson-qwen2.5vl:3b-q4_K_M,YES,1,True,1,56.787,
vsr_ba97730040e3,topological_containment,contains,0,jetson-qwen2.5vl:3b-q4_K_M,YES,1,True,0,57.171,
vsr_b1a8762f4f9f,topological_containment,contains,1,jetson-qwen2.5vl:3b-q4_K_M,YES,1,True,1,57.018,
vsr_79acce55fae6,topological_containment,consists of,0,jetson-qwen2.5vl:3b-q4_K_M,NO,0,True,1,56.895,
vsr_6f518ee0156b,topological_containment,at the edge of,1,jetson-qwen2.5vl:3b-q4_K_M,NO,0,True,0,56.857,
vsr_3f72526eb974,topological_containment,inside,0,jetson-qwen2.5vl:3b-q4_K_M,NO,0,True,1,57.023,
vsr_ce35e7fde07a,topological_containment,enclosed by,0,jetson-qwen2.5vl:3b-q4_K_M,NO,0,True,1,1.165,
vsr_a6c116a37805,topological_containment,contains,0,jetson-qwen2.5vl:3b-q4_K_M,NO,0,True,1,58.784,
vsr_175684722d44,topological_containment,part of,1,jetson-qwen2.5vl:3b-q4_K_M,YES,1,True,1,58.035,
vsr_58cf7a03fc2a,topological_containment,inside,1,jetson-qwen2.5vl:3b-q4_K_M,YES,1,True,1,57.165,
vsr_f8a3ea2f6cb2,topological_containment,part of,0,jetson-qwen2.5vl:3b-q4_K_M,NO,0,True,1,58.793,
vsr_029ddd41b6ed,topological_containment,at the edge of,1,jetson-qwen2.5vl:3b-q4_K_M,YES,1,True,1,59.035,
vsr_516a11bcd21c,topological_containment,in,1,jetson-qwen2.5vl:3b-q4_K_M,YES,1,True,1,58.763,
vsr_c2b4a7674e0a,topological_containment,in,0,jetson-qwen2.5vl:3b-q4_K_M,NO,0,True,1,58.924,
vsr_c1c8550f9376,topological_containment,at the edge of,1,jetson-qwen2.5vl:3b-q4_K_M,NO,0,True,0,55.953,
vsr_5d44ed2f46a0,topological_containment,contains,1,jetson-qwen2.5vl:3b-q4_K_M,YES,1,True,1,57.01,
vsr_f5dd819edaaf,topological_containment,in,0,jetson-qwen2.5vl:3b-q4_K_M,NO,0,True,1,56.906,
vsr_76249d7e6dd6,topological_containment,in,0,jetson-qwen2.5vl:3b-q4_K_M,NO,0,True,1,58.665,
vsr_c07bbbc248ca,topological_containment,at the edge of,1,jetson-qwen2.5vl:3b-q4_K_M,NO,0,True,0,57.021,
vsr_a74e7d1e48a7,topological_containment,contains,0,jetson-qwen2.5vl:3b-q4_K_M,YES,1,True,0,58.403,
vsr_f2adacfb2c92,topological_containment,contains,0,jetson-qwen2.5vl:3b-q4_K_M,YES,1,True,0,57.435,
vsr_2fe74c17a4a6,topological_containment,surrounding,0,jetson-qwen2.5vl:3b-q4_K_M,NO,0,True,1,58.057,
vsr_b2fcac382d25,topological_containment,contains,0,jetson-qwen2.5vl:3b-q4_K_M,YES,1,True,0,56.955,
vsr_984ceb30397a,topological_containment,inside,1,jetson-qwen2.5vl:3b-q4_K_M,YES,1,True,1,58.654,
vsr_637e4bc5263d,topological_containment,inside,1,jetson-qwen2.5vl:3b-q4_K_M,YES,1,True,1,1.13,
vsr_276b28c23e05,topological_containment,outside,1,jetson-qwen2.5vl:3b-q4_K_M,NO,0,True,0,110.841,
vsr_0069cb2ad667,topological_containment,part of,0,jetson-qwen2.5vl:3b-q4_K_M,NO,0,True,1,59.213,
vsr_d25dde25c565,topological_containment,in the middle of,1,jetson-qwen2.5vl:3b-q4_K_M,YES,1,True,1,57.162,
vsr_3b7314c49d17,topological_containment,consists of,0,jetson-qwen2.5vl:3b-q4_K_M,NO,0,True,1,57.5,
vsr_bd58aadcfef1,topological_containment,part of,0,jetson-qwen2.5vl:3b-q4_K_M,NO,0,True,1,59.524,
vsr_23b0def9fffd,topological_containment,contains,0,jetson-qwen2.5vl:3b-q4_K_M,YES,1,True,0,59.125,
vsr_47026e709bc8,topological_containment,outside,1,jetson-qwen2.5vl:3b-q4_K_M,YES,1,True,1,58.462,
vsr_52dd011c1920,topological_containment,consists of,1,jetson-qwen2.5vl:3b-q4_K_M,NO,0,True,0,58.285,
vsr_bbdfd9948726,topological_containment,part of,1,jetson-qwen2.5vl:3b-q4_K_M,YES,1,True,1,57.532,
vsr_3058f6ba795e,topological_containment,in,0,jetson-qwen2.5vl:3b-q4_K_M,NO,0,True,1,59.44,
vsr_aa5fbec8981a,topological_containment,has as a part,0,jetson-qwen2.5vl:3b-q4_K_M,NO,0,True,1,57.375,
vsr_110bcafaf4b3,topological_containment,inside,0,jetson-qwen2.5vl:3b-q4_K_M,NO,0,True,1,57.328,
vsr_90a4b00c5df4,topological_containment,in,0,jetson-qwen2.5vl:3b-q4_K_M,NO,0,True,1,57.472,
vsr_643ba7ec5588,topological_containment,in,0,jetson-qwen2.5vl:3b-q4_K_M,NO,0,True,1,58.774,
vsr_0b9fbd25faea,topological_containment,in,0,jetson-qwen2.5vl:3b-q4_K_M,NO,0,True,1,57.246,
vsr_3fc1c619e2e5,topological_containment,inside,0,jetson-qwen2.5vl:3b-q4_K_M,NO,0,True,1,57.537,
vsr_226da38f31c5,topological_containment,inside,0,jetson-qwen2.5vl:3b-q4_K_M,NO,0,True,1,57.399,
vsr_dd86a0a83810,topological_containment,contains,1,jetson-qwen2.5vl:3b-q4_K_M,YES,1,True,1,58.791,
vsr_1c6fe1d5afd6,topological_containment,contains,0,jetson-qwen2.5vl:3b-q4_K_M,NO,0,True,1,58.159,
vsr_3b36cdf3d30b,topological_containment,contains,1,jetson-qwen2.5vl:3b-q4_K_M,NO,0,True,0,57.371,
vsr_a0cc6356aaae,topological_containment,part of,0,jetson-qwen2.5vl:3b-q4_K_M,NO,0,True,1,57.249,
vsr_cc83923e8ac6,topological_containment,consists of,0,jetson-qwen2.5vl:3b-q4_K_M,NO,0,True,1,55.702,
vsr_4010add66491,topological_containment,in the middle of,1,jetson-qwen2.5vl:3b-q4_K_M,NO,0,True,0,59.117,
vsr_66220f0f52dc,topological_containment,at the edge of,1,jetson-qwen2.5vl:3b-q4_K_M,YES,1,True,1,58.841,
vsr_81e6100290c0,topological_containment,within,1,jetson-qwen2.5vl:3b-q4_K_M,YES,1,True,1,56.071,
vsr_4878188c5c89,topological_containment,contains,0,jetson-qwen2.5vl:3b-q4_K_M,NO,0,True,1,59.09,
vsr_678a230d23e3,topological_containment,inside,1,jetson-qwen2.5vl:3b-q4_K_M,YES,1,True,1,59.105,
vsr_35e605e2f298,topological_containment,in,1,jetson-qwen2.5vl:3b-q4_K_M,YES,1,True,1,57.39,
vsr_faa16662428b,topological_containment,has as a part,1,jetson-qwen2.5vl:3b-q4_K_M,YES,1,True,1,59.186,
vsr_d72b70c2676e,topological_containment,at the edge of,1,jetson-qwen2.5vl:3b-q4_K_M,NO,0,True,0,57.213,
vsr_4f2c5f63e40d,topological_containment,in,0,jetson-qwen2.5vl:3b-q4_K_M,YES,1,True,0,57.145,
vsr_c68b4b3a1c3b,topological_containment,at the edge of,0,jetson-qwen2.5vl:3b-q4_K_M,NO,0,True,1,55.819,
vsr_eec5a343cf3b,topological_containment,in the middle of,0,jetson-qwen2.5vl:3b-q4_K_M,NO,0,True,1,57.534,
vsr_6832c641058e,topological_containment,part of,1,jetson-qwen2.5vl:3b-q4_K_M,NO,0,True,0,57.493,
vsr_6e86bcb25015,topological_containment,contains,0,jetson-qwen2.5vl:3b-q4_K_M,NO,0,True,1,57.017,
vsr_994b3d8ef82b,topological_containment,at the edge of,0,jetson-qwen2.5vl:3b-q4_K_M,NO,0,True,1,57.265,
vsr_6279e68032c3,topological_containment,part of,0,jetson-qwen2.5vl:3b-q4_K_M,NO,0,True,1,58.762,
vsr_1969e08c3fdf,topological_containment,contains,1,jetson-qwen2.5vl:3b-q4_K_M,NO,0,True,0,57.373,
vsr_734076d99c01,topological_containment,in,0,jetson-qwen2.5vl:3b-q4_K_M,NO,0,True,1,57.397,
vsr_53ca867a8031,topological_containment,part of,1,jetson-qwen2.5vl:3b-q4_K_M,YES,1,True,1,58.293,
vsr_1902557e3eea,topological_containment,inside,1,jetson-qwen2.5vl:3b-q4_K_M,YES,1,True,1,57.313,
vsr_e893ee0aca7c,topological_containment,inside,0,jetson-qwen2.5vl:3b-q4_K_M,NO,0,True,1,57.261,
vsr_62f551b5fdcf,topological_containment,contains,1,jetson-qwen2.5vl:3b-q4_K_M,YES,1,True,1,57.747,
vsr_7313d06c712d,topological_containment,in,0,jetson-qwen2.5vl:3b-q4_K_M,NO,0,True,1,59.913,
vsr_5ce7e3c2cc19,topological_containment,contains,0,jetson-qwen2.5vl:3b-q4_K_M,NO,0,True,1,58.65,
vsr_d6992628ce4f,topological_containment,inside,1,jetson-qwen2.5vl:3b-q4_K_M,YES,1,True,1,57.413,
vsr_6285a925c023,topological_containment,part of,1,jetson-qwen2.5vl:3b-q4_K_M,YES,1,True,1,57.202,
vsr_fb96ad7709bf,topological_containment,into,1,jetson-qwen2.5vl:3b-q4_K_M,YES,1,True,1,59.087,
vsr_d20f3b6803a0,topological_containment,at the edge of,1,jetson-qwen2.5vl:3b-q4_K_M,YES,1,True,1,56.968,
vsr_39bd79a997e7,topological_containment,at the edge of,0,jetson-qwen2.5vl:3b-q4_K_M,NO,0,True,1,57.315,
vsr_7e09dd557910,topological_containment,contains,0,jetson-qwen2.5vl:3b-q4_K_M,NO,0,True,1,57.441,
vsr_c6b4f35ec00b,topological_containment,contains,1,jetson-qwen2.5vl:3b-q4_K_M,YES,1,True,1,57.123,
vsr_00917c8a5b8f,topological_containment,contains,0,jetson-qwen2.5vl:3b-q4_K_M,NO,0,True,1,57.072,
vsr_1337cd596729,topological_containment,outside,1,jetson-qwen2.5vl:3b-q4_K_M,NO,0,True,0,58.586,
vsr_b0813fa2fe4a,topological_containment,in,0,jetson-qwen2.5vl:3b-q4_K_M,NO,0,True,1,1.115,
vsr_a00158823d25,topological_containment,in,0,jetson-qwen2.5vl:3b-q4_K_M,YES,1,True,0,59.119,
vsr_4a56eadd7ff3,topological_containment,surrounding,1,jetson-qwen2.5vl:3b-q4_K_M,YES,1,True,1,57.108,
vsr_1e16ba304f1c,topological_containment,contains,1,jetson-qwen2.5vl:3b-q4_K_M,YES,1,True,1,58.742,
vsr_b35a315c29f8,topological_containment,surrounding,0,jetson-qwen2.5vl:3b-q4_K_M,YES,1,True,0,56.757,
vsr_d20e954c57b6,topological_containment,inside,0,jetson-qwen2.5vl:3b-q4_K_M,NO,0,True,1,57.028,
vsr_4958e2d31cc8,topological_containment,part of,1,jetson-qwen2.5vl:3b-q4_K_M,NO,0,True,0,59.557,
vsr_203d4dcf87ff,topological_containment,contains,0,jetson-qwen2.5vl:3b-q4_K_M,NO,0,True,1,57.493,
vsr_c4fbd347b265,topological_containment,contains,1,jetson-qwen2.5vl:3b-q4_K_M,YES,1,True,1,58.081,
vsr_0b0c3e2d2d63,topological_containment,out of,0,jetson-qwen2.5vl:3b-q4_K_M,NO,0,True,1,58.83,
vsr_18506d296e50,topological_containment,in,0,jetson-qwen2.5vl:3b-q4_K_M,NO,0,True,1,58.817,
vsr_6ffce470c5ed,topological_containment,surrounding,0,jetson-qwen2.5vl:3b-q4_K_M,NO,0,True,1,57.306,
vsr_f6b9412298a7,topological_containment,inside,0,jetson-qwen2.5vl:3b-q4_K_M,NO,0,True,1,57.407,
vsr_55cdda20f350,topological_containment,surrounding,0,jetson-qwen2.5vl:3b-q4_K_M,NO,0,True,1,57.192,
vsr_63c5358fdc90,topological_containment,at the edge of,0,jetson-qwen2.5vl:3b-q4_K_M,NO,0,True,1,57.536,
vsr_888e685b084b,topological_containment,contains,1,jetson-qwen2.5vl:3b-q4_K_M,NO,0,True,0,57.091,
vsr_486522ab5f3c,topological_containment,contains,0,jetson-qwen2.5vl:3b-q4_K_M,NO,0,True,1,1.087,
vsr_407f3202d75c,topological_containment,inside,1,jetson-qwen2.5vl:3b-q4_K_M,NO,0,True,0,57.503,
vsr_3d1e898d2f3a,topological_containment,surrounding,0,jetson-qwen2.5vl:3b-q4_K_M,YES,1,True,0,57.101,
vsr_ff201232701b,topological_containment,enclosed by,1,jetson-qwen2.5vl:3b-q4_K_M,YES,1,True,1,59.36,
vsr_71daf5a2ed5c,topological_containment,in the middle of,0,jetson-qwen2.5vl:3b-q4_K_M,NO,0,True,1,57.104,
vsr_ef1bb5961b46,topological_containment,in,1,jetson-qwen2.5vl:3b-q4_K_M,YES,1,True,1,57.056,
vsr_aa5eb04ec722,topological_containment,contains,0,jetson-qwen2.5vl:3b-q4_K_M,NO,0,True,1,58.05,
vsr_8636f0fc1409,topological_containment,surrounding,1,jetson-qwen2.5vl:3b-q4_K_M,YES,1,True,1,57.554,
vsr_3bc4e9975557,topological_containment,at the edge of,1,jetson-qwen2.5vl:3b-q4_K_M,NO,0,True,0,57.184,
vsr_4ec43f59a0b8,topological_containment,contains,1,jetson-qwen2.5vl:3b-q4_K_M,YES,1,True,1,59.458,
vsr_8b25cc740a0f,topological_containment,contains,1,jetson-qwen2.5vl:3b-q4_K_M,NO,0,True,0,109.981,
vsr_507822a25c24,topological_containment,inside,1,jetson-qwen2.5vl:3b-q4_K_M,YES,1,True,1,58.364,
vsr_7954d12b248a,topological_containment,contains,1,jetson-qwen2.5vl:3b-q4_K_M,YES,1,True,1,57.249,
vsr_3987585b07df,topological_containment,contains,0,jetson-qwen2.5vl:3b-q4_K_M,NO,0,True,1,56.923,
vsr_8fae33188837,topological_containment,in the middle of,1,jetson-qwen2.5vl:3b-q4_K_M,YES,1,True,1,57.654,
vsr_beabff0b8ba5,topological_containment,part of,0,jetson-qwen2.5vl:3b-q4_K_M,NO,0,True,1,57.76,
vsr_da613269f4af,topological_containment,contains,1,jetson-qwen2.5vl:3b-q4_K_M,NO,0,True,0,57.433,
vsr_446e8779beac,topological_containment,contains,0,jetson-qwen2.5vl:3b-q4_K_M,NO,0,True,1,57.476,
vsr_386432504df8,topological_containment,within,0,jetson-qwen2.5vl:3b-q4_K_M,YES,1,True,0,59.312,
vsr_61bc68f9edda,topological_containment,at the edge of,0,jetson-qwen2.5vl:3b-q4_K_M,YES,1,True,0,57.27,
vsr_cd6334b34e3e,topological_containment,in the middle of,0,jetson-qwen2.5vl:3b-q4_K_M,YES,1,True,0,56.307,
vsr_85f26824cd4f,topological_containment,part of,0,jetson-qwen2.5vl:3b-q4_K_M,NO,0,True,1,59.023,
vsr_b30b5bc3688c,topological_containment,inside,0,jetson-qwen2.5vl:3b-q4_K_M,NO,0,True,1,57.326,
vsr_136dea4b1d62,topological_containment,into,0,jetson-qwen2.5vl:3b-q4_K_M,NO,0,True,1,58.864,
vsr_be4945035fe8,topological_containment,contains,0,jetson-qwen2.5vl:3b-q4_K_M,NO,0,True,1,59.625,
vsr_786db849442c,topological_containment,at the edge of,1,jetson-qwen2.5vl:3b-q4_K_M,YES,1,True,1,57.348,
vsr_eddf51d7b268,topological_containment,part of,1,jetson-qwen2.5vl:3b-q4_K_M,YES,1,True,1,57.189,
vsr_fca4a505a239,topological_containment,at the edge of,1,jetson-qwen2.5vl:3b-q4_K_M,YES,1,True,1,58.734,
vsr_e2d6040e7bc3,topological_containment,within,0,jetson-qwen2.5vl:3b-q4_K_M,NO,0,True,1,57.253,
vsr_191da25190de,topological_containment,inside,0,jetson-qwen2.5vl:3b-q4_K_M,NO,0,True,1,57.309,
vsr_fe127a7eafe3,topological_containment,surrounding,1,jetson-qwen2.5vl:3b-q4_K_M,YES,1,True,1,57.357,
vsr_07cb4d9e3272,topological_containment,part of,0,jetson-qwen2.5vl:3b-q4_K_M,NO,0,True,1,57.199,
vsr_7d633b988ae7,topological_containment,in,1,jetson-qwen2.5vl:3b-q4_K_M,YES,1,True,1,57.293,
vsr_f87e3c71fcf4,topological_containment,enclosed by,0,jetson-qwen2.5vl:3b-q4_K_M,NO,0,True,1,57.299,
vsr_0b0b9dd6ed9e,topological_containment,in,0,jetson-qwen2.5vl:3b-q4_K_M,NO,0,True,1,57.254,
vsr_62bfbdaadf31,topological_containment,contains,1,jetson-qwen2.5vl:3b-q4_K_M,YES,1,True,1,57.244,
vsr_92221ec681a2,topological_containment,contains,1,jetson-qwen2.5vl:3b-q4_K_M,YES,1,True,1,57.29,
vsr_60eed30681ac,topological_containment,contains,0,jetson-qwen2.5vl:3b-q4_K_M,YES,1,True,0,59.106,
vsr_915ba4eaa920,topological_containment,in,0,jetson-qwen2.5vl:3b-q4_K_M,NO,0,True,1,57.095,
vsr_7c3f891be775,topological_containment,in,1,jetson-qwen2.5vl:3b-q4_K_M,YES,1,True,1,59.464,
vsr_6304cd8df43e,topological_containment,inside,0,jetson-qwen2.5vl:3b-q4_K_M,YES,1,True,0,55.831,
vsr_63aad2af44c9,topological_containment,into,0,jetson-qwen2.5vl:3b-q4_K_M,NO,0,True,1,57.376,
vsr_e56f278b7c9a,topological_containment,inside,1,jetson-qwen2.5vl:3b-q4_K_M,NO,0,True,0,56.991,
vsr_55fe9fac59ab,topological_containment,contains,0,jetson-qwen2.5vl:3b-q4_K_M,NO,0,True,1,57.636,
vsr_90a5c4d0ca53,topological_containment,contains,0,jetson-qwen2.5vl:3b-q4_K_M,NO,0,True,1,57.967,
vsr_00a9e293e595,topological_containment,inside,1,jetson-qwen2.5vl:3b-q4_K_M,YES,1,True,1,57.173,
vsr_7df906deea3b,topological_containment,in the middle of,1,jetson-qwen2.5vl:3b-q4_K_M,NO,0,True,0,58.11,
vsr_a732b2a368f3,topological_containment,in,1,jetson-qwen2.5vl:3b-q4_K_M,YES,1,True,1,56.934,
vsr_41dabe8b4e0b,topological_containment,contains,0,jetson-qwen2.5vl:3b-q4_K_M,NO,0,True,1,59.198,
vsr_17dc6484b27a,topological_containment,in,0,jetson-qwen2.5vl:3b-q4_K_M,NO,0,True,1,57.011,
vsr_538dee542403,topological_containment,in,0,jetson-qwen2.5vl:3b-q4_K_M,NO,0,True,1,56.82,
vsr_6c97903a4052,topological_containment,in the middle of,1,jetson-qwen2.5vl:3b-q4_K_M,YES,1,True,1,57.326,
vsr_d50c40410c16,topological_containment,at the edge of,0,jetson-qwen2.5vl:3b-q4_K_M,NO,0,True,1,58.619,
vsr_a65921d2c09b,topological_containment,contains,1,jetson-qwen2.5vl:3b-q4_K_M,YES,1,True,1,57.166,
vsr_7b6a0fa1e389,topological_containment,in the middle of,1,jetson-qwen2.5vl:3b-q4_K_M,YES,1,True,1,58.054,
vsr_8f2305883d85,topological_containment,inside,1,jetson-qwen2.5vl:3b-q4_K_M,YES,1,True,1,55.73,
vsr_f8053bcc46b6,topological_containment,outside,1,jetson-qwen2.5vl:3b-q4_K_M,NO,0,True,0,58.601,
vsr_39a95077d3ed,topological_containment,in,1,jetson-qwen2.5vl:3b-q4_K_M,YES,1,True,1,58.189,
vsr_4d45c05b99e0,topological_containment,at the edge of,0,jetson-qwen2.5vl:3b-q4_K_M,NO,0,True,1,58.202,
vsr_3f1e3fa37f2a,topological_containment,inside,0,jetson-qwen2.5vl:3b-q4_K_M,NO,0,True,1,58.744,
vsr_460f063d7a47,topological_containment,in the middle of,0,jetson-qwen2.5vl:3b-q4_K_M,YES,1,True,0,58.607,
vsr_fe2b83549bfa,topological_containment,into,0,jetson-qwen2.5vl:3b-q4_K_M,NO,0,True,1,57.41,
vsr_bd3cd148b798,topological_containment,in,0,jetson-qwen2.5vl:3b-q4_K_M,NO,0,True,1,56.972,
vsr_6d071c7f5bde,topological_containment,in,0,jetson-qwen2.5vl:3b-q4_K_M,NO,0,True,1,57.527,
vsr_529f67cbaad7,topological_containment,inside,1,jetson-qwen2.5vl:3b-q4_K_M,YES,1,True,1,58.138,
vsr_867793bd5726,topological_containment,inside,0,jetson-qwen2.5vl:3b-q4_K_M,NO,0,True,1,57.335,
vsr_808894f767d7,topological_containment,inside,0,jetson-qwen2.5vl:3b-q4_K_M,NO,0,True,1,56.985,
vsr_770fa2bb2630,topological_containment,contains,1,jetson-qwen2.5vl:3b-q4_K_M,YES,1,True,1,56.693,
vsr_cb9c12c173eb,topological_containment,into,1,jetson-qwen2.5vl:3b-q4_K_M,YES,1,True,1,58.74,
vsr_ae53ca22add4,topological_containment,surrounding,1,jetson-qwen2.5vl:3b-q4_K_M,NO,0,True,0,58.227,
vsr_c744e572bb03,topological_containment,inside,1,jetson-qwen2.5vl:3b-q4_K_M,NO,0,True,0,58.806,
vsr_30fba957c7fc,topological_containment,surrounding,0,jetson-qwen2.5vl:3b-q4_K_M,YES,1,True,0,57.272,
vsr_301416bfb02e,topological_containment,at the edge of,0,jetson-qwen2.5vl:3b-q4_K_M,NO,0,True,1,57.294,
vsr_340ec515c81d,topological_containment,surrounding,1,jetson-qwen2.5vl:3b-q4_K_M,YES,1,True,1,57.259,
vsr_6da83954d5e5,topological_containment,in,0,jetson-qwen2.5vl:3b-q4_K_M,NO,0,True,1,56.99,
vsr_7de78bb445e9,topological_containment,in,0,jetson-qwen2.5vl:3b-q4_K_M,NO,0,True,1,56.801,
vsr_dfa5e5f9ee09,topological_containment,in,0,jetson-qwen2.5vl:3b-q4_K_M,NO,0,True,1,58.567,
vsr_2d3dc669e2c6,topological_containment,surrounding,0,jetson-qwen2.5vl:3b-q4_K_M,NO,0,True,1,57.423,
vsr_4f81b6839148,topological_containment,inside,1,jetson-qwen2.5vl:3b-q4_K_M,NO,0,True,0,58.872,
vsr_f21dfbfefad1,topological_containment,part of,0,jetson-qwen2.5vl:3b-q4_K_M,NO,0,True,1,58.83,
vsr_21255948f4a8,topological_containment,inside,0,jetson-qwen2.5vl:3b-q4_K_M,YES,1,True,0,58.691,
vsr_880b67c9f33a,topological_containment,part of,1,jetson-qwen2.5vl:3b-q4_K_M,NO,0,True,0,58.735,
vsr_6feb67d67174,topological_containment,contains,0,jetson-qwen2.5vl:3b-q4_K_M,YES,1,True,0,57.387,
vsr_94f6a0e18a34,topological_containment,in,0,jetson-qwen2.5vl:3b-q4_K_M,NO,0,True,1,58.554,
vsr_13eff4e6c074,topological_containment,in,1,jetson-qwen2.5vl:3b-q4_K_M,YES,1,True,1,1.145,
vsr_d40426adb981,topological_containment,in,0,jetson-qwen2.5vl:3b-q4_K_M,YES,1,True,0,57.415,
vsr_ea29ec142781,topological_containment,contains,0,jetson-qwen2.5vl:3b-q4_K_M,NO,0,True,1,58.166,
vsr_f592bb16a0fd,topological_containment,part of,1,jetson-qwen2.5vl:3b-q4_K_M,YES,1,True,1,59.153,
vsr_d07cb2d98b7f,topological_containment,inside,0,jetson-qwen2.5vl:3b-q4_K_M,NO,0,True,1,57.519,
vsr_9bd6c3a26b51,topological_containment,inside,1,jetson-qwen2.5vl:3b-q4_K_M,YES,1,True,1,57.414,
vsr_c4222cbdc8ec,topological_containment,contains,1,jetson-qwen2.5vl:3b-q4_K_M,YES,1,True,1,108.975,
vsr_23b8a8f0d239,topological_containment,at the edge of,1,jetson-qwen2.5vl:3b-q4_K_M,NO,0,True,0,57.854,
vsr_451a137d7057,topological_containment,outside,1,jetson-qwen2.5vl:3b-q4_K_M,YES,1,True,1,57.653,
vsr_eb5c75e63a26,topological_containment,contains,0,jetson-qwen2.5vl:3b-q4_K_M,NO,0,True,1,56.412,
vsr_7ad1be895667,topological_containment,inside,0,jetson-qwen2.5vl:3b-q4_K_M,YES,1,True,0,57.38,
vsr_82c03c5b572c,topological_containment,surrounding,0,jetson-qwen2.5vl:3b-q4_K_M,NO,0,True,1,57.713,
vsr_8ef5eaf19eb9,topological_containment,contains,1,jetson-qwen2.5vl:3b-q4_K_M,YES,1,True,1,57.694,
vsr_51e74cc18ea7,topological_containment,contains,0,jetson-qwen2.5vl:3b-q4_K_M,NO,0,True,1,56.517,
vsr_03d9622c2efa,topological_containment,at the edge of,1,jetson-qwen2.5vl:3b-q4_K_M,YES,1,True,1,57.523,
vsr_48831e4197df,topological_containment,part of,1,jetson-qwen2.5vl:3b-q4_K_M,YES,1,True,1,59.379,
vsr_22483631d890,topological_containment,inside,1,jetson-qwen2.5vl:3b-q4_K_M,YES,1,True,1,60.803,
vsr_8ca68eb3bdaa,topological_containment,surrounding,0,jetson-qwen2.5vl:3b-q4_K_M,NO,0,True,1,58.721,
vsr_f07c1b7e60b2,topological_containment,contains,0,jetson-qwen2.5vl:3b-q4_K_M,NO,0,True,1,59.308,
vsr_c82e091f2bec,topological_containment,contains,0,jetson-qwen2.5vl:3b-q4_K_M,YES,1,True,0,59.234,
vsr_9228029847bd,topological_containment,within,1,jetson-qwen2.5vl:3b-q4_K_M,YES,1,True,1,58.592,
vsr_94933be500c6,topological_containment,at the edge of,1,jetson-qwen2.5vl:3b-q4_K_M,YES,1,True,1,57.669,
vsr_63ef2922f56d,topological_containment,at the edge of,0,jetson-qwen2.5vl:3b-q4_K_M,NO,0,True,1,56.148,
vsr_336bae661b9d,topological_containment,in,1,jetson-qwen2.5vl:3b-q4_K_M,NO,0,True,0,60.083,
vsr_fa30ded48b1f,topological_containment,inside,1,jetson-qwen2.5vl:3b-q4_K_M,YES,1,True,1,55.965,
vsr_417ea0f20e0f,topological_containment,into,0,jetson-qwen2.5vl:3b-q4_K_M,NO,0,True,1,57.415,
vsr_1df6f56c945e,topological_containment,contains,1,jetson-qwen2.5vl:3b-q4_K_M,YES,1,True,1,59.126,
vsr_72f7a7d29239,topological_containment,inside,1,jetson-qwen2.5vl:3b-q4_K_M,YES,1,True,1,57.503,
vsr_4f4cf6809cbe,topological_containment,contains,0,jetson-qwen2.5vl:3b-q4_K_M,NO,0,True,1,59.17,
vsr_618e9a396117,topological_containment,out of,1,jetson-qwen2.5vl:3b-q4_K_M,NO,0,True,0,57.55,
vsr_7b29c06e3531,topological_containment,inside,0,jetson-qwen2.5vl:3b-q4_K_M,NO,0,True,1,57.376,
vsr_e727127782e0,topological_containment,at the edge of,0,jetson-qwen2.5vl:3b-q4_K_M,YES,1,True,0,57.423,
vsr_90567ba05354,topological_containment,in the middle of,0,jetson-qwen2.5vl:3b-q4_K_M,NO,0,True,1,59.224,
vsr_4548e1e458dd,topological_containment,in,0,jetson-qwen2.5vl:3b-q4_K_M,NO,0,True,1,57.639,
vsr_5fb498bbe49f,topological_containment,in,0,jetson-qwen2.5vl:3b-q4_K_M,NO,0,True,1,59.489,
vsr_fd42853f8669,topological_containment,contains,1,jetson-qwen2.5vl:3b-q4_K_M,YES,1,True,1,57.615,
vsr_c4db5fba78ef,topological_containment,has as a part,1,jetson-qwen2.5vl:3b-q4_K_M,NO,0,True,0,60.022,
vsr_3a099615df97,topological_containment,inside,0,jetson-qwen2.5vl:3b-q4_K_M,NO,0,True,1,59.167,
vsr_53149d397e96,topological_containment,at the edge of,0,jetson-qwen2.5vl:3b-q4_K_M,NO,0,True,1,57.511,
vsr_be98518a9cb7,topological_containment,consists of,1,jetson-qwen2.5vl:3b-q4_K_M,NO,0,True,0,57.559,
vsr_224c9455b7dd,topological_containment,inside,0,jetson-qwen2.5vl:3b-q4_K_M,NO,0,True,1,57.588,
vsr_7ab0082e876e,topological_containment,inside,0,jetson-qwen2.5vl:3b-q4_K_M,NO,0,True,1,59.635,
vsr_4a3ee11423cf,topological_containment,in the middle of,1,jetson-qwen2.5vl:3b-q4_K_M,NO,0,True,0,56.193,
vsr_ff73d27bf757,topological_containment,in,1,jetson-qwen2.5vl:3b-q4_K_M,YES,1,True,1,59.06,
vsr_400362dd9fbf,topological_containment,contains,0,jetson-qwen2.5vl:3b-q4_K_M,NO,0,True,1,57.621,
vsr_7172e980fb8f,topological_containment,part of,1,jetson-qwen2.5vl:3b-q4_K_M,YES,1,True,1,57.312,
vsr_322c7cd93d3f,topological_containment,in,1,jetson-qwen2.5vl:3b-q4_K_M,YES,1,True,1,59.51,
vsr_2150935e0156,topological_containment,contains,1,jetson-qwen2.5vl:3b-q4_K_M,YES,1,True,1,57.207,
vsr_f61a6579a714,topological_containment,at the edge of,0,jetson-qwen2.5vl:3b-q4_K_M,NO,0,True,1,59.412,
vsr_0b9ec33f6858,topological_containment,in,0,jetson-qwen2.5vl:3b-q4_K_M,NO,0,True,1,59.059,
vsr_c3565e9ab90e,topological_containment,contains,0,jetson-qwen2.5vl:3b-q4_K_M,NO,0,True,1,57.63,
vsr_2b12bc5ee4e2,topological_containment,within,0,jetson-qwen2.5vl:3b-q4_K_M,NO,0,True,1,58.822,
vsr_a25efe8886a3,topological_containment,contains,0,jetson-qwen2.5vl:3b-q4_K_M,NO,0,True,1,57.531,
vsr_c464981456df,topological_containment,inside,1,jetson-qwen2.5vl:3b-q4_K_M,NO,0,True,0,59.21,
vsr_767f1880ec2a,topological_containment,part of,0,jetson-qwen2.5vl:3b-q4_K_M,NO,0,True,1,57.602,
vsr_3760be3a1da9,topological_containment,at the edge of,1,jetson-qwen2.5vl:3b-q4_K_M,NO,0,True,0,58.958,
vsr_fdd153436a12,topological_containment,contains,1,jetson-qwen2.5vl:3b-q4_K_M,YES,1,True,1,57.316,
vsr_e3ddaacc6dae,topological_containment,has as a part,0,jetson-qwen2.5vl:3b-q4_K_M,NO,0,True,1,56.989,
vsr_8edde573d247,topological_containment,inside,0,jetson-qwen2.5vl:3b-q4_K_M,NO,0,True,1,57.555,
vsr_d9fff35bd8f8,topological_containment,in,1,jetson-qwen2.5vl:3b-q4_K_M,YES,1,True,1,57.738,
vsr_ae7247bc3228,topological_containment,in the middle of,1,jetson-qwen2.5vl:3b-q4_K_M,YES,1,True,1,57.719,
vsr_b81f1280b35c,topological_containment,part of,0,jetson-qwen2.5vl:3b-q4_K_M,NO,0,True,1,57.98,
vsr_e5e4ab6f6219,topological_containment,at the edge of,0,jetson-qwen2.5vl:3b-q4_K_M,NO,0,True,1,56.096,
vsr_0f36a8df3a7c,topological_containment,contains,1,jetson-qwen2.5vl:3b-q4_K_M,YES,1,True,1,59.338,
vsr_015b884c472e,topological_containment,in,0,jetson-qwen2.5vl:3b-q4_K_M,YES,1,True,0,59.105,
vsr_4b289dfce1ec,topological_containment,contains,1,jetson-qwen2.5vl:3b-q4_K_M,YES,1,True,1,59.184,
vsr_7980796817a7,topological_containment,contains,0,jetson-qwen2.5vl:3b-q4_K_M,NO,0,True,1,57.657,
vsr_7e1f5f7afb02,topological_containment,within,0,jetson-qwen2.5vl:3b-q4_K_M,NO,0,True,1,56.32,
vsr_08d0a35d816b,topological_containment,contains,1,jetson-qwen2.5vl:3b-q4_K_M,YES,1,True,1,57.946,
vsr_4e44686b2783,topological_containment,contains,0,jetson-qwen2.5vl:3b-q4_K_M,NO,0,True,1,57.381,
vsr_540cf147cf73,topological_containment,at the edge of,1,jetson-qwen2.5vl:3b-q4_K_M,YES,1,True,1,58.685,
vsr_03352f66bc5b,topological_containment,at the edge of,1,jetson-qwen2.5vl:3b-q4_K_M,YES,1,True,1,57.751,
vsr_095117d18f0e,topological_containment,inside,0,jetson-qwen2.5vl:3b-q4_K_M,YES,1,True,0,57.639,
vsr_c0ac20a73672,topological_containment,in,1,jetson-qwen2.5vl:3b-q4_K_M,YES,1,True,1,59.172,
vsr_2b1a120d9002,topological_containment,within,1,jetson-qwen2.5vl:3b-q4_K_M,YES,1,True,1,57.73,
vsr_7dc3e181d252,topological_containment,in,1,jetson-qwen2.5vl:3b-q4_K_M,NO,0,True,0,59.177,
vsr_375490cd3428,topological_containment,contains,1,jetson-qwen2.5vl:3b-q4_K_M,YES,1,True,1,58.568,
vsr_161e480553b2,topological_containment,inside,1,jetson-qwen2.5vl:3b-q4_K_M,YES,1,True,1,58.036,
vsr_e69d6ab94cee,topological_containment,inside,0,jetson-qwen2.5vl:3b-q4_K_M,NO,0,True,1,59.34,
vsr_b3ddf440dc5c,topological_containment,inside,0,jetson-qwen2.5vl:3b-q4_K_M,NO,0,True,1,57.903,
vsr_6e2ae07c6cf2,topological_containment,into,0,jetson-qwen2.5vl:3b-q4_K_M,NO,0,True,1,59.448,
vsr_d54e031c8a19,topological_containment,has as a part,1,jetson-qwen2.5vl:3b-q4_K_M,YES,1,True,1,59.366,
vsr_29f4707b8ba9,topological_containment,in,1,jetson-qwen2.5vl:3b-q4_K_M,YES,1,True,1,59.247,
vsr_9458da2604f9,topological_containment,in the middle of,1,jetson-qwen2.5vl:3b-q4_K_M,YES,1,True,1,58.103,
vsr_202a6676a3f6,topological_containment,in the middle of,0,jetson-qwen2.5vl:3b-q4_K_M,NO,0,True,1,59.826,
vsr_b106985c5fb7,topological_containment,at the edge of,1,jetson-qwen2.5vl:3b-q4_K_M,NO,0,True,0,58.136,
vsr_0598738e317f,topological_containment,contains,0,jetson-qwen2.5vl:3b-q4_K_M,NO,0,True,1,111.609,
vsr_b2ffafeb3f3f,topological_containment,at the edge of,1,jetson-qwen2.5vl:3b-q4_K_M,YES,1,True,1,58.978,
vsr_4d51194a96a7,topological_containment,inside,0,jetson-qwen2.5vl:3b-q4_K_M,YES,1,True,0,58.91,
vsr_2bdf8d616d20,topological_containment,inside,1,jetson-qwen2.5vl:3b-q4_K_M,YES,1,True,1,57.469,
vsr_9c80a84b137b,topological_containment,at the edge of,1,jetson-qwen2.5vl:3b-q4_K_M,YES,1,True,1,59.044,
vsr_9fb2f70fabe6,topological_containment,part of,0,jetson-qwen2.5vl:3b-q4_K_M,NO,0,True,1,57.419,
vsr_17e61cf2e68d,topological_containment,in,0,jetson-qwen2.5vl:3b-q4_K_M,NO,0,True,1,58.282,
vsr_bb54a1d60a6a,topological_containment,in,0,jetson-qwen2.5vl:3b-q4_K_M,NO,0,True,1,57.336,
vsr_b739b04a389a,topological_containment,surrounding,1,jetson-qwen2.5vl:3b-q4_K_M,YES,1,True,1,57.224,
vsr_69bd0ac00bd1,topological_containment,in the middle of,1,jetson-qwen2.5vl:3b-q4_K_M,YES,1,True,1,57.485,
vsr_02004e968456,topological_containment,at the edge of,0,jetson-qwen2.5vl:3b-q4_K_M,NO,0,True,1,57.105,
vsr_8ee61a6e541a,topological_containment,within,1,jetson-qwen2.5vl:3b-q4_K_M,YES,1,True,1,57.466,
vsr_403ee99a9655,topological_containment,inside,1,jetson-qwen2.5vl:3b-q4_K_M,YES,1,True,1,57.05,
vsr_a8203fdbec16,topological_containment,in,0,jetson-qwen2.5vl:3b-q4_K_M,NO,0,True,1,56.991,
vsr_38de6a71d831,topological_containment,contains,0,jetson-qwen2.5vl:3b-q4_K_M,NO,0,True,1,59.187,
vsr_c03f7120295b,topological_containment,part of,1,jetson-qwen2.5vl:3b-q4_K_M,YES,1,True,1,59.105,
vsr_19c0c8df8550,topological_containment,inside,0,jetson-qwen2.5vl:3b-q4_K_M,NO,0,True,1,58.845,
vsr_08fe0af9f32e,topological_containment,inside,1,jetson-qwen2.5vl:3b-q4_K_M,YES,1,True,1,57.214,
vsr_850fecad51ca,topological_containment,in,1,jetson-qwen2.5vl:3b-q4_K_M,YES,1,True,1,56.854,
vsr_58919712193a,topological_containment,inside,0,jetson-qwen2.5vl:3b-q4_K_M,NO,0,True,1,55.771,
vsr_30e2bb5da563,topological_containment,at the edge of,0,jetson-qwen2.5vl:3b-q4_K_M,NO,0,True,1,58.278,
vsr_db20cf8e58ba,topological_containment,contains,0,jetson-qwen2.5vl:3b-q4_K_M,NO,0,True,1,59.926,
vsr_1544bcad320c,topological_containment,at the edge of,1,jetson-qwen2.5vl:3b-q4_K_M,NO,0,True,0,57.791,
vsr_3174584f023a,topological_containment,contains,1,jetson-qwen2.5vl:3b-q4_K_M,YES,1,True,1,57.404,
vsr_459eb470f098,topological_containment,inside,1,jetson-qwen2.5vl:3b-q4_K_M,YES,1,True,1,57.41,
vsr_79efbc14853e,topological_containment,consists of,0,jetson-qwen2.5vl:3b-q4_K_M,NO,0,True,1,59.256,
vsr_66ba1c7ecc2c,topological_containment,in,0,jetson-qwen2.5vl:3b-q4_K_M,NO,0,True,1,56.831,
vsr_d65ffd34c28d,topological_containment,contains,0,jetson-qwen2.5vl:3b-q4_K_M,NO,0,True,1,58.634,
vsr_22e542f136f3,topological_containment,in,1,jetson-qwen2.5vl:3b-q4_K_M,YES,1,True,1,57.994,
vsr_200534a05721,topological_containment,contains,0,jetson-qwen2.5vl:3b-q4_K_M,YES,1,True,0,57.221,
vsr_20ed9019c90f,topological_containment,inside,1,jetson-qwen2.5vl:3b-q4_K_M,YES,1,True,1,57.262,
vsr_eac6cfe27de7,topological_containment,in the middle of,0,jetson-qwen2.5vl:3b-q4_K_M,NO,0,True,1,59.189,
vsr_2cd9cbdd9d3c,topological_containment,part of,1,jetson-qwen2.5vl:3b-q4_K_M,YES,1,True,1,59.041,
vsr_1cfcee681a4d,topological_containment,surrounding,1,jetson-qwen2.5vl:3b-q4_K_M,YES,1,True,1,57.056,
vsr_dcd7734a1f87,topological_containment,in,1,jetson-qwen2.5vl:3b-q4_K_M,YES,1,True,1,57.973,
vsr_3ab77bb8bc63,topological_containment,part of,0,jetson-qwen2.5vl:3b-q4_K_M,NO,0,True,1,57.283,
vsr_98f25839ea4b,topological_containment,in the middle of,0,jetson-qwen2.5vl:3b-q4_K_M,NO,0,True,1,57.361,
vsr_acf0a49732c2,topological_containment,inside,1,jetson-qwen2.5vl:3b-q4_K_M,YES,1,True,1,56.58,
vsr_65757d381c2f,topological_containment,part of,1,jetson-qwen2.5vl:3b-q4_K_M,YES,1,True,1,56.85,
vsr_69ccab9e938f,topological_containment,contains,1,jetson-qwen2.5vl:3b-q4_K_M,YES,1,True,1,58.791,
vsr_95db74aa6140,topological_containment,inside,1,jetson-qwen2.5vl:3b-q4_K_M,YES,1,True,1,57.084,
vsr_0e6cc2429c24,topological_containment,inside,0,jetson-qwen2.5vl:3b-q4_K_M,NO,0,True,1,58.01,
vsr_a30e698360fe,topological_containment,at the edge of,1,jetson-qwen2.5vl:3b-q4_K_M,YES,1,True,1,57.503,
vsr_a1e419415c17,topological_containment,into,0,jetson-qwen2.5vl:3b-q4_K_M,NO,0,True,1,57.261,
vsr_7c3f41d3a926,topological_containment,contains,0,jetson-qwen2.5vl:3b-q4_K_M,NO,0,True,1,59.404,
vsr_b6eddeef4f05,topological_containment,contains,1,jetson-qwen2.5vl:3b-q4_K_M,YES,1,True,1,57.27,
vsr_a66c79b05b79,topological_containment,has as a part,1,jetson-qwen2.5vl:3b-q4_K_M,YES,1,True,1,58.973,
vsr_33534b12e7d4,topological_containment,outside,0,jetson-qwen2.5vl:3b-q4_K_M,NO,0,True,1,58.185,
vsr_261bc2598ee3,topological_containment,contains,0,jetson-qwen2.5vl:3b-q4_K_M,NO,0,True,1,57.749,
vsr_383816af4568,topological_containment,in,0,jetson-qwen2.5vl:3b-q4_K_M,NO,0,True,1,57.148,
vsr_2629c8297614,topological_containment,in,0,jetson-qwen2.5vl:3b-q4_K_M,NO,0,True,1,58.951,
vsr_406c6615febd,topological_containment,in,1,jetson-qwen2.5vl:3b-q4_K_M,YES,1,True,1,57.064,
vsr_b08c43c14f1f,topological_containment,part of,1,jetson-qwen2.5vl:3b-q4_K_M,YES,1,True,1,58.886,
vsr_c032448d057b,topological_containment,in the middle of,0,jetson-qwen2.5vl:3b-q4_K_M,YES,1,True,0,58.67,
vsr_49197e400f36,topological_containment,contains,0,jetson-qwen2.5vl:3b-q4_K_M,NO,0,True,1,57.158,
vsr_f2c1fdeefb7d,topological_containment,at the edge of,1,jetson-qwen2.5vl:3b-q4_K_M,NO,0,True,0,57.152,
vsr_1b3ae0756a84,topological_containment,inside,0,jetson-qwen2.5vl:3b-q4_K_M,NO,0,True,1,57.134,
vsr_919621ccfa21,topological_containment,in,1,jetson-qwen2.5vl:3b-q4_K_M,NO,0,True,0,55.64,
vsr_8b026b2666a9,topological_containment,part of,1,jetson-qwen2.5vl:3b-q4_K_M,NO,0,True,0,58.702,
vsr_8a45fd8621e2,topological_containment,in,1,jetson-qwen2.5vl:3b-q4_K_M,YES,1,True,1,58.705,
vsr_33e5aaeba204,topological_containment,contains,1,jetson-qwen2.5vl:3b-q4_K_M,YES,1,True,1,57.473,
vsr_1296cc53394b,topological_containment,contains,1,jetson-qwen2.5vl:3b-q4_K_M,YES,1,True,1,57.069,
vsr_a9b6f6059023,topological_containment,surrounding,0,jetson-qwen2.5vl:3b-q4_K_M,NO,0,True,1,58.583,
vsr_0069ba213b52,topological_containment,contains,0,jetson-qwen2.5vl:3b-q4_K_M,NO,0,True,1,55.757,
vsr_187a1f98fbc7,topological_containment,in,1,jetson-qwen2.5vl:3b-q4_K_M,YES,1,True,1,57.188,
vsr_8fc039c9ef66,topological_containment,within,1,jetson-qwen2.5vl:3b-q4_K_M,YES,1,True,1,58.799,
vsr_7e615b914d54,topological_containment,part of,1,jetson-qwen2.5vl:3b-q4_K_M,YES,1,True,1,57.021,
vsr_bb66fd418155,topological_containment,contains,0,jetson-qwen2.5vl:3b-q4_K_M,NO,0,True,1,59.107,
vsr_4e6162c26d7c,topological_containment,in,0,jetson-qwen2.5vl:3b-q4_K_M,NO,0,True,1,55.896,
vsr_d271a61a9dbf,topological_containment,inside,1,jetson-qwen2.5vl:3b-q4_K_M,YES,1,True,1,57.464,
vsr_a21e26c9e18f,topological_containment,inside,1,jetson-qwen2.5vl:3b-q4_K_M,YES,1,True,1,57.203,
vsr_f5cea4b488a9,topological_containment,at the edge of,0,jetson-qwen2.5vl:3b-q4_K_M,NO,0,True,1,57.155,
vsr_3f20a4f1e66b,topological_containment,into,1,jetson-qwen2.5vl:3b-q4_K_M,YES,1,True,1,59.196,
vsr_72565aa15691,topological_containment,inside,1,jetson-qwen2.5vl:3b-q4_K_M,YES,1,True,1,57.365,
vsr_d490e90fced1,topological_containment,in,0,jetson-qwen2.5vl:3b-q4_K_M,NO,0,True,1,58.723,
vsr_332a3b3db7ea,topological_containment,in the middle of,0,jetson-qwen2.5vl:3b-q4_K_M,NO,0,True,1,58.278,
vsr_2763629b87b8,topological_containment,contains,0,jetson-qwen2.5vl:3b-q4_K_M,NO,0,True,1,57.526,
vsr_598183d73d12,topological_containment,in,1,jetson-qwen2.5vl:3b-q4_K_M,YES,1,True,1,55.742,
vsr_a47c2cf64291,topological_containment,in,1,jetson-qwen2.5vl:3b-q4_K_M,YES,1,True,1,57.662,
vsr_026c1102adcc,topological_containment,contains,0,jetson-qwen2.5vl:3b-q4_K_M,NO,0,True,1,57.209,
vsr_83f52aaccc18,topological_containment,surrounding,0,jetson-qwen2.5vl:3b-q4_K_M,NO,0,True,1,109.909,
vsr_29eda7b60d60,topological_containment,inside,1,jetson-qwen2.5vl:3b-q4_K_M,YES,1,True,1,58.892,
vsr_911bb32e910e,topological_containment,contains,1,jetson-qwen2.5vl:3b-q4_K_M,NO,0,True,0,55.922,
vsr_8517495e66bc,topological_containment,part of,0,jetson-qwen2.5vl:3b-q4_K_M,NO,0,True,1,58.963,
vsr_6797cb5aa366,topological_containment,in the middle of,0,jetson-qwen2.5vl:3b-q4_K_M,NO,0,True,1,58.929,
vsr_f21d7b107a75,topological_containment,in the middle of,1,jetson-qwen2.5vl:3b-q4_K_M,YES,1,True,1,58.767,
vsr_1ce9eb28ba72,topological_containment,into,1,jetson-qwen2.5vl:3b-q4_K_M,YES,1,True,1,58.844,
vsr_d4486b7f6b51,topological_containment,contains,1,jetson-qwen2.5vl:3b-q4_K_M,NO,0,True,0,57.214,
vsr_c7256fbb540b,topological_containment,at the edge of,0,jetson-qwen2.5vl:3b-q4_K_M,YES,1,True,0,56.311,
vsr_149e2b37d9f3,topological_containment,in,0,jetson-qwen2.5vl:3b-q4_K_M,NO,0,True,1,57.152,
vsr_f4891a781d6f,topological_containment,contains,0,jetson-qwen2.5vl:3b-q4_K_M,NO,0,True,1,57.045,
vsr_958de8553e4f,topological_containment,contains,0,jetson-qwen2.5vl:3b-q4_K_M,NO,0,True,1,57.22,
vsr_693ea969af48,topological_containment,out of,0,jetson-qwen2.5vl:3b-q4_K_M,NO,0,True,1,58.954,
vsr_42914a104d7f,topological_containment,contains,1,jetson-qwen2.5vl:3b-q4_K_M,YES,1,True,1,58.875,
vsr_57c0a3a1bb28,topological_containment,part of,1,jetson-qwen2.5vl:3b-q4_K_M,YES,1,True,1,58.203,
vsr_64ea41b0e65d,topological_containment,contains,1,jetson-qwen2.5vl:3b-q4_K_M,YES,1,True,1,57.04,
vsr_3ec7c239e98f,topological_containment,inside,1,jetson-qwen2.5vl:3b-q4_K_M,YES,1,True,1,58.699,
vsr_422e0bc3e4af,topological_containment,into,0,jetson-qwen2.5vl:3b-q4_K_M,NO,0,True,1,57.094,
vsr_ebdc3371b047,topological_containment,at the edge of,0,jetson-qwen2.5vl:3b-q4_K_M,NO,0,True,1,58.983,
vsr_2a408dddf596,topological_containment,in the middle of,0,jetson-qwen2.5vl:3b-q4_K_M,NO,0,True,1,56.055,
vsr_177dc1b8eaad,topological_containment,in,1,jetson-qwen2.5vl:3b-q4_K_M,NO,0,True,0,57.272,
vsr_b76a24071acb,topological_containment,surrounding,1,jetson-qwen2.5vl:3b-q4_K_M,YES,1,True,1,57.093,
vsr_607cbbd41ccd,topological_containment,at the edge of,1,jetson-qwen2.5vl:3b-q4_K_M,NO,0,True,0,57.634,
vsr_450643378cbe,topological_containment,inside,0,jetson-qwen2.5vl:3b-q4_K_M,NO,0,True,1,57.137,
vsr_e2491432e822,topological_containment,surrounding,1,jetson-qwen2.5vl:3b-q4_K_M,YES,1,True,1,58.805,
vsr_ca16819b0abf,topological_containment,at the edge of,1,jetson-qwen2.5vl:3b-q4_K_M,NO,0,True,0,57.144,
vsr_0d3e9aed460a,topological_containment,inside,1,jetson-qwen2.5vl:3b-q4_K_M,YES,1,True,1,57.133,
vsr_760c2eab3a54,topological_containment,part of,1,jetson-qwen2.5vl:3b-q4_K_M,YES,1,True,1,57.15,
vsr_8bcb68973b8c,topological_containment,part of,0,jetson-qwen2.5vl:3b-q4_K_M,NO,0,True,1,57.309,
vsr_9a37bf6bbee6,topological_containment,part of,0,jetson-qwen2.5vl:3b-q4_K_M,NO,0,True,1,55.685,
vsr_ae65195da57e,topological_containment,contains,1,jetson-qwen2.5vl:3b-q4_K_M,YES,1,True,1,58.636,
vsr_d65615a543e8,topological_containment,in,1,jetson-qwen2.5vl:3b-q4_K_M,YES,1,True,1,56.806,
vsr_4433fa19e2a5,topological_containment,contains,0,jetson-qwen2.5vl:3b-q4_K_M,NO,0,True,1,57.204,
vsr_328860016dc0,topological_containment,in,0,jetson-qwen2.5vl:3b-q4_K_M,NO,0,True,1,56.834,
vsr_bb00d64169b2,topological_containment,at the edge of,0,jetson-qwen2.5vl:3b-q4_K_M,NO,0,True,1,58.79,
vsr_33f45121057b,topological_containment,contains,0,jetson-qwen2.5vl:3b-q4_K_M,NO,0,True,1,57.025,
vsr_ce382045e923,topological_containment,contains,0,jetson-qwen2.5vl:3b-q4_K_M,NO,0,True,1,59.869,
vsr_82aa19e65ed0,topological_containment,at the edge of,0,jetson-qwen2.5vl:3b-q4_K_M,NO,0,True,1,58.792,
vsr_5b8e82ba9163,topological_containment,inside,1,jetson-qwen2.5vl:3b-q4_K_M,YES,1,True,1,56.832,
vsr_0b2d2cc2b52b,topological_containment,surrounding,0,jetson-qwen2.5vl:3b-q4_K_M,NO,0,True,1,56.862,
vsr_aee1022514a3,topological_containment,contains,1,jetson-qwen2.5vl:3b-q4_K_M,YES,1,True,1,57.149,
vsr_4bac5483d32d,topological_containment,contains,0,jetson-qwen2.5vl:3b-q4_K_M,NO,0,True,1,56.928,
vsr_796988adb52b,topological_containment,in,1,jetson-qwen2.5vl:3b-q4_K_M,YES,1,True,1,57.322,
vsr_6572130a3e84,topological_containment,inside,1,jetson-qwen2.5vl:3b-q4_K_M,YES,1,True,1,58.034,
vsr_19d04121dce0,topological_containment,in the middle of,1,jetson-qwen2.5vl:3b-q4_K_M,YES,1,True,1,57.181,
vsr_9eb0d10bd97a,topological_containment,surrounding,1,jetson-qwen2.5vl:3b-q4_K_M,YES,1,True,1,59.006,
vsr_ac6c11b0e736,topological_containment,contains,1,jetson-qwen2.5vl:3b-q4_K_M,YES,1,True,1,57.957,
vsr_11e8b6df21cd,topological_containment,contains,0,jetson-qwen2.5vl:3b-q4_K_M,NO,0,True,1,57.643,
vsr_bcc47269a8a8,topological_containment,contains,0,jetson-qwen2.5vl:3b-q4_K_M,YES,1,True,0,56.954,
vsr_ff15702f0bcd,topological_containment,at the edge of,1,jetson-qwen2.5vl:3b-q4_K_M,YES,1,True,1,56.788,
vsr_5d051562b841,topological_containment,in,0,jetson-qwen2.5vl:3b-q4_K_M,NO,0,True,1,57.421,
vsr_e84546f1d1d1,topological_containment,within,1,jetson-qwen2.5vl:3b-q4_K_M,YES,1,True,1,56.962,
vsr_f86eaedd8ab6,topological_containment,inside,1,jetson-qwen2.5vl:3b-q4_K_M,YES,1,True,1,58.844,
vsr_ae6e0b9fb9e2,topological_containment,contains,1,jetson-qwen2.5vl:3b-q4_K_M,YES,1,True,1,56.735,
vsr_a0a35ad414f9,topological_containment,surrounding,1,jetson-qwen2.5vl:3b-q4_K_M,NO,0,True,0,58.219,
vsr_0bdca934674d,topological_containment,contains,0,jetson-qwen2.5vl:3b-q4_K_M,YES,1,True,0,57.789,
vsr_5b1bc367b668,topological_containment,at the edge of,1,jetson-qwen2.5vl:3b-q4_K_M,YES,1,True,1,56.984,
vsr_419c679c3e99,topological_containment,surrounding,1,jetson-qwen2.5vl:3b-q4_K_M,YES,1,True,1,58.674,
vsr_b3be54b95909,topological_containment,inside,0,jetson-qwen2.5vl:3b-q4_K_M,NO,0,True,1,57.05,
vsr_ea0f270d3324,topological_containment,inside,0,jetson-qwen2.5vl:3b-q4_K_M,NO,0,True,1,58.596,
vsr_e242783a34f8,topological_containment,inside,0,jetson-qwen2.5vl:3b-q4_K_M,NO,0,True,1,58.618,
vsr_8b2faf778113,topological_containment,in,1,jetson-qwen2.5vl:3b-q4_K_M,YES,1,True,1,58.571,
vsr_e9145a89a8cf,topological_containment,in,0,jetson-qwen2.5vl:3b-q4_K_M,NO,0,True,1,56.296,
vsr_2a54169a275d,topological_containment,in,1,jetson-qwen2.5vl:3b-q4_K_M,YES,1,True,1,57.153,
vsr_f6af63b191e3,topological_containment,in the middle of,0,jetson-qwen2.5vl:3b-q4_K_M,NO,0,True,1,57.136,
vsr_cd83f661a6a7,topological_containment,in,0,jetson-qwen2.5vl:3b-q4_K_M,NO,0,True,1,57.786,
vsr_89c514c5c333,topological_containment,within,0,jetson-qwen2.5vl:3b-q4_K_M,NO,0,True,1,56.734,
vsr_50ba30b793c6,topological_containment,contains,1,jetson-qwen2.5vl:3b-q4_K_M,YES,1,True,1,57.833,
vsr_707c2764ea23,topological_containment,surrounding,0,jetson-qwen2.5vl:3b-q4_K_M,NO,0,True,1,58.363,
vsr_018df9a7dfdf,topological_containment,part of,0,jetson-qwen2.5vl:3b-q4_K_M,NO,0,True,1,56.944,
vsr_712ea778223c,topological_containment,in,0,jetson-qwen2.5vl:3b-q4_K_M,NO,0,True,1,57.261,
vsr_aad516f84eb6,topological_containment,contains,0,jetson-qwen2.5vl:3b-q4_K_M,NO,0,True,1,55.611,
vsr_cd11076ee1bf,topological_containment,consists of,0,jetson-qwen2.5vl:3b-q4_K_M,NO,0,True,1,56.871,
vsr_924eceb08b72,topological_containment,inside,1,jetson-qwen2.5vl:3b-q4_K_M,YES,1,True,1,57.097,
vsr_8f7779d56144,topological_containment,inside,1,jetson-qwen2.5vl:3b-q4_K_M,NO,0,True,0,57.543,
vsr_3ccc17ceaedd,topological_containment,at the edge of,0,jetson-qwen2.5vl:3b-q4_K_M,NO,0,True,1,57.127,
vsr_7464e4994503,topological_containment,inside,0,jetson-qwen2.5vl:3b-q4_K_M,NO,0,True,1,57.337,
vsr_7209576929c0,topological_containment,in,1,jetson-qwen2.5vl:3b-q4_K_M,YES,1,True,1,57.474,
vsr_02690c7be451,topological_containment,contains,1,jetson-qwen2.5vl:3b-q4_K_M,YES,1,True,1,58.714,
vsr_e6eb71ce3157,topological_containment,in,0,jetson-qwen2.5vl:3b-q4_K_M,NO,0,True,1,57.982,
vsr_cb345a72bf81,topological_containment,contains,0,jetson-qwen2.5vl:3b-q4_K_M,NO,0,True,1,110.372,
vsr_ccdcdd8abeb5,topological_containment,at the edge of,1,jetson-qwen2.5vl:3b-q4_K_M,YES,1,True,1,58.941,
vsr_38f098f6ad41,topological_containment,in,1,jetson-qwen2.5vl:3b-q4_K_M,YES,1,True,1,57.463,
vsr_8bfdd937067d,topological_containment,at the edge of,0,jetson-qwen2.5vl:3b-q4_K_M,YES,1,True,0,57.14,
vsr_bd6a9d7ab277,topological_containment,in,0,jetson-qwen2.5vl:3b-q4_K_M,YES,1,True,0,57.231,
vsr_ae0c190d0aa7,topological_containment,in,0,jetson-qwen2.5vl:3b-q4_K_M,NO,0,True,1,58.928,
vsr_3f3c778840ee,topological_containment,inside,1,jetson-qwen2.5vl:3b-q4_K_M,YES,1,True,1,59.095,
vsr_87d791a5eb64,topological_containment,contains,1,jetson-qwen2.5vl:3b-q4_K_M,YES,1,True,1,57.486,
vsr_f462e8d3ddcc,topological_containment,surrounding,1,jetson-qwen2.5vl:3b-q4_K_M,YES,1,True,1,57.542,
vsr_ce551f6b140c,topological_containment,in the middle of,1,jetson-qwen2.5vl:3b-q4_K_M,YES,1,True,1,58.436,
vsr_e23d4b43bb3e,topological_containment,at the edge of,0,jetson-qwen2.5vl:3b-q4_K_M,NO,0,True,1,58.272,
vsr_8fbe1f12f796,topological_containment,in,1,jetson-qwen2.5vl:3b-q4_K_M,YES,1,True,1,59.238,
vsr_ba5beda7da10,topological_containment,inside,0,jetson-qwen2.5vl:3b-q4_K_M,NO,0,True,1,57.142,
vsr_1cb1b9aaa76a,topological_containment,part of,1,jetson-qwen2.5vl:3b-q4_K_M,YES,1,True,1,57.954,
vsr_10f5174691ae,topological_containment,inside,1,jetson-qwen2.5vl:3b-q4_K_M,YES,1,True,1,57.335,
vsr_7a201670f7c5,topological_containment,surrounding,1,jetson-qwen2.5vl:3b-q4_K_M,YES,1,True,1,57.318,
vsr_0b6386644fca,topological_containment,in,1,jetson-qwen2.5vl:3b-q4_K_M,YES,1,True,1,56.884,
vsr_c0352ccbb93f,topological_containment,enclosed by,0,jetson-qwen2.5vl:3b-q4_K_M,YES,1,True,0,59.022,
vsr_c7181995f370,topological_containment,contains,0,jetson-qwen2.5vl:3b-q4_K_M,NO,0,True,1,58.496,
vsr_fa19d98ad7c8,topological_containment,at the edge of,0,jetson-qwen2.5vl:3b-q4_K_M,NO,0,True,1,55.819,
vsr_747d6d0109a8,topological_containment,contains,1,jetson-qwen2.5vl:3b-q4_K_M,YES,1,True,1,57.231,
vsr_c926a3486f1c,topological_containment,enclosed by,1,jetson-qwen2.5vl:3b-q4_K_M,NO,0,True,0,56.969,
vsr_32d730f44592,topological_containment,in the middle of,1,jetson-qwen2.5vl:3b-q4_K_M,YES,1,True,1,58.545,
vsr_e97078a6122f,topological_containment,in the middle of,0,jetson-qwen2.5vl:3b-q4_K_M,YES,1,True,0,55.644,
vsr_0322078853c1,topological_containment,inside,0,jetson-qwen2.5vl:3b-q4_K_M,NO,0,True,1,57.018,
vsr_6af14c180414,topological_containment,contains,0,jetson-qwen2.5vl:3b-q4_K_M,NO,0,True,1,57.036,
vsr_5806fef5dc90,topological_containment,at the edge of,1,jetson-qwen2.5vl:3b-q4_K_M,NO,0,True,0,56.922,
vsr_5f1e2a7542a8,topological_containment,into,1,jetson-qwen2.5vl:3b-q4_K_M,YES,1,True,1,58.952,
vsr_e6960052b5c8,topological_containment,within,1,jetson-qwen2.5vl:3b-q4_K_M,YES,1,True,1,58.696,
vsr_2bb9c9455e0b,topological_containment,in,1,jetson-qwen2.5vl:3b-q4_K_M,YES,1,True,1,58.535,
vsr_31f418078d34,topological_containment,within,1,jetson-qwen2.5vl:3b-q4_K_M,NO,0,True,0,58.014,
vsr_8badf8501448,topological_containment,contains,1,jetson-qwen2.5vl:3b-q4_K_M,YES,1,True,1,57.152,
vsr_96f864e3649b,topological_containment,at the edge of,1,jetson-qwen2.5vl:3b-q4_K_M,YES,1,True,1,56.993,
vsr_1ac3adde0f77,topological_containment,contains,1,jetson-qwen2.5vl:3b-q4_K_M,NO,0,True,0,56.186,
vsr_8c3b2d4daab8,topological_containment,at the edge of,1,jetson-qwen2.5vl:3b-q4_K_M,NO,0,True,0,58.585,
vsr_34aafa485e0f,topological_containment,within,1,jetson-qwen2.5vl:3b-q4_K_M,NO,0,True,0,57.028,
vsr_e526655002ec,topological_containment,inside,0,jetson-qwen2.5vl:3b-q4_K_M,NO,0,True,1,63.726,
vsr_b45fc63212b6,topological_containment,contains,1,jetson-qwen2.5vl:3b-q4_K_M,YES,1,True,1,61.435,
vsr_a269d808406e,topological_containment,in the middle of,1,jetson-qwen2.5vl:3b-q4_K_M,YES,1,True,1,58.535,
vsr_e500fc4459af,topological_containment,at the edge of,0,jetson-qwen2.5vl:3b-q4_K_M,NO,0,True,1,55.693,
vsr_9d0a7d39e191,topological_containment,contains,1,jetson-qwen2.5vl:3b-q4_K_M,YES,1,True,1,57.993,
vsr_c7da882ea3be,topological_containment,in,1,jetson-qwen2.5vl:3b-q4_K_M,YES,1,True,1,1.16,
vsr_eb3c6d1b1950,topological_containment,in,0,jetson-qwen2.5vl:3b-q4_K_M,NO,0,True,1,57.012,
vsr_c88f5017a654,topological_containment,at the edge of,1,jetson-qwen2.5vl:3b-q4_K_M,YES,1,True,1,58.952,
vsr_f127132dee6b,topological_containment,within,0,jetson-qwen2.5vl:3b-q4_K_M,YES,1,True,0,57.698,
vsr_e57efc8f4e49,topological_containment,in the middle of,1,jetson-qwen2.5vl:3b-q4_K_M,YES,1,True,1,57.058,
vsr_3b023566abd0,topological_containment,at the edge of,1,jetson-qwen2.5vl:3b-q4_K_M,NO,0,True,0,58.577,
vsr_eabc6db1d35e,topological_containment,inside,1,jetson-qwen2.5vl:3b-q4_K_M,YES,1,True,1,58.861,
vsr_caad3b590253,topological_containment,inside,1,jetson-qwen2.5vl:3b-q4_K_M,YES,1,True,1,56.989,
vsr_b2f3fef8665f,topological_containment,part of,1,jetson-qwen2.5vl:3b-q4_K_M,NO,0,True,0,56.972,
vsr_e2d4dc3951d2,topological_containment,in the middle of,0,jetson-qwen2.5vl:3b-q4_K_M,NO,0,True,1,57.162,
vsr_479455334111,topological_containment,part of,0,jetson-qwen2.5vl:3b-q4_K_M,NO,0,True,1,55.815,
vsr_06a873209130,topological_containment,contains,1,jetson-qwen2.5vl:3b-q4_K_M,YES,1,True,1,58.627,
vsr_b6061c437ea7,topological_containment,in the middle of,0,jetson-qwen2.5vl:3b-q4_K_M,NO,0,True,1,57.167,
vsr_3b1ba4bf23ca,topological_containment,in the middle of,1,jetson-qwen2.5vl:3b-q4_K_M,NO,0,True,0,57.281,
vsr_408c6bebd845,topological_containment,contains,0,jetson-qwen2.5vl:3b-q4_K_M,NO,0,True,1,59.103,
vsr_5972c954fc85,topological_containment,in,0,jetson-qwen2.5vl:3b-q4_K_M,NO,0,True,1,58.785,
vsr_83cc24516f4e,topological_containment,at the edge of,0,jetson-qwen2.5vl:3b-q4_K_M,NO,0,True,1,58.713,
vsr_b4079a0afb61,topological_containment,inside,0,jetson-qwen2.5vl:3b-q4_K_M,NO,0,True,1,58.773,
vsr_368aaf82da4d,topological_containment,in,1,jetson-qwen2.5vl:3b-q4_K_M,YES,1,True,1,57.48,
vsr_069e7e488200,topological_containment,consists of,0,jetson-qwen2.5vl:3b-q4_K_M,NO,0,True,1,57.339,
vsr_4756b181d190,topological_containment,outside,1,jetson-qwen2.5vl:3b-q4_K_M,YES,1,True,1,58.806,
vsr_0dacba703865,topological_containment,in the middle of,0,jetson-qwen2.5vl:3b-q4_K_M,YES,1,True,0,57.06,
vsr_eb8873d39556,topological_containment,in,1,jetson-qwen2.5vl:3b-q4_K_M,YES,1,True,1,58.908,
vsr_9963faab00ab,topological_containment,surrounding,0,jetson-qwen2.5vl:3b-q4_K_M,NO,0,True,1,1.123,
vsr_f9b4ca5f28b2,topological_containment,at the edge of,1,jetson-qwen2.5vl:3b-q4_K_M,YES,1,True,1,59.164,
vsr_f09e1f8c82f2,topological_containment,in the middle of,1,jetson-qwen2.5vl:3b-q4_K_M,YES,1,True,1,57.221,
vsr_ec6b6d3555b5,topological_containment,contains,1,jetson-qwen2.5vl:3b-q4_K_M,YES,1,True,1,58.469,
vsr_4712661c35e8,topological_containment,contains,1,jetson-qwen2.5vl:3b-q4_K_M,YES,1,True,1,59.132,
vsr_b1387f0e7792,topological_containment,at the edge of,1,jetson-qwen2.5vl:3b-q4_K_M,YES,1,True,1,58.037,
vsr_2088340f3478,topological_containment,at the edge of,0,jetson-qwen2.5vl:3b-q4_K_M,NO,0,True,1,57.426,
vsr_b4eb08be3239,topological_containment,has as a part,0,jetson-qwen2.5vl:3b-q4_K_M,NO,0,True,1,56.872,
vsr_462a449e197a,topological_containment,contains,1,jetson-qwen2.5vl:3b-q4_K_M,NO,0,True,0,59.063,
vsr_37b14b9a7a94,topological_containment,inside,1,jetson-qwen2.5vl:3b-q4_K_M,YES,1,True,1,58.576,
vsr_a2bf3d74da45,topological_containment,enclosed by,0,jetson-qwen2.5vl:3b-q4_K_M,NO,0,True,1,55.935,
vsr_75760b8f527a,topological_containment,contains,1,jetson-qwen2.5vl:3b-q4_K_M,YES,1,True,1,57.295,
vsr_ca07a16fecad,topological_containment,part of,0,jetson-qwen2.5vl:3b-q4_K_M,NO,0,True,1,56.906,
vsr_0ae7efb3a93a,topological_containment,inside,0,jetson-qwen2.5vl:3b-q4_K_M,NO,0,True,1,58.017,
vsr_e113aade647c,topological_containment,at the edge of,1,jetson-qwen2.5vl:3b-q4_K_M,YES,1,True,1,58.856,
vsr_e541064de77a,topological_containment,in the middle of,0,jetson-qwen2.5vl:3b-q4_K_M,NO,0,True,1,58.741,
vsr_d430620b2345,topological_containment,consists of,1,jetson-qwen2.5vl:3b-q4_K_M,NO,0,True,0,109.737,
vsr_f999043f8c78,topological_containment,contains,1,jetson-qwen2.5vl:3b-q4_K_M,YES,1,True,1,58.923,
vsr_e2b8f6029be1,topological_containment,contains,0,jetson-qwen2.5vl:3b-q4_K_M,NO,0,True,1,57.402,
vsr_2c60ec21d7ea,topological_containment,at the edge of,1,jetson-qwen2.5vl:3b-q4_K_M,YES,1,True,1,58.12,
vsr_86172f5a3cdb,topological_containment,in,1,jetson-qwen2.5vl:3b-q4_K_M,YES,1,True,1,57.737,
vsr_edc1210b8df8,topological_containment,surrounding,0,jetson-qwen2.5vl:3b-q4_K_M,NO,0,True,1,59.301,
vsr_721ca2e58fec,topological_containment,out of,1,jetson-qwen2.5vl:3b-q4_K_M,NO,0,True,0,57.25,
vsr_48149dbea876,topological_containment,contains,1,jetson-qwen2.5vl:3b-q4_K_M,YES,1,True,1,57.509,
vsr_9a6bd7e49d31,topological_containment,at the edge of,1,jetson-qwen2.5vl:3b-q4_K_M,YES,1,True,1,57.72,
vsr_54dd721bcdad,topological_containment,in,1,jetson-qwen2.5vl:3b-q4_K_M,NO,0,True,0,57.639,
vsr_1c72f4534087,topological_containment,contains,1,jetson-qwen2.5vl:3b-q4_K_M,YES,1,True,1,55.733,
vsr_438efa9b3172,topological_containment,at the edge of,1,jetson-qwen2.5vl:3b-q4_K_M,NO,0,True,0,57.366,
vsr_deae2fb66493,topological_containment,has as a part,0,jetson-qwen2.5vl:3b-q4_K_M,NO,0,True,1,55.817,
vsr_6951c00be732,topological_containment,in,0,jetson-qwen2.5vl:3b-q4_K_M,NO,0,True,1,57.059,
vsr_888e739ed78c,topological_containment,contains,1,jetson-qwen2.5vl:3b-q4_K_M,YES,1,True,1,57.942,
vsr_0a1b7161f7ba,topological_containment,at the edge of,1,jetson-qwen2.5vl:3b-q4_K_M,YES,1,True,1,58.782,
vsr_0ee708e143b6,topological_containment,contains,1,jetson-qwen2.5vl:3b-q4_K_M,YES,1,True,1,57.04,
vsr_c575045840b7,topological_containment,in the middle of,0,jetson-qwen2.5vl:3b-q4_K_M,NO,0,True,1,58.618,
vsr_4735b7387d9f,topological_containment,in,1,jetson-qwen2.5vl:3b-q4_K_M,YES,1,True,1,57.008,
vsr_da51b5c9a842,topological_containment,contains,1,jetson-qwen2.5vl:3b-q4_K_M,YES,1,True,1,57.127,
vsr_1b0ff08f10ac,topological_containment,at the edge of,0,jetson-qwen2.5vl:3b-q4_K_M,NO,0,True,1,57.288,
vsr_d492f99ef588,topological_containment,in,1,jetson-qwen2.5vl:3b-q4_K_M,YES,1,True,1,55.88,
vsr_e69161725f84,topological_containment,surrounding,0,jetson-qwen2.5vl:3b-q4_K_M,NO,0,True,1,55.809,
vsr_8073cdc61084,topological_containment,part of,1,jetson-qwen2.5vl:3b-q4_K_M,YES,1,True,1,58.686,
vsr_49d0572f87dd,topological_containment,inside,0,jetson-qwen2.5vl:3b-q4_K_M,NO,0,True,1,56.904,
vsr_ec90471f3939,topological_containment,in,1,jetson-qwen2.5vl:3b-q4_K_M,YES,1,True,1,59.083,
vsr_43f75a1f03ca,topological_containment,in the middle of,1,jetson-qwen2.5vl:3b-q4_K_M,NO,0,True,0,57.038,
vsr_7fea94744bce,topological_containment,in,0,jetson-qwen2.5vl:3b-q4_K_M,NO,0,True,1,56.652,
vsr_9eaf09767a9f,topological_containment,contains,0,jetson-qwen2.5vl:3b-q4_K_M,NO,0,True,1,57.161,
vsr_3b6f08a39e8a,topological_containment,outside,0,jetson-qwen2.5vl:3b-q4_K_M,NO,0,True,1,56.526,
vsr_77fca8991c9b,topological_containment,in,1,jetson-qwen2.5vl:3b-q4_K_M,YES,1,True,1,57.924,
vsr_c2c42f419d46,topological_containment,at the edge of,1,jetson-qwen2.5vl:3b-q4_K_M,NO,0,True,0,58.879,
vsr_2862a2289018,topological_containment,out of,0,jetson-qwen2.5vl:3b-q4_K_M,NO,0,True,1,57.298,
vsr_07b65a80c623,topological_containment,contains,1,jetson-qwen2.5vl:3b-q4_K_M,YES,1,True,1,1.111,
vsr_cfd51fb08835,topological_containment,inside,1,jetson-qwen2.5vl:3b-q4_K_M,YES,1,True,1,57.25,
vsr_80110c6d4bd7,topological_containment,inside,0,jetson-qwen2.5vl:3b-q4_K_M,NO,0,True,1,56.851,
vsr_755290b0e0f5,topological_containment,part of,0,jetson-qwen2.5vl:3b-q4_K_M,NO,0,True,1,58.704,
vsr_9d564ce9cd69,topological_containment,contains,1,jetson-qwen2.5vl:3b-q4_K_M,YES,1,True,1,56.954,
vsr_a22e9fdc274b,topological_containment,contains,0,jetson-qwen2.5vl:3b-q4_K_M,NO,0,True,1,57.165,
vsr_58ff604f86eb,topological_containment,at the edge of,1,jetson-qwen2.5vl:3b-q4_K_M,YES,1,True,1,57.409,
vsr_5af912192a06,topological_containment,contains,1,jetson-qwen2.5vl:3b-q4_K_M,YES,1,True,1,58.024,
vsr_6ed56e61fa69,topological_containment,surrounding,0,jetson-qwen2.5vl:3b-q4_K_M,NO,0,True,1,57.498,
vsr_05106ec67b8f,topological_containment,contains,0,jetson-qwen2.5vl:3b-q4_K_M,NO,0,True,1,58.913,
vsr_be901531e143,topological_containment,contains,0,jetson-qwen2.5vl:3b-q4_K_M,NO,0,True,1,56.999,
vsr_dcd67061ba21,topological_containment,contains,0,jetson-qwen2.5vl:3b-q4_K_M,NO,0,True,1,58.649,
vsr_36bc1af573f4,topological_containment,outside,0,jetson-qwen2.5vl:3b-q4_K_M,NO,0,True,1,58.741,
vsr_97e942fc0d28,topological_containment,in,0,jetson-qwen2.5vl:3b-q4_K_M,NO,0,True,1,56.887,
vsr_3baf5756d257,topological_containment,contains,0,jetson-qwen2.5vl:3b-q4_K_M,NO,0,True,1,58.934,
vsr_22a134d6a45a,topological_containment,at the edge of,0,jetson-qwen2.5vl:3b-q4_K_M,NO,0,True,1,55.846,
vsr_799f1aaa6423,topological_containment,contains,1,jetson-qwen2.5vl:3b-q4_K_M,YES,1,True,1,56.756,
vsr_3e63837b88d1,topological_containment,in,0,jetson-qwen2.5vl:3b-q4_K_M,NO,0,True,1,57.145,
vsr_376fc6a681b5,topological_containment,in,1,jetson-qwen2.5vl:3b-q4_K_M,YES,1,True,1,57.101,
vsr_07f043badb3b,topological_containment,inside,0,jetson-qwen2.5vl:3b-q4_K_M,NO,0,True,1,58.561,
vsr_e67d7910f701,topological_containment,part of,1,jetson-qwen2.5vl:3b-q4_K_M,YES,1,True,1,56.972,
vsr_622c9e16bacb,topological_containment,in the middle of,1,jetson-qwen2.5vl:3b-q4_K_M,NO,0,True,0,58.069,
vsr_191ce3be4a3c,topological_containment,contains,0,jetson-qwen2.5vl:3b-q4_K_M,NO,0,True,1,56.362,
vsr_3457fec3d7e4,topological_containment,part of,0,jetson-qwen2.5vl:3b-q4_K_M,NO,0,True,1,57.015,
vsr_9458229fb0a5,topological_containment,in the middle of,1,jetson-qwen2.5vl:3b-q4_K_M,NO,0,True,0,57.915,
vsr_0072ae3d05e0,topological_containment,at the edge of,1,jetson-qwen2.5vl:3b-q4_K_M,YES,1,True,1,57.34,
vsr_237d6d5c15a1,topological_containment,inside,1,jetson-qwen2.5vl:3b-q4_K_M,YES,1,True,1,58.847,
vsr_c7b60d1e69ea,topological_containment,in,0,jetson-qwen2.5vl:3b-q4_K_M,NO,0,True,1,55.799,
vsr_136ebf1f1e01,topological_containment,in,0,jetson-qwen2.5vl:3b-q4_K_M,NO,0,True,1,57.465,
vsr_4e6aee05377c,topological_containment,inside,0,jetson-qwen2.5vl:3b-q4_K_M,NO,0,True,1,57.43,
vsr_eabc838bc95e,topological_containment,contains,1,jetson-qwen2.5vl:3b-q4_K_M,YES,1,True,1,57.407,
vsr_c52943a5c66e,topological_containment,at the edge of,0,jetson-qwen2.5vl:3b-q4_K_M,NO,0,True,1,57.119,
vsr_e9862a6015b5,topological_containment,at the edge of,0,jetson-qwen2.5vl:3b-q4_K_M,NO,0,True,1,57.366,
vsr_005f5bd1b502,topological_containment,surrounding,1,jetson-qwen2.5vl:3b-q4_K_M,YES,1,True,1,57.106,
vsr_d4c90014f349,topological_containment,at the edge of,1,jetson-qwen2.5vl:3b-q4_K_M,NO,0,True,0,58.978,
vsr_8854d777b876,topological_containment,consists of,1,jetson-qwen2.5vl:3b-q4_K_M,YES,1,True,1,58.56,
vsr_a92d61955825,topological_containment,in,0,jetson-qwen2.5vl:3b-q4_K_M,NO,0,True,1,57.153,
vsr_c6b2a4556841,topological_containment,surrounding,1,jetson-qwen2.5vl:3b-q4_K_M,NO,0,True,0,59.255,
vsr_f3b05649174b,topological_containment,contains,0,jetson-qwen2.5vl:3b-q4_K_M,NO,0,True,1,57.169,
vsr_22a0e5846e87,topological_containment,in,0,jetson-qwen2.5vl:3b-q4_K_M,NO,0,True,1,58.785,
vsr_87965cbee482,topological_containment,outside,1,jetson-qwen2.5vl:3b-q4_K_M,NO,0,True,0,57.384,
vsr_5b7ddb71e538,topological_containment,inside,0,jetson-qwen2.5vl:3b-q4_K_M,NO,0,True,1,58.613,
vsr_015b73644f56,topological_containment,part of,1,jetson-qwen2.5vl:3b-q4_K_M,YES,1,True,1,56.815,
vsr_2b30ef36e181,topological_containment,in,1,jetson-qwen2.5vl:3b-q4_K_M,YES,1,True,1,57.354,
vsr_eae8e3cf16de,topological_containment,at the edge of,0,jetson-qwen2.5vl:3b-q4_K_M,NO,0,True,1,57.314,
vsr_5d4ead2fbc8d,topological_containment,enclosed by,1,jetson-qwen2.5vl:3b-q4_K_M,YES,1,True,1,57.682,
vsr_6ec8b95781ef,topological_containment,contains,1,jetson-qwen2.5vl:3b-q4_K_M,YES,1,True,1,59.544,
vsr_711d2f256af3,topological_containment,surrounding,1,jetson-qwen2.5vl:3b-q4_K_M,YES,1,True,1,109.271,
vsr_d310afc61d76,topological_containment,contains,1,jetson-qwen2.5vl:3b-q4_K_M,YES,1,True,1,58.539,
vsr_fcce7c027064,topological_containment,in,1,jetson-qwen2.5vl:3b-q4_K_M,YES,1,True,1,57.402,
vsr_9578f013f3d4,topological_containment,inside,1,jetson-qwen2.5vl:3b-q4_K_M,YES,1,True,1,56.978,
vsr_759994d89473,topological_containment,has as a part,0,jetson-qwen2.5vl:3b-q4_K_M,NO,0,True,1,56.974,
vsr_87ad00548868,topological_containment,contains,1,jetson-qwen2.5vl:3b-q4_K_M,YES,1,True,1,58.721,
vsr_bc36b6755462,topological_containment,at the edge of,1,jetson-qwen2.5vl:3b-q4_K_M,YES,1,True,1,59.217,
vsr_9408bf491ab0,topological_containment,has as a part,1,jetson-qwen2.5vl:3b-q4_K_M,YES,1,True,1,57.244,
vsr_641ca0654b13,topological_containment,surrounding,1,jetson-qwen2.5vl:3b-q4_K_M,YES,1,True,1,58.882,
vsr_8f6931a7b400,topological_containment,inside,0,jetson-qwen2.5vl:3b-q4_K_M,NO,0,True,1,58.756,
vsr_6f98c04a3fd4,topological_containment,inside,1,jetson-qwen2.5vl:3b-q4_K_M,YES,1,True,1,57.152,
vsr_5e348decf075,topological_containment,contains,1,jetson-qwen2.5vl:3b-q4_K_M,YES,1,True,1,57.304,
vsr_4aa7945bd53c,topological_containment,in,1,jetson-qwen2.5vl:3b-q4_K_M,YES,1,True,1,57.802,
vsr_df9c3c7e9bfd,topological_containment,at the edge of,1,jetson-qwen2.5vl:3b-q4_K_M,NO,0,True,0,58.961,
vsr_3b6cf8aa3b23,topological_containment,inside,0,jetson-qwen2.5vl:3b-q4_K_M,NO,0,True,1,58.206,
vsr_ab593123abb1,topological_containment,in the middle of,0,jetson-qwen2.5vl:3b-q4_K_M,NO,0,True,1,57.293,
vsr_65065a1fd6e4,topological_containment,within,1,jetson-qwen2.5vl:3b-q4_K_M,NO,0,True,0,57.724,
vsr_eb01b7c21078,topological_containment,at the edge of,1,jetson-qwen2.5vl:3b-q4_K_M,NO,0,True,0,57.309,
vsr_52c8e097180f,topological_containment,contains,0,jetson-qwen2.5vl:3b-q4_K_M,NO,0,True,1,57.989,
vsr_ecaae972bc48,topological_containment,inside,1,jetson-qwen2.5vl:3b-q4_K_M,YES,1,True,1,56.846,
vsr_db54d3b90d0b,topological_containment,surrounding,0,jetson-qwen2.5vl:3b-q4_K_M,NO,0,True,1,56.867,
vsr_c99a1cdb38a2,topological_containment,at the edge of,1,jetson-qwen2.5vl:3b-q4_K_M,YES,1,True,1,57.14,
vsr_d0b22d54b4f7,topological_containment,inside,0,jetson-qwen2.5vl:3b-q4_K_M,NO,0,True,1,57.116,
vsr_ec3a7ab80f26,topological_containment,contains,0,jetson-qwen2.5vl:3b-q4_K_M,NO,0,True,1,56.954,
vsr_2b8fd45ab6dc,topological_containment,in the middle of,1,jetson-qwen2.5vl:3b-q4_K_M,YES,1,True,1,55.583,
vsr_8e949e8763ce,topological_containment,inside,1,jetson-qwen2.5vl:3b-q4_K_M,YES,1,True,1,55.867,
vsr_b6e0f63a7a44,topological_containment,inside,1,jetson-qwen2.5vl:3b-q4_K_M,YES,1,True,1,58.217,
vsr_10c9deb9699c,topological_containment,in,1,jetson-qwen2.5vl:3b-q4_K_M,NO,0,True,0,57.004,
vsr_c668076e142e,topological_containment,at the edge of,0,jetson-qwen2.5vl:3b-q4_K_M,NO,0,True,1,56.643,
vsr_d775be3a41c9,topological_containment,in,0,jetson-qwen2.5vl:3b-q4_K_M,NO,0,True,1,57.097,
vsr_1a2e60a7cf40,topological_containment,in,0,jetson-qwen2.5vl:3b-q4_K_M,NO,0,True,1,57.306,
vsr_1eacff127795,topological_containment,in,0,jetson-qwen2.5vl:3b-q4_K_M,YES,1,True,0,58.702,
vsr_441d9b90dccc,topological_containment,inside,0,jetson-qwen2.5vl:3b-q4_K_M,NO,0,True,1,55.709,
vsr_d74ffe6c3409,topological_containment,part of,1,jetson-qwen2.5vl:3b-q4_K_M,NO,0,True,0,57.227,
vsr_bd84debc59fd,topological_containment,inside,0,jetson-qwen2.5vl:3b-q4_K_M,NO,0,True,1,57.206,
vsr_31189ad7687f,topological_containment,surrounding,1,jetson-qwen2.5vl:3b-q4_K_M,YES,1,True,1,57.225,
vsr_0f4594d3622a,topological_containment,in,1,jetson-qwen2.5vl:3b-q4_K_M,YES,1,True,1,57.753,
vsr_24abaaef24a3,topological_containment,at the edge of,0,jetson-qwen2.5vl:3b-q4_K_M,NO,0,True,1,57.025,
vsr_2c28474521ae,topological_containment,consists of,1,jetson-qwen2.5vl:3b-q4_K_M,YES,1,True,1,57.015,
vsr_af39942b34ad,topological_containment,consists of,0,jetson-qwen2.5vl:3b-q4_K_M,NO,0,True,1,59.067,
vsr_4c4f924c68a4,topological_containment,inside,1,jetson-qwen2.5vl:3b-q4_K_M,YES,1,True,1,56.912,
vsr_10501e9f3062,topological_containment,at the edge of,0,jetson-qwen2.5vl:3b-q4_K_M,NO,0,True,1,58.6,
vsr_29ddb6bae703,topological_containment,at the edge of,0,jetson-qwen2.5vl:3b-q4_K_M,NO,0,True,1,59.512,
vsr_a6e526a0d19e,topological_containment,in,1,jetson-qwen2.5vl:3b-q4_K_M,YES,1,True,1,56.906,
vsr_c0d95e2ad543,topological_containment,at the edge of,1,jetson-qwen2.5vl:3b-q4_K_M,NO,0,True,0,56.974,
vsr_c94ab9e3cb92,topological_containment,outside,0,jetson-qwen2.5vl:3b-q4_K_M,NO,0,True,1,58.524,
vsr_5f52cb09e740,topological_containment,inside,1,jetson-qwen2.5vl:3b-q4_K_M,YES,1,True,1,57.119,
vsr_2468009c1b1f,topological_containment,contains,0,jetson-qwen2.5vl:3b-q4_K_M,NO,0,True,1,1.071,
vsr_0a54a2bb0daa,topological_containment,in the middle of,1,jetson-qwen2.5vl:3b-q4_K_M,NO,0,True,0,59.106,
vsr_9a93b2679bb7,topological_containment,at the edge of,1,jetson-qwen2.5vl:3b-q4_K_M,YES,1,True,1,56.852,
vsr_fd360a958d87,topological_containment,contains,0,jetson-qwen2.5vl:3b-q4_K_M,NO,0,True,1,56.908,
vsr_81fb53c46803,topological_containment,consists of,0,jetson-qwen2.5vl:3b-q4_K_M,NO,0,True,1,56.892,
vsr_9783dbbffc51,topological_containment,part of,1,jetson-qwen2.5vl:3b-q4_K_M,YES,1,True,1,57.185,
vsr_a3ebdcf906c4,topological_containment,at the edge of,1,jetson-qwen2.5vl:3b-q4_K_M,YES,1,True,1,58.978,
vsr_184eca332a5e,topological_containment,in,0,jetson-qwen2.5vl:3b-q4_K_M,NO,0,True,1,57.332,
vsr_9e235adce556,topological_containment,inside,0,jetson-qwen2.5vl:3b-q4_K_M,NO,0,True,1,57.519,
vsr_b1a429eb4e77,topological_containment,contains,0,jetson-qwen2.5vl:3b-q4_K_M,NO,0,True,1,56.535,
vsr_a7d328f91fae,topological_containment,inside,0,jetson-qwen2.5vl:3b-q4_K_M,YES,1,True,0,57.531,
vsr_6ff22327ea98,topological_containment,in,0,jetson-qwen2.5vl:3b-q4_K_M,NO,0,True,1,57.932,
vsr_ff3de43fbaab,topological_containment,surrounding,0,jetson-qwen2.5vl:3b-q4_K_M,YES,1,True,0,57.19,
vsr_6eb0fb7f7ae8,topological_containment,contains,1,jetson-qwen2.5vl:3b-q4_K_M,YES,1,True,1,57.009,
vsr_37e4ac705221,topological_containment,in,0,jetson-qwen2.5vl:3b-q4_K_M,NO,0,True,1,57.358,
vsr_f70b0449ba7b,topological_containment,contains,0,jetson-qwen2.5vl:3b-q4_K_M,NO,0,True,1,59.111,
vsr_16043db232d1,topological_containment,in,0,jetson-qwen2.5vl:3b-q4_K_M,NO,0,True,1,58.791,
vsr_344936f08196,topological_containment,contains,1,jetson-qwen2.5vl:3b-q4_K_M,YES,1,True,1,57.23,
vsr_a53541c645a4,topological_containment,inside,0,jetson-qwen2.5vl:3b-q4_K_M,NO,0,True,1,57.067,
vsr_069784f74bae,topological_containment,part of,1,jetson-qwen2.5vl:3b-q4_K_M,YES,1,True,1,58.656,
vsr_95f1684e9a71,topological_containment,inside,1,jetson-qwen2.5vl:3b-q4_K_M,YES,1,True,1,57.152,
vsr_1d083a9aadf3,topological_containment,contains,1,jetson-qwen2.5vl:3b-q4_K_M,YES,1,True,1,56.987,
vsr_a10625b5add8,topological_containment,contains,0,jetson-qwen2.5vl:3b-q4_K_M,NO,0,True,1,57.237,
vsr_affb188cd05a,topological_containment,part of,0,jetson-qwen2.5vl:3b-q4_K_M,NO,0,True,1,57.07,
vsr_8c6d812f1f0b,topological_containment,consists of,0,jetson-qwen2.5vl:3b-q4_K_M,YES,1,True,0,58.749,
vsr_9d9cd38e7825,topological_containment,at the edge of,1,jetson-qwen2.5vl:3b-q4_K_M,NO,0,True,0,58.599,
vsr_83e33bb77b20,topological_containment,in,0,jetson-qwen2.5vl:3b-q4_K_M,NO,0,True,1,57.357,
vsr_3186ccf42326,topological_containment,part of,1,jetson-qwen2.5vl:3b-q4_K_M,YES,1,True,1,59.074,
vsr_86d437f94fe1,topological_containment,in,0,jetson-qwen2.5vl:3b-q4_K_M,NO,0,True,1,58.378,
vsr_4db6abc78200,topological_containment,in the middle of,1,jetson-qwen2.5vl:3b-q4_K_M,NO,0,True,0,57.25,
vsr_b3198a86d610,topological_containment,in,0,jetson-qwen2.5vl:3b-q4_K_M,NO,0,True,1,59.53,
vsr_7506d06e11bb,topological_containment,contains,0,jetson-qwen2.5vl:3b-q4_K_M,NO,0,True,1,57.277,
vsr_de80d9aa9279,topological_containment,contains,1,jetson-qwen2.5vl:3b-q4_K_M,NO,0,True,0,56.992,
vsr_8f8a7ff727b0,topological_containment,outside,1,jetson-qwen2.5vl:3b-q4_K_M,YES,1,True,1,111.106,
vsr_24d149fb2826,topological_containment,contains,0,jetson-qwen2.5vl:3b-q4_K_M,NO,0,True,1,57.165,
vsr_253b8eb4d15e,topological_containment,part of,0,jetson-qwen2.5vl:3b-q4_K_M,NO,0,True,1,57.44,
vsr_48036d49e3fc,topological_containment,surrounding,0,jetson-qwen2.5vl:3b-q4_K_M,NO,0,True,1,58.995,
vsr_b836c348cbf5,topological_containment,in,0,jetson-qwen2.5vl:3b-q4_K_M,NO,0,True,1,57.102,
vsr_2ac00ffef125,topological_containment,contains,0,jetson-qwen2.5vl:3b-q4_K_M,NO,0,True,1,59.065,
vsr_ac4c29da9a68,topological_containment,at the edge of,0,jetson-qwen2.5vl:3b-q4_K_M,YES,1,True,0,56.957,
vsr_1ac5cf726760,topological_containment,into,1,jetson-qwen2.5vl:3b-q4_K_M,YES,1,True,1,57.461,
vsr_09c5d3ac54bd,topological_containment,contains,1,jetson-qwen2.5vl:3b-q4_K_M,YES,1,True,1,58.977,
vsr_90ace34c810a,topological_containment,surrounding,1,jetson-qwen2.5vl:3b-q4_K_M,YES,1,True,1,57.352,
vsr_b8856537da6e,topological_containment,in,1,jetson-qwen2.5vl:3b-q4_K_M,YES,1,True,1,58.562,
vsr_f3beeda77b67,topological_containment,at the edge of,0,jetson-qwen2.5vl:3b-q4_K_M,NO,0,True,1,57.507,
vsr_a6e3b5a9872c,topological_containment,in,0,jetson-qwen2.5vl:3b-q4_K_M,NO,0,True,1,57.165,
vsr_92e8b994212d,topological_containment,contains,1,jetson-qwen2.5vl:3b-q4_K_M,YES,1,True,1,57.545,
vsr_49b9f5b4f562,topological_containment,part of,0,jetson-qwen2.5vl:3b-q4_K_M,NO,0,True,1,56.54,
vsr_e0593e7853dd,topological_containment,into,1,jetson-qwen2.5vl:3b-q4_K_M,YES,1,True,1,58.241,
vsr_c02485dd9288,topological_containment,inside,0,jetson-qwen2.5vl:3b-q4_K_M,YES,1,True,0,57.113,
vsr_7438c6f92479,topological_containment,contains,0,jetson-qwen2.5vl:3b-q4_K_M,NO,0,True,1,57.965,
vsr_71d5ee3dbcec,topological_containment,in,1,jetson-qwen2.5vl:3b-q4_K_M,YES,1,True,1,57.289,
vsr_4ceb3625b429,topological_containment,inside,0,jetson-qwen2.5vl:3b-q4_K_M,NO,0,True,1,58.706,
vsr_93895e8ca957,topological_containment,in,0,jetson-qwen2.5vl:3b-q4_K_M,YES,1,True,0,58.751,
vsr_c7b1af49ab02,topological_containment,at the edge of,0,jetson-qwen2.5vl:3b-q4_K_M,NO,0,True,1,58.686,
vsr_5f7456e7762f,topological_containment,part of,0,jetson-qwen2.5vl:3b-q4_K_M,NO,0,True,1,56.953,
vsr_78f47994f1c9,topological_containment,contains,0,jetson-qwen2.5vl:3b-q4_K_M,NO,0,True,1,58.702,
vsr_44a5316975e1,topological_containment,within,1,jetson-qwen2.5vl:3b-q4_K_M,YES,1,True,1,57.476,
vsr_b9fd28e1904d,topological_containment,surrounding,0,jetson-qwen2.5vl:3b-q4_K_M,NO,0,True,1,58.154,
vsr_6e1e0720404b,topological_containment,inside,0,jetson-qwen2.5vl:3b-q4_K_M,NO,0,True,1,56.745,
vsr_2a9d3d8866c7,topological_containment,out of,1,jetson-qwen2.5vl:3b-q4_K_M,NO,0,True,0,57.28,
vsr_4e2ffd01a9fc,topological_containment,in the middle of,0,jetson-qwen2.5vl:3b-q4_K_M,NO,0,True,1,57.982,
vsr_da4b363702a8,topological_containment,has as a part,0,jetson-qwen2.5vl:3b-q4_K_M,NO,0,True,1,55.919,
vsr_0c21543c2b71,topological_containment,contains,0,jetson-qwen2.5vl:3b-q4_K_M,NO,0,True,1,58.773,
vsr_ebbe13b67ac2,topological_containment,contains,0,jetson-qwen2.5vl:3b-q4_K_M,NO,0,True,1,59.921,
vsr_cb49161576d9,topological_containment,into,1,jetson-qwen2.5vl:3b-q4_K_M,YES,1,True,1,57.036,
vsr_dc4f1fb9ea65,topological_containment,part of,1,jetson-qwen2.5vl:3b-q4_K_M,YES,1,True,1,57.203,
vsr_84823d33d552,topological_containment,at the edge of,0,jetson-qwen2.5vl:3b-q4_K_M,NO,0,True,1,57.941,
vsr_31ed5c2b67b3,topological_containment,in,1,jetson-qwen2.5vl:3b-q4_K_M,YES,1,True,1,57.588,
vsr_d75a25f76475,topological_containment,out of,0,jetson-qwen2.5vl:3b-q4_K_M,NO,0,True,1,57.297,
vsr_9233c13b7092,topological_containment,has as a part,0,jetson-qwen2.5vl:3b-q4_K_M,NO,0,True,1,58.707,
vsr_74a7d2bb2dfd,topological_containment,in,0,jetson-qwen2.5vl:3b-q4_K_M,NO,0,True,1,58.198,
vsr_ab45f23b6a60,topological_containment,at the edge of,1,jetson-qwen2.5vl:3b-q4_K_M,NO,0,True,0,56.388,
vsr_d64180da5626,topological_containment,at the edge of,1,jetson-qwen2.5vl:3b-q4_K_M,NO,0,True,0,56.814,
vsr_03fb3f0b2756,topological_containment,in,1,jetson-qwen2.5vl:3b-q4_K_M,YES,1,True,1,56.835,
vsr_ad08af57d85b,topological_containment,in,1,jetson-qwen2.5vl:3b-q4_K_M,YES,1,True,1,58.609,
vsr_948ae35fcf5d,topological_containment,inside,1,jetson-qwen2.5vl:3b-q4_K_M,NO,0,True,0,58.567,
vsr_c05014cc57c4,topological_containment,contains,1,jetson-qwen2.5vl:3b-q4_K_M,YES,1,True,1,58.583,
vsr_c295a630dc29,topological_containment,consists of,1,jetson-qwen2.5vl:3b-q4_K_M,YES,1,True,1,57.767,
vsr_108c83f02765,topological_containment,surrounding,1,jetson-qwen2.5vl:3b-q4_K_M,YES,1,True,1,58.752,
vsr_5cc83566c786,topological_containment,outside,0,jetson-qwen2.5vl:3b-q4_K_M,NO,0,True,1,57.5,
vsr_38589f906790,topological_containment,contains,1,jetson-qwen2.5vl:3b-q4_K_M,YES,1,True,1,57.281,
vsr_c1caa5650fea,topological_containment,contains,1,jetson-qwen2.5vl:3b-q4_K_M,YES,1,True,1,57.205,
vsr_05583f3b8670,topological_containment,contains,0,jetson-qwen2.5vl:3b-q4_K_M,YES,1,True,0,58.631,
vsr_a176e0725d4f,topological_containment,in,1,jetson-qwen2.5vl:3b-q4_K_M,YES,1,True,1,57.268,
vsr_a702580c6d13,topological_containment,in,1,jetson-qwen2.5vl:3b-q4_K_M,YES,1,True,1,57.363,
vsr_5e8c3b5250a3,topological_containment,in the middle of,1,jetson-qwen2.5vl:3b-q4_K_M,NO,0,True,0,58.356,
vsr_b6904901db88,topological_containment,enclosed by,1,jetson-qwen2.5vl:3b-q4_K_M,YES,1,True,1,59.184,
vsr_7deabb179096,topological_containment,in the middle of,0,jetson-qwen2.5vl:3b-q4_K_M,NO,0,True,1,59.093,
vsr_9f5c0aeae3ba,topological_containment,inside,0,jetson-qwen2.5vl:3b-q4_K_M,NO,0,True,1,59.214,
vsr_423ddca5c5bd,topological_containment,surrounding,1,jetson-qwen2.5vl:3b-q4_K_M,YES,1,True,1,57.123,
vsr_a288c153a4c9,topological_containment,in,0,jetson-qwen2.5vl:3b-q4_K_M,NO,0,True,1,57.616,
vsr_957466193b0c,topological_containment,part of,0,jetson-qwen2.5vl:3b-q4_K_M,NO,0,True,1,58.367,
vsr_547610268426,topological_containment,inside,0,jetson-qwen2.5vl:3b-q4_K_M,NO,0,True,1,56.829,
vsr_a9fe7a4b2bb5,topological_containment,at the edge of,0,jetson-qwen2.5vl:3b-q4_K_M,NO,0,True,1,57.422,
vsr_4197f22c1aaa,topological_containment,inside,0,jetson-qwen2.5vl:3b-q4_K_M,NO,0,True,1,59.637,
vsr_3d3d216eceb7,topological_containment,in,1,jetson-qwen2.5vl:3b-q4_K_M,YES,1,True,1,59.222,
vsr_84062b344991,topological_containment,in,1,jetson-qwen2.5vl:3b-q4_K_M,YES,1,True,1,58.659,
vsr_34402954d0a8,topological_containment,in,1,jetson-qwen2.5vl:3b-q4_K_M,YES,1,True,1,57.057,
vsr_b02762b200b3,topological_containment,part of,0,jetson-qwen2.5vl:3b-q4_K_M,NO,0,True,1,58.34,
vsr_b3748187b9f3,topological_containment,in,1,jetson-qwen2.5vl:3b-q4_K_M,YES,1,True,1,58.286,
vsr_31a7fd13ada5,topological_containment,surrounding,1,jetson-qwen2.5vl:3b-q4_K_M,YES,1,True,1,57.003,
vsr_753e25f3c24a,topological_containment,at the edge of,1,jetson-qwen2.5vl:3b-q4_K_M,YES,1,True,1,58.882,
vsr_a51f5f668497,topological_containment,inside,1,jetson-qwen2.5vl:3b-q4_K_M,YES,1,True,1,56.925,
vsr_17f735b5d49a,topological_containment,contains,1,jetson-qwen2.5vl:3b-q4_K_M,YES,1,True,1,57.012,
vsr_1020871e891e,topological_containment,contains,1,jetson-qwen2.5vl:3b-q4_K_M,YES,1,True,1,57.318,
vsr_f839a960aa8b,topological_containment,at the edge of,1,jetson-qwen2.5vl:3b-q4_K_M,NO,0,True,0,57.017,
vsr_815405f6f48c,topological_containment,inside,1,jetson-qwen2.5vl:3b-q4_K_M,YES,1,True,1,59.238,
vsr_81e2e0bbdee7,topological_containment,inside,0,jetson-qwen2.5vl:3b-q4_K_M,NO,0,True,1,57.263,
vsr_e8d9d3543248,topological_containment,in the middle of,1,jetson-qwen2.5vl:3b-q4_K_M,YES,1,True,1,57.109,
vsr_614bdad6e4f7,topological_containment,in,1,jetson-qwen2.5vl:3b-q4_K_M,YES,1,True,1,57.315,
vsr_c800fb46ef3e,topological_containment,in,1,jetson-qwen2.5vl:3b-q4_K_M,YES,1,True,1,58.748,
vsr_b6ca741808c5,topological_containment,in,1,jetson-qwen2.5vl:3b-q4_K_M,YES,1,True,1,57.162,
vsr_cbf08550733d,topological_containment,contains,1,jetson-qwen2.5vl:3b-q4_K_M,YES,1,True,1,109.496,
vsr_1afaabf69432,topological_containment,inside,0,jetson-qwen2.5vl:3b-q4_K_M,NO,0,True,1,56.465,
vsr_c57542086e39,topological_containment,has as a part,1,jetson-qwen2.5vl:3b-q4_K_M,NO,0,True,0,57.639,
vsr_94759c965ead,topological_containment,has as a part,1,jetson-qwen2.5vl:3b-q4_K_M,YES,1,True,1,57.119,
vsr_984ce1ccbcb2,topological_containment,inside,0,jetson-qwen2.5vl:3b-q4_K_M,NO,0,True,1,57.275,
vsr_18ff59446c3b,topological_containment,into,0,jetson-qwen2.5vl:3b-q4_K_M,NO,0,True,1,57.393,
vsr_9bc055c6bfb0,topological_containment,at the edge of,1,jetson-qwen2.5vl:3b-q4_K_M,YES,1,True,1,59.347,
vsr_95ce9c9b024e,topological_containment,at the edge of,0,jetson-qwen2.5vl:3b-q4_K_M,NO,0,True,1,58.148,
vsr_5c4216f96e3e,topological_containment,inside,0,jetson-qwen2.5vl:3b-q4_K_M,NO,0,True,1,56.751,
vsr_ba16de9a5919,topological_containment,inside,0,jetson-qwen2.5vl:3b-q4_K_M,NO,0,True,1,58.126,
vsr_8fdb150f21a1,topological_containment,in,1,jetson-qwen2.5vl:3b-q4_K_M,YES,1,True,1,59.282,
vsr_005f1ea9c69c,topological_containment,inside,0,jetson-qwen2.5vl:3b-q4_K_M,YES,1,True,0,56.129,
vsr_921cb370aa4b,topological_containment,in,0,jetson-qwen2.5vl:3b-q4_K_M,NO,0,True,1,57.446,
vsr_8c6f0df6b87a,topological_containment,part of,1,jetson-qwen2.5vl:3b-q4_K_M,NO,0,True,0,59.269,
vsr_9f4f3a701071,topological_containment,contains,0,jetson-qwen2.5vl:3b-q4_K_M,NO,0,True,1,57.453,
vsr_e89ede1bc5b5,topological_containment,in the middle of,1,jetson-qwen2.5vl:3b-q4_K_M,YES,1,True,1,59.378,
vsr_20c0173ae7ac,topological_containment,consists of,1,jetson-qwen2.5vl:3b-q4_K_M,NO,0,True,0,58.174,
vsr_04a9aa01605b,topological_containment,in,1,jetson-qwen2.5vl:3b-q4_K_M,YES,1,True,1,57.38,
vsr_8311313e1e61,topological_containment,in the middle of,0,jetson-qwen2.5vl:3b-q4_K_M,NO,0,True,1,58.774,
vsr_3969cb225a27,topological_containment,part of,1,jetson-qwen2.5vl:3b-q4_K_M,YES,1,True,1,59.021,
vsr_8d3423aa49f9,topological_containment,contains,0,jetson-qwen2.5vl:3b-q4_K_M,NO,0,True,1,57.346,
vsr_73fb6b78113a,topological_containment,inside,0,jetson-qwen2.5vl:3b-q4_K_M,NO,0,True,1,57.317,
vsr_766ea2f0ad1a,topological_containment,in the middle of,1,jetson-qwen2.5vl:3b-q4_K_M,NO,0,True,0,59.227,
vsr_d7d5c68ae1ec,topological_containment,at the edge of,1,jetson-qwen2.5vl:3b-q4_K_M,NO,0,True,0,57.39,
vsr_65f2f33f10bb,topological_containment,contains,1,jetson-qwen2.5vl:3b-q4_K_M,YES,1,True,1,58.849,
vsr_05e69dc0e871,topological_containment,at the edge of,1,jetson-qwen2.5vl:3b-q4_K_M,NO,0,True,0,56.028,
vsr_22bec5fe5721,topological_containment,at the edge of,0,jetson-qwen2.5vl:3b-q4_K_M,NO,0,True,1,55.998,
vsr_70a24baa4d5e,topological_containment,in,0,jetson-qwen2.5vl:3b-q4_K_M,NO,0,True,1,58.851,
vsr_aa0794dfd6b7,topological_containment,part of,0,jetson-qwen2.5vl:3b-q4_K_M,NO,0,True,1,57.429,
vsr_a1b23e51f675,topological_containment,inside,0,jetson-qwen2.5vl:3b-q4_K_M,NO,0,True,1,57.568,
vsr_bcfd4ef9b14b,topological_containment,consists of,0,jetson-qwen2.5vl:3b-q4_K_M,NO,0,True,1,59.483,
vsr_f1ab9143efd4,topological_containment,in,0,jetson-qwen2.5vl:3b-q4_K_M,NO,0,True,1,57.411,
vsr_70c673f2b30d,topological_containment,in,0,jetson-qwen2.5vl:3b-q4_K_M,NO,0,True,1,56.004,
vsr_8c4966bc059d,topological_containment,contains,0,jetson-qwen2.5vl:3b-q4_K_M,NO,0,True,1,57.184,
vsr_550c1bab9c76,topological_containment,inside,0,jetson-qwen2.5vl:3b-q4_K_M,NO,0,True,1,59.73,
vsr_8e2520013004,topological_containment,surrounding,1,jetson-qwen2.5vl:3b-q4_K_M,YES,1,True,1,57.568,
vsr_1735c3df3ce1,topological_containment,contains,1,jetson-qwen2.5vl:3b-q4_K_M,YES,1,True,1,57.598,
vsr_afa55a896120,topological_containment,into,0,jetson-qwen2.5vl:3b-q4_K_M,NO,0,True,1,57.148,
vsr_34fc6dbd2c24,topological_containment,in,1,jetson-qwen2.5vl:3b-q4_K_M,YES,1,True,1,57.38,
vsr_9134bffac467,topological_containment,in the middle of,1,jetson-qwen2.5vl:3b-q4_K_M,YES,1,True,1,55.879,
vsr_e2b2dd53eb9c,topological_containment,in,0,jetson-qwen2.5vl:3b-q4_K_M,NO,0,True,1,59.043,
vsr_a684712ea9a2,topological_containment,inside,0,jetson-qwen2.5vl:3b-q4_K_M,NO,0,True,1,59.32,
vsr_0db07bf8ab79,topological_containment,inside,1,jetson-qwen2.5vl:3b-q4_K_M,YES,1,True,1,57.398,
vsr_480137729819,topological_containment,at the edge of,1,jetson-qwen2.5vl:3b-q4_K_M,YES,1,True,1,57.573,
vsr_7ec265d64501,topological_containment,at the edge of,0,jetson-qwen2.5vl:3b-q4_K_M,NO,0,True,1,58.204,
vsr_365afcd4631a,topological_containment,contains,0,jetson-qwen2.5vl:3b-q4_K_M,NO,0,True,1,57.592,
vsr_4f4867a8512e,topological_containment,outside,0,jetson-qwen2.5vl:3b-q4_K_M,NO,0,True,1,56.013,
vsr_725ba1c635dd,topological_containment,surrounding,0,jetson-qwen2.5vl:3b-q4_K_M,NO,0,True,1,58.762,
vsr_dc036f5407cf,topological_containment,inside,0,jetson-qwen2.5vl:3b-q4_K_M,NO,0,True,1,56.857,
vsr_4baa43ac8a3d,topological_containment,contains,0,jetson-qwen2.5vl:3b-q4_K_M,NO,0,True,1,58.573,
vsr_ca72dd1ce00d,topological_containment,inside,0,jetson-qwen2.5vl:3b-q4_K_M,NO,0,True,1,58.648,
vsr_f946742729d1,topological_containment,surrounding,0,jetson-qwen2.5vl:3b-q4_K_M,NO,0,True,1,57.36,
vsr_2a9ad253afff,topological_containment,contains,1,jetson-qwen2.5vl:3b-q4_K_M,YES,1,True,1,57.01,
vsr_f7afbc44d484,topological_containment,inside,1,jetson-qwen2.5vl:3b-q4_K_M,YES,1,True,1,58.601,
vsr_05b219feb4a7,topological_containment,part of,0,jetson-qwen2.5vl:3b-q4_K_M,NO,0,True,1,58.684,
vsr_d2f0c3717683,topological_containment,in the middle of,0,jetson-qwen2.5vl:3b-q4_K_M,YES,1,True,0,57.088,
vsr_a560dcc97293,topological_containment,at the edge of,0,jetson-qwen2.5vl:3b-q4_K_M,NO,0,True,1,57.793,
vsr_2550626c60c4,topological_containment,part of,0,jetson-qwen2.5vl:3b-q4_K_M,NO,0,True,1,57.043,
vsr_bd7f8d7214f1,topological_containment,contains,0,jetson-qwen2.5vl:3b-q4_K_M,NO,0,True,1,55.622,
vsr_04616385ce35,topological_containment,contains,0,jetson-qwen2.5vl:3b-q4_K_M,NO,0,True,1,57.066,
vsr_069d006540ce,topological_containment,in,1,jetson-qwen2.5vl:3b-q4_K_M,YES,1,True,1,57.311,
vsr_534b25bada23,topological_containment,inside,0,jetson-qwen2.5vl:3b-q4_K_M,NO,0,True,1,57.79,
vsr_fadfc0f85c60,topological_containment,contains,0,jetson-qwen2.5vl:3b-q4_K_M,NO,0,True,1,56.917,
vsr_036cd745d8dd,topological_containment,in,1,jetson-qwen2.5vl:3b-q4_K_M,YES,1,True,1,57.28,
vsr_bf4355f538a2,topological_containment,at the edge of,1,jetson-qwen2.5vl:3b-q4_K_M,YES,1,True,1,58.86,
vsr_5c44eddac027,topological_containment,at the edge of,1,jetson-qwen2.5vl:3b-q4_K_M,YES,1,True,1,58.877,
vsr_faf120e989a1,topological_containment,in,0,jetson-qwen2.5vl:3b-q4_K_M,NO,0,True,1,57.226,
vsr_e21c3d32ec85,topological_containment,contains,0,jetson-qwen2.5vl:3b-q4_K_M,NO,0,True,1,57.54,
vsr_72af8dc48098,topological_containment,contains,1,jetson-qwen2.5vl:3b-q4_K_M,YES,1,True,1,1.134,
vsr_9e86ab35053d,topological_containment,at the edge of,0,jetson-qwen2.5vl:3b-q4_K_M,NO,0,True,1,57.295,
vsr_152c3d258734,topological_containment,contains,0,jetson-qwen2.5vl:3b-q4_K_M,NO,0,True,1,59.659,
vsr_62b90e56509f,topological_containment,consists of,0,jetson-qwen2.5vl:3b-q4_K_M,NO,0,True,1,57.096,
vsr_35b4c28ef1f3,topological_containment,contains,1,jetson-qwen2.5vl:3b-q4_K_M,YES,1,True,1,57.128,
vsr_9066588f5002,topological_containment,contains,1,jetson-qwen2.5vl:3b-q4_K_M,YES,1,True,1,57.255,
vsr_ed86d706f9ee,topological_containment,contains,1,jetson-qwen2.5vl:3b-q4_K_M,YES,1,True,1,56.58,
vsr_16a2a9a3ca88,topological_containment,at the edge of,1,jetson-qwen2.5vl:3b-q4_K_M,NO,0,True,0,57.346,
vsr_d3f67cc718dc,topological_containment,at the edge of,1,jetson-qwen2.5vl:3b-q4_K_M,YES,1,True,1,59.362,
vsr_996c3790cd43,topological_containment,in,1,jetson-qwen2.5vl:3b-q4_K_M,YES,1,True,1,57.615,
vsr_ce6ee4c5623c,topological_containment,inside,0,jetson-qwen2.5vl:3b-q4_K_M,NO,0,True,1,1.069,
vsr_fbe52a74e6c1,topological_containment,part of,1,jetson-qwen2.5vl:3b-q4_K_M,YES,1,True,1,59.046,
vsr_a6fa0f85f17c,topological_containment,at the edge of,1,jetson-qwen2.5vl:3b-q4_K_M,NO,0,True,0,109.288,
vsr_608f2e782656,topological_containment,part of,1,jetson-qwen2.5vl:3b-q4_K_M,YES,1,True,1,57.409,
vsr_4120b7049775,topological_containment,contains,1,jetson-qwen2.5vl:3b-q4_K_M,YES,1,True,1,110.319,
vsr_6c91f6970dc7,topological_containment,inside,1,jetson-qwen2.5vl:3b-q4_K_M,YES,1,True,1,59.235,
vsr_2ce25f4bfc4a,topological_containment,consists of,0,jetson-qwen2.5vl:3b-q4_K_M,NO,0,True,1,59.053,
vsr_2b3653a71d06,topological_containment,at the edge of,1,jetson-qwen2.5vl:3b-q4_K_M,YES,1,True,1,57.685,
vsr_fb53f97263be,topological_containment,into,0,jetson-qwen2.5vl:3b-q4_K_M,NO,0,True,1,58.869,
vsr_b78b7c34c783,topological_containment,contains,0,jetson-qwen2.5vl:3b-q4_K_M,NO,0,True,1,59.092,
vsr_041ac90b1462,topological_containment,in,0,jetson-qwen2.5vl:3b-q4_K_M,NO,0,True,1,58.876,
vsr_fc56d65f18c7,topological_containment,part of,1,jetson-qwen2.5vl:3b-q4_K_M,YES,1,True,1,57.411,
vsr_b9cb0ccaea00,topological_containment,surrounding,1,jetson-qwen2.5vl:3b-q4_K_M,NO,0,True,0,57.517,
vsr_d3ee67504dd8,topological_containment,consists of,1,jetson-qwen2.5vl:3b-q4_K_M,YES,1,True,1,57.482,
vsr_49626dfc9a1b,topological_containment,contains,0,jetson-qwen2.5vl:3b-q4_K_M,NO,0,True,1,57.059,
vsr_f96e79f7a117,topological_containment,outside,0,jetson-qwen2.5vl:3b-q4_K_M,NO,0,True,1,59.263,
vsr_48ec97f50d47,topological_containment,surrounding,0,jetson-qwen2.5vl:3b-q4_K_M,NO,0,True,1,57.16,
vsr_3c2ead50180e,topological_containment,in the middle of,0,jetson-qwen2.5vl:3b-q4_K_M,YES,1,True,0,57.47,
vsr_78ea7ae850bd,topological_containment,contains,0,jetson-qwen2.5vl:3b-q4_K_M,NO,0,True,1,59.336,
vsr_8306720a38af,topological_containment,contains,1,jetson-qwen2.5vl:3b-q4_K_M,YES,1,True,1,57.231,
vsr_e8de49f3c5db,topological_containment,in,1,jetson-qwen2.5vl:3b-q4_K_M,NO,0,True,0,58.894,
vsr_77a96515fe9b,topological_containment,enclosed by,1,jetson-qwen2.5vl:3b-q4_K_M,NO,0,True,0,58.141,
vsr_a5a6c3b7439c,topological_containment,enclosed by,1,jetson-qwen2.5vl:3b-q4_K_M,YES,1,True,1,59.02,
vsr_29e7a8a895f9,topological_containment,at the edge of,1,jetson-qwen2.5vl:3b-q4_K_M,YES,1,True,1,57.47,
vsr_45e4fae1845b,topological_containment,has as a part,0,jetson-qwen2.5vl:3b-q4_K_M,NO,0,True,1,59.381,
vsr_d95bb032da39,topological_containment,at the edge of,0,jetson-qwen2.5vl:3b-q4_K_M,YES,1,True,0,59.519,
vsr_8e196afbd630,topological_containment,contains,1,jetson-qwen2.5vl:3b-q4_K_M,YES,1,True,1,57.108,
vsr_4862ff72b003,topological_containment,part of,1,jetson-qwen2.5vl:3b-q4_K_M,YES,1,True,1,57.495,
vsr_3f1eed2d365d,topological_containment,in the middle of,0,jetson-qwen2.5vl:3b-q4_K_M,NO,0,True,1,57.467,
vsr_f4f98d5ae3ff,topological_containment,contains,1,jetson-qwen2.5vl:3b-q4_K_M,YES,1,True,1,57.465,
vsr_cd3d139cbf50,topological_containment,contains,1,jetson-qwen2.5vl:3b-q4_K_M,YES,1,True,1,58.705,
vsr_65ea06308c5b,topological_containment,contains,0,jetson-qwen2.5vl:3b-q4_K_M,NO,0,True,1,57.42,
vsr_066d0600d3e4,topological_containment,at the edge of,0,jetson-qwen2.5vl:3b-q4_K_M,NO,0,True,1,59.235,
vsr_372768d86cac,topological_containment,part of,0,jetson-qwen2.5vl:3b-q4_K_M,NO,0,True,1,56.602,
vsr_0f6235b9d948,topological_containment,contains,0,jetson-qwen2.5vl:3b-q4_K_M,NO,0,True,1,58.203,
vsr_2329f56fe01f,topological_containment,outside,1,jetson-qwen2.5vl:3b-q4_K_M,YES,1,True,1,57.086,
vsr_ce0f2459ca7f,topological_containment,inside,0,jetson-qwen2.5vl:3b-q4_K_M,NO,0,True,1,55.838,
vsr_8ae434ce2d9b,topological_containment,surrounding,1,jetson-qwen2.5vl:3b-q4_K_M,YES,1,True,1,57.123,
vsr_0383212161a2,topological_containment,in,1,jetson-qwen2.5vl:3b-q4_K_M,YES,1,True,1,58.96,
vsr_3a70da71659d,topological_containment,inside,1,jetson-qwen2.5vl:3b-q4_K_M,YES,1,True,1,58.12,
vsr_e772dc273d47,topological_containment,contains,1,jetson-qwen2.5vl:3b-q4_K_M,YES,1,True,1,58.278,
vsr_5e38272f5802,topological_containment,in,1,jetson-qwen2.5vl:3b-q4_K_M,YES,1,True,1,57.357,
vsr_b5bc32ed7d42,topological_containment,inside,0,jetson-qwen2.5vl:3b-q4_K_M,NO,0,True,1,57.207,
vsr_b893570fe46d,topological_containment,inside,1,jetson-qwen2.5vl:3b-q4_K_M,YES,1,True,1,58.895,
vsr_124985514b7c,topological_containment,has as a part,0,jetson-qwen2.5vl:3b-q4_K_M,NO,0,True,1,59.121,
vsr_2953a20a48ec,topological_containment,part of,0,jetson-qwen2.5vl:3b-q4_K_M,NO,0,True,1,57.015,
vsr_d14294da07a9,topological_containment,in,0,jetson-qwen2.5vl:3b-q4_K_M,NO,0,True,1,57.312,
vsr_6eb7917c7bd8,topological_containment,within,1,jetson-qwen2.5vl:3b-q4_K_M,YES,1,True,1,57.232,
vsr_4a27c7c7f92a,topological_containment,at the edge of,0,jetson-qwen2.5vl:3b-q4_K_M,NO,0,True,1,57.415,
vsr_bb0301b00285,topological_containment,in,0,jetson-qwen2.5vl:3b-q4_K_M,NO,0,True,1,56.501,
vsr_5d4991d8d679,topological_containment,part of,0,jetson-qwen2.5vl:3b-q4_K_M,NO,0,True,1,57.485,
vsr_cd3eb00c9c56,topological_containment,in the middle of,1,jetson-qwen2.5vl:3b-q4_K_M,NO,0,True,0,57.297,
vsr_0ba204b57330,topological_containment,at the edge of,0,jetson-qwen2.5vl:3b-q4_K_M,NO,0,True,1,57.151,
vsr_b08dd58569e2,topological_containment,contains,0,jetson-qwen2.5vl:3b-q4_K_M,YES,1,True,0,55.775,
vsr_46e6cecdcbb8,topological_containment,at the edge of,1,jetson-qwen2.5vl:3b-q4_K_M,YES,1,True,1,57.578,
vsr_ebf00d1d3824,topological_containment,inside,0,jetson-qwen2.5vl:3b-q4_K_M,NO,0,True,1,58.798,
vsr_31ef2fdb0e92,topological_containment,in,1,jetson-qwen2.5vl:3b-q4_K_M,YES,1,True,1,57.09,
vsr_9b84c663fc73,topological_containment,surrounding,1,jetson-qwen2.5vl:3b-q4_K_M,YES,1,True,1,56.902,
vsr_8318165b8062,topological_containment,contains,1,jetson-qwen2.5vl:3b-q4_K_M,YES,1,True,1,56.848,
vsr_41f8fffede7c,topological_containment,within,0,jetson-qwen2.5vl:3b-q4_K_M,NO,0,True,1,57.045,
vsr_7bb6ee557ae8,topological_containment,within,0,jetson-qwen2.5vl:3b-q4_K_M,NO,0,True,1,59.403,
vsr_e06ed2ac4317,topological_containment,part of,0,jetson-qwen2.5vl:3b-q4_K_M,NO,0,True,1,57.254,
vsr_85751cf33a08,topological_containment,in,0,jetson-qwen2.5vl:3b-q4_K_M,NO,0,True,1,58.303,
vsr_a9431a112ad2,topological_containment,contains,0,jetson-qwen2.5vl:3b-q4_K_M,NO,0,True,1,55.999,
vsr_87f2f74f34af,topological_containment,in the middle of,0,jetson-qwen2.5vl:3b-q4_K_M,NO,0,True,1,57.379,
vsr_11468aded19b,topological_containment,contains,0,jetson-qwen2.5vl:3b-q4_K_M,NO,0,True,1,55.819,
vsr_21814a1a1ffb,topological_containment,contains,1,jetson-qwen2.5vl:3b-q4_K_M,YES,1,True,1,59.085,
vsr_2543dc6711f8,topological_containment,into,1,jetson-qwen2.5vl:3b-q4_K_M,YES,1,True,1,57.372,
vsr_e1b839cc8543,topological_containment,contains,1,jetson-qwen2.5vl:3b-q4_K_M,YES,1,True,1,57.349,
vsr_69fd15e623d6,topological_containment,in,1,jetson-qwen2.5vl:3b-q4_K_M,YES,1,True,1,57.396,
vsr_e8a65953bbe5,topological_containment,part of,1,jetson-qwen2.5vl:3b-q4_K_M,NO,0,True,0,59.159,
vsr_e69c9538eeb1,topological_containment,in,1,jetson-qwen2.5vl:3b-q4_K_M,YES,1,True,1,58.359,
vsr_ddf84c62f0d4,topological_containment,part of,1,jetson-qwen2.5vl:3b-q4_K_M,YES,1,True,1,58.788,
vsr_c1b161541929,topological_containment,contains,1,jetson-qwen2.5vl:3b-q4_K_M,YES,1,True,1,57.405,
vsr_a6da30a98100,topological_containment,contains,1,jetson-qwen2.5vl:3b-q4_K_M,YES,1,True,1,56.426,
vsr_757cd5ed8243,topological_containment,contains,1,jetson-qwen2.5vl:3b-q4_K_M,YES,1,True,1,1.15,
vsr_1c44e1ed7200,topological_containment,at the edge of,1,jetson-qwen2.5vl:3b-q4_K_M,YES,1,True,1,56.511,
vsr_2a71a5ac2a7e,topological_containment,part of,0,jetson-qwen2.5vl:3b-q4_K_M,NO,0,True,1,58.898,
vsr_0ac9dc32de6e,topological_containment,in,1,jetson-qwen2.5vl:3b-q4_K_M,YES,1,True,1,57.096,
vsr_0e73ef2a124e,topological_containment,in,0,jetson-qwen2.5vl:3b-q4_K_M,NO,0,True,1,60.31,
vsr_f5834ee26575,topological_containment,at the edge of,0,jetson-qwen2.5vl:3b-q4_K_M,NO,0,True,1,57.388,
vsr_b5ae1ee60beb,topological_containment,inside,1,jetson-qwen2.5vl:3b-q4_K_M,NO,0,True,0,55.805,
vsr_ae0b767bde90,topological_containment,at the edge of,1,jetson-qwen2.5vl:3b-q4_K_M,NO,0,True,0,110.932,
vsr_714cb5893c2e,topological_containment,outside,0,jetson-qwen2.5vl:3b-q4_K_M,NO,0,True,1,56.992,
vsr_591d64fe2342,topological_containment,contains,1,jetson-qwen2.5vl:3b-q4_K_M,YES,1,True,1,57.447,
vsr_56b6978773d2,topological_containment,consists of,1,jetson-qwen2.5vl:3b-q4_K_M,YES,1,True,1,57.196,
vsr_3e8fc71d5e53,topological_containment,at the edge of,0,jetson-qwen2.5vl:3b-q4_K_M,NO,0,True,1,59.227,
vsr_11c8869ac9f7,topological_containment,inside,0,jetson-qwen2.5vl:3b-q4_K_M,NO,0,True,1,57.253,
vsr_fc070284e8cc,topological_containment,part of,0,jetson-qwen2.5vl:3b-q4_K_M,NO,0,True,1,58.653,
vsr_3d974fd52767,topological_containment,in,1,jetson-qwen2.5vl:3b-q4_K_M,NO,0,True,0,57.563,
vsr_cc9ab04b309b,topological_containment,consists of,0,jetson-qwen2.5vl:3b-q4_K_M,NO,0,True,1,57.573,
vsr_4b96687ec2a8,topological_containment,surrounding,1,jetson-qwen2.5vl:3b-q4_K_M,YES,1,True,1,57.542,
vsr_4e55d2891b45,topological_containment,at the edge of,0,jetson-qwen2.5vl:3b-q4_K_M,NO,0,True,1,58.994,
vsr_8728a8e73f33,topological_containment,in,0,jetson-qwen2.5vl:3b-q4_K_M,NO,0,True,1,58.572,
vsr_0c16bcea4da8,topological_containment,contains,1,jetson-qwen2.5vl:3b-q4_K_M,YES,1,True,1,58.958,
vsr_93e78f116b37,topological_containment,inside,0,jetson-qwen2.5vl:3b-q4_K_M,NO,0,True,1,58.978,
vsr_b98d14746e3f,topological_containment,contains,1,jetson-qwen2.5vl:3b-q4_K_M,YES,1,True,1,57.947,
vsr_1b815fdba022,topological_containment,in,1,jetson-qwen2.5vl:3b-q4_K_M,YES,1,True,1,59.301,
vsr_742e72e784ce,topological_containment,at the edge of,1,jetson-qwen2.5vl:3b-q4_K_M,NO,0,True,0,58.817,
vsr_93b63ce47bbe,topological_containment,in the middle of,1,jetson-qwen2.5vl:3b-q4_K_M,YES,1,True,1,59.303,
vsr_1cbcdc377c27,topological_containment,contains,1,jetson-qwen2.5vl:3b-q4_K_M,YES,1,True,1,57.524,
vsr_35246d876b02,topological_containment,contains,0,jetson-qwen2.5vl:3b-q4_K_M,NO,0,True,1,55.894,
vsr_50390b35cd3d,topological_containment,has as a part,0,jetson-qwen2.5vl:3b-q4_K_M,NO,0,True,1,57.056,
vsr_0c3e175265c8,topological_containment,in,0,jetson-qwen2.5vl:3b-q4_K_M,NO,0,True,1,58.835,
vsr_a63053e97c10,topological_containment,in the middle of,0,jetson-qwen2.5vl:3b-q4_K_M,YES,1,True,0,58.714,
vsr_515d4744ccf1,topological_containment,in,0,jetson-qwen2.5vl:3b-q4_K_M,NO,0,True,1,55.995,
vsr_81d3c4eb3351,topological_containment,contains,0,jetson-qwen2.5vl:3b-q4_K_M,NO,0,True,1,58.088,
vsr_663b561630f5,topological_containment,inside,1,jetson-qwen2.5vl:3b-q4_K_M,YES,1,True,1,58.984,
vsr_5c6cad567e69,topological_containment,at the edge of,1,jetson-qwen2.5vl:3b-q4_K_M,NO,0,True,0,56.985,
vsr_9f7aaafa5936,topological_containment,inside,0,jetson-qwen2.5vl:3b-q4_K_M,NO,0,True,1,56.955,
vsr_773888a6bb09,topological_containment,inside,0,jetson-qwen2.5vl:3b-q4_K_M,NO,0,True,1,57.174,
vsr_4787b344797d,topological_containment,surrounding,1,jetson-qwen2.5vl:3b-q4_K_M,YES,1,True,1,57.14,
vsr_36e330b9608f,topological_containment,at the edge of,0,jetson-qwen2.5vl:3b-q4_K_M,NO,0,True,1,57.204,
vsr_385a2c2e8ba6,topological_containment,contains,0,jetson-qwen2.5vl:3b-q4_K_M,NO,0,True,1,57.166,
vsr_f16778a1c5aa,topological_containment,inside,0,jetson-qwen2.5vl:3b-q4_K_M,NO,0,True,1,57.46,
vsr_e82d105baf06,topological_containment,inside,0,jetson-qwen2.5vl:3b-q4_K_M,NO,0,True,1,58.703,
vsr_48124072ba5b,topological_containment,in,1,jetson-qwen2.5vl:3b-q4_K_M,YES,1,True,1,57.353,
vsr_e562123b59bd,topological_containment,inside,0,jetson-qwen2.5vl:3b-q4_K_M,NO,0,True,1,55.902,
vsr_f21761ade055,topological_containment,contains,1,jetson-qwen2.5vl:3b-q4_K_M,YES,1,True,1,58.234,
vsr_403d37ca1545,topological_containment,in,1,jetson-qwen2.5vl:3b-q4_K_M,YES,1,True,1,58.005,
vsr_51e2db7a8e4d,topological_containment,part of,0,jetson-qwen2.5vl:3b-q4_K_M,NO,0,True,1,110.728,
vsr_1bac45beac6a,topological_containment,inside,1,jetson-qwen2.5vl:3b-q4_K_M,NO,0,True,0,56.53,
